2017,1,1,1,0,-6.8,925.7,4.9,43,76.8,444
2017,1,1,1,100,-7.1,925.4,4.9,51,80,444
2017,1,1,1,200,-7.4,925.3,4.5,39,82,444
2017,1,1,1,300,-6.9,925.1,4.4,35,80,444
2017,1,1,1,400,-6.7,925.1,4.6,25,78,444
2017,1,1,1,500,-7.2,925,3.7,22,81.6,444
2017,1,1,1,600,-7.4,925.1,3.2,11,82,444
2017,1,1,1,700,-7.7,925.2,3.1,26,84,444
2017,1,1,1,800,-7.5,925.4,2.9,356,83,444
2017,1,1,1,900,-7.1,925.3,2.5,3,82,444
2017,1,1,1,1000,-6.8,925.7,2.7,345,84.4,444
2017,1,1,1,1100,-6.4,925.9,2.9,332,88,444
2017,1,1,1,1200,-6.5,926,2.4,348,87,444
2017,1,1,1,1300,-5.3,926.2,3.9,323,86,444
2017,1,1,1,1400,-5.8,926.4,3.4,338,87,444
2017,1,1,1,1500,-5.4,926.4,3.4,320,87.6,444
2017,1,1,1,1600,-6.6,926.6,3.3,328,88,444
2017,1,1,1,1700,-5.2,926.6,2.9,343,84,444
2017,1,1,1,1800,-4.1,926.7,4,331,87,444
2017,1,1,1,1900,-2.8,926.6,3.1,4,84,444
2017,1,1,1,2000,-2.1,926.6,5.4,345,85,444
2017,1,1,1,2100,-2.2,926.4,4.8,345,86,444
2017,1,1,1,2200,-1.3,926.1,4.3,6,84,444
2017,1,1,1,2300,-0.8,925.5,4.8,15,87,444
2017,2,1,2,0,-0.6,924.8,5.8,28,85,444
2017,2,1,2,100,-1,923.9,6.1,42,84,444
2017,2,1,2,200,-2,922.4,6,53,81,444
2017,2,1,2,300,-2.3,922,6.5,52,83,444
2017,2,1,2,400,-2.6,920.9,6.7,52,84,444
2017,2,1,2,500,-2.8,919.9,6.6,47,84,444
2017,2,1,2,600,-3.8,919.1,5.2,51,85,444
2017,2,1,2,700,-3.2,918.7,5.3,26,84,444
2017,2,1,2,800,-3.3,918.2,6.3,6,85,444
2017,2,1,2,900,-2.6,917.7,6,4,87,444
2017,2,1,2,1000,-2.9,917.2,6,359,87,444
2017,2,1,2,1100,-2.5,917.2,6.2,345,86,444
2017,2,1,2,1200,-1.5,917.3,6.7,338,85,444
2017,2,1,2,1300,-1,916.8,6.6,342,86,444
2017,2,1,2,1400,-1,916.8,6.1,344,85.4,444
2017,2,1,2,1500,-0.9,916.6,6.5,344,86,444
2017,2,1,2,1600,-0.4,916.3,6.1,349,86,444
2017,2,1,2,1700,-0.1,916,6,337,86.2,444
2017,2,1,2,1800,0,915.7,5,342,85,444
2017,2,1,2,1900,0,915.2,4.1,356,81.6,444
2017,2,1,2,2000,0,915.3,5.3,357,83,444
2017,2,1,2,2100,0.5,914.5,4.5,8,84,444
2017,2,1,2,2200,1.8,914.5,6.5,336,83,444
2017,2,1,2,2300,1.3,914.4,7.5,330,86,444
2017,3,1,3,0,0.2,914.6,7,314,89,444
2017,3,1,3,100,0.3,914.3,7.2,339,88,444
2017,3,1,3,200,0.5,914.7,5.6,326,85,444
2017,3,1,3,300,0.5,914.7,4.5,340,83,444
2017,3,1,3,400,0.6,914.6,6,346,82,444
2017,3,1,3,500,0.3,914.8,7,330,80,444
2017,3,1,3,600,-0.3,915.3,6.5,329,79,444
2017,3,1,3,700,-1.4,915.8,6.2,330,79.2,444
2017,3,1,3,800,-2.2,915.9,5.6,346,79,444
2017,3,1,3,900,-2.5,916.5,6.9,338,82,444
2017,3,1,3,1000,-3.1,917.2,7.3,338,81,444
2017,3,1,3,1100,-3.6,917.8,6.7,339,82,444
2017,3,1,3,1200,-3.3,918.2,7.1,345,80.8,444
2017,3,1,3,1300,-3,918.9,7.8,340,83,444
2017,3,1,3,1400,-3,919.3,8.5,318,89,444
2017,3,1,3,1500,-3.3,920.1,8.7,307,87,444
2017,3,1,3,1600,-3.2,920.9,7.9,318,85,444
2017,3,1,3,1700,-3,921.7,9.1,316,85.9,444
2017,3,1,3,1800,-2.9,922.7,9.7,304,87,444
2017,3,1,3,1900,-2.9,923.9,10.1,300,88,444
2017,3,1,3,2000,-2.7,924.9,9.8,302,87,444
2017,3,1,3,2100,-2.4,925.9,9.5,309,86,444
2017,3,1,3,2200,-2.3,927.3,8.9,299,87.1,444
2017,3,1,3,2300,-2,928.3,7.9,295,87,444
2017,4,1,4,0,-2.2,929.6,6.5,298,88.6,444
2017,4,1,4,100,-2.1,930.7,6.1,303,88,444
2017,4,1,4,200,-2,931.5,5.2,310,88,444
2017,4,1,4,300,-2,932.4,4.9,310,87,444
2017,4,1,4,400,-2.2,933.2,5.3,311,90,444
2017,4,1,4,500,-2.4,934.1,4.7,305,91.3,444
2017,4,1,4,600,-2.5,934.6,5.4,310,92,444
2017,4,1,4,700,-2.5,935.4,5.3,307,92,444
2017,4,1,4,800,-2.7,936.1,5,301,92,444
2017,4,1,4,900,-2.8,936.9,5,291,93,444
2017,4,1,4,1000,-2.9,937.8,3.8,277,93.6,444
2017,4,1,4,1100,-2.8,938.8,1.8,311,93,444
2017,4,1,4,1200,-2.6,939.1,1.5,301,92,444
2017,4,1,4,1300,-2.5,939.4,1.5,283,93,444
2017,4,1,4,1400,-2.8,940,1.8,328,93,444
2017,4,1,4,1500,-2.7,940.2,2.6,313,92.1,444
2017,4,1,4,1600,-2.2,940.7,0.7,285,92,444
2017,4,1,4,1700,-1.7,941,0,0,90,444
2017,4,1,4,1800,-2.1,941.4,1.2,214,92,444
2017,4,1,4,1900,-2.2,941.6,1.5,222,91,444
2017,4,1,4,2000,-1.8,941.9,0.7,217,89.5,444
2017,4,1,4,2100  4,44,942.1,0.6,171,89,444
2017,4,1,4,2200  4,44,942.2,0.2,103,86.2,444
2017,4,1,4,2300  4,44,942.2,0.4,338,80,444
2017,5,1,5,0,-1.3,942.4,0.8,176,85,444
2017,5,1,5,100,-2.5,942.3,2.9,100,87.8,444
2017,5,1,5,200,-2.7,942.2,3.1,87,88,444
2017,5,1,5,300,-2.8,942,2.7,82,88.9,444
2017,5,1,5,400,-2.8,941.7,2.7,71,88,444
2017,5,1,5,500,-3,941.4,2.1,91,90,444
2017,5,1,5,600,-3,941.2,2.6,100,85.4,444
2017,5,1,5,700,-2.9,941.2,1.1,84,85,444
2017,5,1,5,800,-3.4,940.8,1.9,125,89.2,444
2017,5,1,5,900,-4,940.6,2.2,115,90,444
2017,5,1,5,1000,-4.8,940.3,2,66,89,444
2017,5,1,5,1100,-7.1,939.9,2.3,26,86,444
2017,5,1,5,1200,-6.7,939.7,1.5,39,91,444
2017,5,1,5,1300,-4.9,939.2,1.1,59,88.2,444
2017,5,1,5,1400,-4.5,938.8,1.1,327,86,444
2017,5,1,5,1500,-4.2,938.1,3.1,131,90,444
2017,5,1,5,1600,-4.3,937.8,2.5,116,93,444
2017,5,1,5,1700,-4.2,937.5,2.9,106,91,444
2017,5,1,5,1800,-3.8,937,2.1,41,86.4,444
2017,5,1,5,1900,-4.1,936.8,3.2,116,89,444
2017,5,1,5,2000,-4.3,936.4,3,113,89,444
2017,5,1,5,2100,-3.9,936,2.8,124,89,444
2017,5,1,5,2200,-3.5,935.5,2.4,87,82,444
2017,5,1,5,2300,-4.3,935.2,4.4,108,84.2,444
2017,6,1,6,0,-4.3,934.7,3.2,89,83,444
2017,6,1,6,100,-4.6,934.1,3,88,87,444
2017,6,1,6,200,-4.7,933.6,3.4,90,87,444
2017,6,1,6,300,-4.8,933.3,2.7,99,84,444
2017,6,1,6,400,-4.9,932.8,2.3,81,83.2,444
2017,6,1,6,500,-5.5,932.5,1.4,52,85,444
2017,6,1,6,600,-6,932.1,1.4,38,86,444
2017,6,1,6,700,-5.9,931.8,1.2,27,87,444
2017,6,1,6,800,-6.3,931.6,1.3,28,87,444
2017,6,1,6,900,-6.5,931.3,1.1,352,86.6,444
2017,6,1,6,1000,-6.7,931.1,1.4,12,88,444
2017,6,1,6,1100,-6.7,930.7,1.4,18,88,444
2017,6,1,6,1200,-6.7,930.4,1.5,36,84,444
2017,6,1,6,1300,-6.8,930.3,1.4,40,83,444
2017,6,1,6,1400,-7.1,930.2,1.5,50,82,444
2017,6,1,6,1500,-8.8,929.8,2,2,81,444
2017,6,1,6,1600,-6.7,929.7,1.5,349,77.3,444
2017,6,1,6,1700,-7.4,929.7,2.2,344,80,444
2017,6,1,6,1800,-6.7,929.9,1.4,329,83,444
2017,6,1,6,1900,-5.7,930,0.8,28,80,444
2017,6,1,6,2000,-5.6,930.2,1.4,335,81.2,444
2017,6,1,6,2100,-4.6,930.5,0.9,328,79,444
2017,6,1,6,2200,-4.3,930.5,1,290,76,444
2017,6,1,6,2300  4,44,930.8,0.4,284,72,444
2017,7,1,7,0000  4,44,930.9,0,0,64,444
2017,7,1,7,0100  4,44,931.1,0.1,353,64.7,444
2017,7,1,7,0200  4,44,931.2,0.3,282,75.8,444
2017,7,1,7,0300  4,44,931.3,0.1,336,70,444
2017,7,1,7,400,-6,931.5,0.7,352,77,444
2017,7,1,7,500,-6.4,931.7,1.4,341,77,444
2017,7,1,7,600,-8.9,932,2.3,341,82,444
2017,7,1,7,700,-9.6,932.4,2.3,340,82,444
2017,7,1,7,0800  -,10,932.6,2.5,343,82,444
2017,7,1,7,0900  -,10.8,932.8,2.5,350,81,444
2017,7,1,7,1000  -,11.2,932.9,2.9,339,82,444
2017,7,1,7,1100  -,11.1,933.2,3.1,340,81,444
2017,7,1,7,1200  -,11.2,933.3,3.4,338,82,444
2017,7,1,7,1300  -,10.7,933.2,3.3,343,81.2,444
2017,7,1,7,1400  -,10.3,933.2,3.8,346,78,444
2017,7,1,7,1500  -,10,933,3.3,358,76,444
2017,7,1,7,1600,-9.7,933.1,3.4,358,76,444
2017,7,1,7,1700,-9.3,933,3.6,4,77,444
2017,7,1,7,1800,-8.7,932.9,3.7,11,77.6,444
2017,7,1,7,1900,-8.3,932.6,4.4,15,78,444
2017,7,1,7,2000,-8.2,932.4,4.5,37,77,444
2017,7,1,7,2100,-7.8,932.1,5.2,47,78,444
2017,7,1,7,2200,-7.3,931.7,4.8,62,79,444
2017,7,1,7,2300,-7,931.2,6.2,63,80.9,444
2017,8,1,8,0,-7.1,930.7,6.8,52,76,444
2017,8,1,8,100,-7.6,930.3,5.9,58,77,444
2017,8,1,8,200,-7.5,929.7,6.1,56,79.1,444
2017,8,1,8,300,-7.4,929.4,5.2,58,80,444
2017,8,1,8,400,-7.4,929.1,5.4,39,76,444
2017,8,1,8,500,-8.1,928.7,4.8,53,77,444
2017,8,1,8,600,-9,928.4,4.5,52,79.1,444
2017,8,1,8,700,-9.4,928.2,5,47,78.4,444
2017,8,1,8,0800  -,10,927.7,5,40,78,444
2017,8,1,8,900,-9.6,927.4,6.3,24,76,444
2017,8,1,8,1000,-9.6,927.3,6.7,18,74,444
2017,8,1,8,1100  -,10,927.2,7.5,20,72.5,444
2017,8,1,8,1200  -,10.2,926.9,7.7,22,71.2,444
2017,8,1,8,1300  -,10.4,926.7,7.2,25,72,444
2017,8,1,8,1400  -,10.4,926.2,7.8,30,72,444
2017,8,1,8,1500  -,10.2,926,7.7,31,72,444
2017,8,1,8,1600,-9.8,925.8,7.6,32,72.8,444
2017,8,1,8,1700,-9.5,925.6,7.6,35,73.2,444
2017,8,1,8,1800,-9.2,925.4,7.7,36,76,444
2017,8,1,8,1900,-8.7,925.2,6.7,37,79,444
2017,8,1,8,2000,-8,925.5,6,15,78,444
2017,8,1,8,2100,-7.5,925.5,6.1,3,77,444
2017,8,1,8,2200,-7.8,925.7,5.4,354,78,444
2017,8,1,8,2300,-7.9,925.7,5.9,357,79,444
2017,9,1,9,0,-7.6,925.6,6.2,346,79,444
2017,9,1,9,100,-8.3,925.7,5.8,345,80,444
2017,9,1,9,200,-9.1,925.8,6.2,329,86,444
2017,9,1,9,300,-9.3,925.7,5.4,332,90,444
2017,9,1,9,400,-9.2,925.9,4.8,316,90,444
2017,9,1,9,500,-9.4,926.2,4.5,322,83.9,444
2017,9,1,9,600,-8.2,926.2,5.5,294,90,444
2017,9,1,9,700,-8.9,926.5,5.6,298,91,444
2017,9,1,9,800,-8.6,926.6,6.4,303,89,444
2017,9,1,9,900,-8.5,927,6,305,90,444
2017,9,1,9,1000,-9,927.4,5.6,316,87,444
2017,9,1,9,1100,-8.8,927.6,5,309,86,444
2017,9,1,9,1200,-9.4,927.8,5.3,331,86,444
2017,9,1,9,1300  -,10,927.9,4.2,319,87,444
2017,9,1,9,1400,-9.8,927.9,4.4,344,83.3,444
2017,9,1,9,1500  -,10,928,4.2,346,82,444
2017,9,1,9,1600,-9.3,927.9,4.1,350,84,444
2017,9,1,9,1700,-9.4,928.1,3.9,335,85,444
2017,9,1,9,1800,-9.1,928.1,4.3,346,84,444
2017,9,1,9,1900,-8.2,928.2,3.4,351,82.2,444
2017,9,1,9,2000,-7.9,928.3,3.3,337,82,444
2017,9,1,9,2100,-7.4,928.3,2.1,337,81,444
2017,9,1,9,2200,-7.2,928.3,3,349,76,444
2017,9,1,9,2300,-6.9,928.4,2.2,327,78,444
2017,10,1,10,0,-7,928.5,2.4,354,76.9,444
2017,10,1,10,100,-8,928.5,3.5,304,84.3,444
2017,10,1,10,200,-8.4,928.3,3.6,307,84,444
2017,10,1,10,300,-8.5,928.3,3.4,310,85,444
2017,10,1,10,400,-8.7,928.6,3.7,308,85,444
2017,10,1,10,500,-8.9,928.7,2.5,285,87,444
2017,10,1,10,600,-9.6,928.9,3.1,282,90,444
2017,10,1,10,700,-9.9,928.8,3.9,296,89,444
2017,10,1,10,0800  -,10,929,5.6,301,88,444
2017,10,1,10,0900  -,10.4,929.4,3.6,302,89,444
2017,10,1,10,1000  -,10.3,929.4,2.2,327,89,444
2017,10,1,10,1100  -,10,929.7,1.9,299,87,444
2017,10,1,10,1200  -,10,929.9,2,285,86,444
2017,10,1,10,1300,-9.8,930,2.5,276,87,444
2017,10,1,10,1400,-9.4,930.2,2.1,291,86,444
2017,10,1,10,1500,-9.3,930.2,3.7,294,84,444
2017,10,1,10,1600,-9.4,930.4,3.2,304,85,444
2017,10,1,10,1700,-9.7,930.9,3.8,310,83.4,444
2017,10,1,10,1800  -,10.1,931.2,3.2,330,81.1,444
2017,10,1,10,1900  -,10,931.4,2.5,313,79,444
2017,10,1,10,2000,-9.9,931.7,2.9,314,79,444
2017,10,1,10,2100,-9.7,931.9,2.7,328,79,444
2017,10,1,10,2200,-9.6,932.2,3,306,78,444
2017,10,1,10,2300,-9.8,932.5,2.5,339,77,444
2017,11,1,11,0000  -,10,932.7,3.6,353,77,444
2017,11,1,11,0100  -,10.2,932.8,3.6,356,77,444
2017,11,1,11,0200  -,10.7,932.9,3.8,357,77,444
2017,11,1,11,0300  -,11.5,933.1,4.5,9,79,444
2017,11,1,11,0400  -,11.9,933.3,3.4,18,81,444
2017,11,1,11,0500  -,12.6,933.6,2.7,36,78,444
2017,11,1,11,0600  -,13.7,933.6,2.8,52,81,444
2017,11,1,11,0700  -,12.8,933.7,4.1,57,84,444
2017,11,1,11,0800  -,11.8,933.9,4.5,52,83,444
2017,11,1,11,0900  -,11.1,934.1,4.4,35,86,444
2017,11,1,11,1000,-9.8,934.3,4.2,17,88,444
2017,11,1,11,1100,-8.6,934.6,3,22,89.5,444
2017,11,1,11,1200,-7.7,934.7,3.3,12,92,444
2017,11,1,11,1300,-6.6,935,3,7,94,444
2017,11,1,11,1400,-5.7,934.9,2,340,92.7,444
2017,11,1,11,1500,-5.2,935.1,4.4,273,94,444
2017,11,1,11,1600,-5.6,935.4,4.7,281,93,444
2017,11,1,11,1700,-6.1,935.7,6.5,277,92,444
2017,11,1,11,1800,-5.7,936,5.3,278,92,444
2017,11,1,11,1900,-5.8,936.3,6.9,264,91.4,444
2017,11,1,11,2000,-5.6,936.5,5.8,262,90,444
2017,11,1,11,2100,-5.8,936.8,4.5,255,90,444
2017,11,1,11,2200,-6.1,937,3.2,225,90,444
2017,11,1,11,2300,-6.5,937.3,3.3,218,90,444
2017,12,1,12,0,-6.9,937.8,4.1,240,90,444
2017,12,1,12,100,-7.2,938.2,4.9,232,90.3,444
2017,12,1,12,200,-7.3,938.1,4.6,239,91,444
2017,12,1,12,300,-7.6,938.2,5.1,242,91,444
2017,12,1,12,400,-7.6,938.4,4.3,228,91.4,444
2017,12,1,12,500,-7.6,938.5,4.6,236,92,444
2017,12,1,12,600,-7.6,938.9,4.2,226,91,444
2017,12,1,12,700,-8.1,939.1,4.6,217,91,444
2017,12,1,12,800,-8.2,939.3,4.2,213,91,444
2017,12,1,12,900,-8.1,939.6,4.2,216,91,444
2017,12,1,12,1000,-8.1,939.7,4.8,220,92,444
2017,12,1,12,1100,-8.2,939.9,4.8,221,91,444
2017,12,1,12,1200,-8.6,940.2,3.8,216,90.9,444
2017,12,1,12,1300,-8.5,940.3,3.4,214,91,444
2017,12,1,12,1400,-8.5,940.2,3.3,230,90,444
2017,12,1,12,1500,-8.4,940.1,3,229,90,444
2017,12,1,12,1600,-8.1,940.2,3,206,89,444
2017,12,1,12,1700,-7.8,940.2,2.4,202,89.4,444
2017,12,1,12,1800,-7.7,940.3,2.7,189,89,444
2017,12,1,12,1900,-7.4,940.5,1.8,188,88,444
2017,12,1,12,2000,-7.2,940.7,2.4,199,88,444
2017,12,1,12,2100,-7.1,940.9,2.4,190,88,444
2017,12,1,12,2200,-6.8,941.1,2,173,88.2,444
2017,12,1,12,2300,-7,941.2,2.1,156,88,444
2017,13,1,13,0,-6.9,941.4,1.8,157,87.3,444
2017,13,1,13,100,-7,941.6,1.6,144,86.8,444
2017,13,1,13,200,-6.5,941.8,1.8,182,85,444
2017,13,1,13,300,-6.9,942,2.3,185,85,444
2017,13,1,13,400,-8.6,942.1,1.5,133,83,444
2017,13,1,13,500,-9.4,942.4,0.7,81,82.9,444
2017,13,1,13,0600  -,10.4,942.6,1.4,335,89.2,444
2017,13,1,13,0700  -,12.1,942.7,2,335,88,444
2017,13,1,13,0800  -,10.3,942.9,2.1,308,87,444
2017,13,1,13,0900  -,12.2,943.2,3,274,86,444
2017,13,1,13,1000  -,10.8,943.6,2.8,247,88.5,444
2017,13,1,13,1100  -,10.8,944,1.9,234,91,444
2017,13,1,13,1200  -,10.1,944,2.3,273,86,444
2017,13,1,13,1300  -,10.3,944.2,2.3,279,87,444
2017,13,1,13,1400  -,10.2,944.3,2.7,287,85,444
2017,13,1,13,1500  -,10.6,944.2,2.3,313,83.6,444
2017,13,1,13,1600  -,10.4,944,1.6,320,84,444
2017,13,1,13,1700,-8.6,943.9,2.3,304,82,444
2017,13,1,13,1800,-7.6,944.3,3.3,250,85,444
2017,13,1,13,1900,-6.9,944.3,1,235,87,444
2017,13,1,13,2000  4,44,944.3,0.5,225,87.7,444
2017,13,1,13,2100  4,44,944.1,0.5,255,77,444
2017,13,1,13,2200  4,44,944,0.2,188,81.2,444
2017,13,1,13,2300  4,44,943.8,0.7,272,74.8,444
2017,14,1,14,0000  4,44,943.7,0.4,328,82,444
2017,14,1,14,0100  4,44,943.4,0.6,64,85,444
2017,14,1,14,0200  -,10.1,942.9,2.7,73,92,444
2017,14,1,14,0300  -,11.6,942.5,4.2,64,84.9,444
2017,14,1,14,0400  -,12.7,942,3.2,35,83.3,444
2017,14,1,14,0500  -,12.6,941.6,3.2,39,82,444
2017,14,1,14,0600  -,12.6,941.3,2.8,41,81,444
2017,14,1,14,0700  -,12.4,940.7,2.7,40,83,444
2017,14,1,14,0800  -,12.1,940.1,2.2,80,83.4,444
2017,14,1,14,0900  -,10.9,939.5,2.8,112,83,444
2017,14,1,14,1000  -,10.8,939,2.9,100,81,444
2017,14,1,14,1100  -,10.8,938.3,2.4,84,81,444
2017,14,1,14,1200  -,10.8,937.6,3,71,82,444
2017,14,1,14,1300  -,10.6,936.8,4.9,64,85,444
2017,14,1,14,1400  -,10.3,936,5.4,64,86,444
2017,14,1,14,1500,-9.6,935.4,4.2,58,82.4,444
2017,14,1,14,1600  -,11.1,934.6,3.5,65,79,444
2017,14,1,14,1700  -,10.6,933.8,4.6,77,79,444
2017,14,1,14,1800  -,11.4,933.1,6.1,83,80.3,444
2017,14,1,14,1900  -,10.8,932.5,5.6,80,79,444
2017,14,1,14,2000  -,10.7,931.8,6.5,80,79,444
2017,14,1,14,2100  -,10.7,931.4,6.8,91,79.9,444
2017,14,1,14,2200  -,10.7,930.8,6.8,93,80,444
2017,14,1,14,2300  -,10.8,930.2,7.5,91,78.9,444
2017,15,1,15,0000  -,10.7,929.8,6.4,88,80,444
2017,15,1,15,100,-9.8,929.4,5.1,83,80.4,444
2017,15,1,15,200,-9.2,928.8,5.5,77,77,444
2017,15,1,15,0300  -,10,928.3,5.3,90,79,444
2017,15,1,15,0400  -,10.6,927.7,4.4,94,79,444
2017,15,1,15,0500  -,11.3,927,4.1,100,78,444
2017,15,1,15,0600  -,12.1,926.5,4.2,124,77.5,444
2017,15,1,15,0700  -,12.6,926.1,4.4,137,78,444
2017,15,1,15,0800  -,13.1,925.5,3.9,150,78,444
2017,15,1,15,0900  -,14.1,924.8,2.6,173,77,444
2017,15,1,15,1000  -,14.8,924.3,2.2,175,77,444
2017,15,1,15,1100  -,15.4,924,4.5,226,79.5,444
2017,15,1,15,1200  -,15,923.6,5.2,231,78,444
2017,15,1,15,1300  -,14.9,923.1,5.6,222,79,444
2017,15,1,15,1400  -,14.9,922.8,5.5,226,79,444
2017,15,1,15,1500  -,14.8,922.6,5.5,240,80,444
2017,15,1,15,1600  -,14.5,922.5,6.1,254,79.9,444
2017,15,1,15,1700  -,14.5,922.6,6.5,266,81.4,444
2017,15,1,15,1800  -,13.4,922.8,6.3,269,83,444
2017,15,1,15,1900  -,13.3,923,7.8,278,82,444
2017,15,1,15,2000  -,12.6,923.3,7.9,276,81,444
2017,15,1,15,2100  -,12.1,923.6,8.4,282,80.2,444
2017,15,1,15,2200  -,11.6,923.9,8.9,288,83,444
2017,15,1,15,2300  -,11.3,924.3,8.9,287,84,444
2017,16,1,16,0000  -,10.8,924.5,8.6,292,85,444
2017,16,1,16,0100  -,10.3,924.6,9.1,294,85,444
2017,16,1,16,200,-9.8,924.8,8.2,291,87,444
2017,16,1,16,300,-9.8,925.2,7.4,290,87,444
2017,16,1,16,0400  -,10.1,925.4,7,286,87.3,444
2017,16,1,16,0500  -,10.1,925.8,7.2,292,87,444
2017,16,1,16,0600  -,10.6,926.4,7.3,305,88,444
2017,16,1,16,0700  -,10.4,926.7,7.4,294,88,444
2017,16,1,16,0800  -,10.9,927.3,7.5,296,88,444
2017,16,1,16,0900  -,11.1,927.5,7.4,306,87.3,444
2017,16,1,16,1000  -,10.7,928.1,7.5,292,87,444
2017,16,1,16,1100  -,10.9,928.6,7.9,285,87,444
2017,16,1,16,1200  -,11.3,929.2,7.7,294,87,444
2017,16,1,16,1300  -,11.7,929.8,8.1,287,87,444
2017,16,1,16,1400  -,12.3,930.5,8.2,286,85.9,444
2017,16,1,16,1500  -,12.7,931.1,9.2,297,85,444
2017,16,1,16,1600  -,12.8,931.5,9.6,295,84,444
2017,16,1,16,1700  -,12.6,932.1,9.8,291,84,444
2017,16,1,16,1800  -,12,932.9,10.1,285,83,444
2017,16,1,16,1900  -,11.7,933.5,10.3,292,80.6,444
2017,16,1,16,2000  -,11.7,934.4,9.6,294,82,444
2017,16,1,16,2100  -,11.6,935,9.3,299,81,444
2017,16,1,16,2200  -,11.2,935.4,9.1,303,81,444
2017,16,1,16,2300  -,11.1,936,8.6,314,79,444
2017,17,1,17,0000  -,11.2,936.4,8.1,315,79.3,444
2017,17,1,17,0100  -,11.2,936.7,7.7,317,79,444
2017,17,1,17,0200  -,11.7,936.8,6.4,312,78,444
2017,17,1,17,0300  -,13.1,936.8,4.7,328,79,444
2017,17,1,17,0400  -,12.4,936.8,4.7,336,80,444
2017,17,1,17,0500  -,12.8,937,3.8,339,79,444
2017,17,1,17,0600  -,13,937.3,1.7,318,78,444
2017,17,1,17,0700  -,14,937.2,3.4,332,78,444
2017,17,1,17,0800  -,14.4,937.1,3.8,338,78,444
2017,17,1,17,0900  -,14.7,937.2,3.5,326,78,444
2017,17,1,17,1000  -,15.4,937.3,2.7,330,78,444
2017,17,1,17,1100  -,15.9,937.4,2.9,341,77,444
2017,17,1,17,1200  -,16.9,937.3,3,342,78,444
2017,17,1,17,1300  -,15.7,937.5,3.6,311,85,444
2017,17,1,17,1400  -,14.6,937.2,2.8,307,84.8,444
2017,17,1,17,1500  -,14.1,937,4.5,310,84,444
2017,17,1,17,1600  -,13.1,936.9,5.2,310,82,444
2017,17,1,17,1700  -,12.9,936.7,5.1,302,82,444
2017,17,1,17,1800  -,12.8,936.8,5.1,307,81,444
2017,17,1,17,1900  -,12.8,936.9,3.7,318,82.6,444
2017,17,1,17,2000  -,12.2,936.9,3.9,312,82,444
2017,17,1,17,2100  -,12.7,936.8,3.7,324,82,444
2017,17,1,17,2200  -,12.9,936.8,3.3,340,80,444
2017,17,1,17,2300  -,13,936.7,3.2,352,78.7,444
2017,18,1,18,0000  -,13,936.7,2.9,347,77.6,444
2017,18,1,18,0100  -,13,936.5,3.1,360,79,444
2017,18,1,18,0200  -,13.9,936.2,2.5,15,75,444
2017,18,1,18,0300  -,13.8,936,1.7,54,76,444
2017,18,1,18,0400  -,14.4,935.6,1.9,61,77,444
2017,18,1,18,0500  -,14.6,935.3,2.1,57,78.2,444
2017,18,1,18,0600  -,15.9,935,1.9,44,79,444
2017,18,1,18,0700  -,16.5,935,2.1,49,81,444
2017,18,1,18,0800  -,16.5,934.7,2.4,41,80,444
2017,18,1,18,0900  -,16.9,934.4,2.1,50,81,444
2017,18,1,18,1000  -,15.4,934.1,1.8,38,80,444
2017,18,1,18,1100  -,15.9,933.9,1.5,12,81,444
2017,18,1,18,1200  -,16.8,933.9,0.9,30,77,444
2017,18,1,18,1300  -,15.8,933.8,2.1,57,83,444
2017,18,1,18,1400  -,16.6,933.7,2,32,79,444
2017,18,1,18,1500  -,16.6,933.5,1.7,9,76,444
2017,18,1,18,1600  -,15.5,933.2,1.6,30,72.6,444
2017,18,1,18,1700  -,14.9,933.1,1.6,27,76.3,444
2017,18,1,18,1800  -,14.8,933.3,1.7,37,79,444
2017,18,1,18,1900  -,14.2,933.3,1.2,23,75,444
2017,18,1,18,2000  -,14,933.5,1.8,24,75,444
2017,18,1,18,2100  -,13.8,933.4,1.9,12,71.6,444
2017,18,1,18,2200  -,13.5,933.4,1.2,9,66.8,444
2017,18,1,18,2300  -,14,933.5,2.2,16,71,444
2017,19,1,19,0000  -,15.1,933.5,2.9,19,76,444
2017,19,1,19,0100  -,15.6,933.3,3.1,20,82,444
2017,19,1,19,0200  -,14.3,933.2,4,10,81.4,444
2017,19,1,19,0300  -,14,933,4.5,25,80,444
2017,19,1,19,0400  -,14.1,932.9,3.9,14,81,444
2017,19,1,19,0500  -,14,933,4.6,341,81,444
2017,19,1,19,0600  -,14.1,933.2,3.3,337,82,444
2017,19,1,19,0700  -,14.2,933.3,4,343,87,444
2017,19,1,19,0800  -,14.2,933.4,2.5,343,83,444
2017,19,1,19,0900  -,14.1,933.5,1.8,326,83.8,444
2017,19,1,19,1000  -,14.3,933.5,2.2,324,83,444
2017,19,1,19,1100  -,14.4,933.6,2.3,349,82,444
2017,19,1,19,1200  -,14.2,933.7,1.8,13,81,444
2017,19,1,19,1300  -,14.3,933.8,1.2,350,80,444
2017,19,1,19,1400  -,14.4,934,1.6,1,80.2,444
2017,19,1,19,1500  -,14.6,934.1,1.7,31,78,444
2017,19,1,19,1600  -,14.5,933.9,3.7,41,78,444
2017,19,1,19,1700  -,14.4,934.2,3.1,21,78,444
2017,19,1,19,1800  -,14.3,934.3,3.6,360,76.3,444
2017,19,1,19,1900  -,14.1,934.6,5.1,356,75.2,444
2017,19,1,19,2000  -,13.5,934.6,2,29,74,444
2017,19,1,19,2100  -,13.2,934.8,1.8,331,75,444
2017,19,1,19,2200  -,14,935.3,4.5,312,84,444
2017,19,1,19,2300  -,13.9,935.9,5.3,331,77,444
2017,20,1,20,0000  -,13.6,936.3,4.8,333,78.2,444
2017,20,1,20,0100  -,13.5,936.5,5,337,78,444
2017,20,1,20,0200  -,13.2,936.7,3.8,337,79,444
2017,20,1,20,0300  -,13.3,936.9,2.3,350,72,444
2017,20,1,20,0400  -,14.3,937,2.6,11,74,444
2017,20,1,20,0500  -,13.7,936.8,3.8,29,76,444
2017,20,1,20,0600  -,14.8,936.9,2.9,44,76,444
2017,20,1,20,0700  -,13.5,937.1,3.4,53,80,444
2017,20,1,20,0800  -,13.3,937.1,3.5,43,77,444
2017,20,1,20,0900  -,13,937.2,3.8,34,72,444
2017,20,1,20,1000  -,15.8,937.3,3.3,48,77.5,444
2017,20,1,20,1100  -,17.1,937.4,3.1,43,76,444
2017,20,1,20,1200  -,17.5,937.2,3.1,46,75.2,444
2017,20,1,20,1300  -,17.6,936.8,4.1,49,75,444
2017,20,1,20,1400  -,17.2,936.6,5.1,36,73,444
2017,20,1,20,1500  -,17,936.4,6,23,71,444
2017,20,1,20,1600  -,17.1,936.1,5.8,26,71.9,444
2017,20,1,20,1700  -,16.7,936,5.7,19,73.2,444
2017,20,1,20,1800  -,16.1,936.1,6,16,75,444
2017,20,1,20,1900  -,15.4,936.1,5.7,13,76,444
2017,20,1,20,2000  -,14.7,936.1,4.3,18,75,444
2017,20,1,20,2100  -,14.3,936.1,3.3,31,74,444
2017,20,1,20,2200  -,13.9,935.9,3.7,26,75.2,444
2017,20,1,20,2300  -,13.5,935.6,2.6,38,74,444
2017,21,1,21,0000  -,13.7,935.1,4,48,74,444
2017,21,1,21,0100  -,13.5,934.8,3.7,50,75,444
2017,21,1,21,0200  -,13.2,934.3,4.1,41,76,444
2017,21,1,21,0300  -,13.5,933.7,2.9,76,77.7,444
2017,21,1,21,0400  -,13.6,933.2,3.3,55,78,444
2017,21,1,21,0500  -,13.9,932.7,3.5,50,77,444
2017,21,1,21,0600  -,14.9,932.1,4.4,51,78,444
2017,21,1,21,0700  -,15.5,931.6,3,45,77,444
2017,21,1,21,0800  -,16.5,930.9,3.5,57,78,444
2017,21,1,21,0900  -,17,930.3,3.6,51,78,444
2017,21,1,21,1000  -,16.8,929.6,4.5,46,77,444
2017,21,1,21,1100  -,17.4,928.9,4.4,48,76,444
2017,21,1,21,1200  -,17.4,928.2,4.4,40,76,444
2017,21,1,21,1300  -,17.6,927.3,4.8,53,77,444
2017,21,1,21,1400  -,16.7,926.2,5.3,46,75,444
2017,21,1,21,1500  -,16.9,925.2,5.9,46,75,444
2017,21,1,21,1600  -,16.7,924.4,5.3,55,75,444
2017,21,1,21,1700  -,15.9,923.4,5.4,57,75,444
2017,21,1,21,1800  -,15.6,922.5,5.8,63,76,444
2017,21,1,21,1900  -,14.8,921.5,5.6,69,76,444
2017,21,1,21,2000  -,14.3,920.6,6.3,76,76,444
2017,21,1,21,2100  -,13.1,919.7,6.1,67,76,444
2017,21,1,21,2200  -,12.7,918.8,5.8,77,76,444
2017,21,1,21,2300  -,12.3,917.7,6.3,80,76,444
2017,22,1,22,0000  -,11.7,916.7,5.4,76,76,444
2017,22,1,22,0100  -,11.5,915.5,5,90,77,444
2017,22,1,22,0200  -,11.5,914.1,6.1,96,78,444
2017,22,1,22,0300  -,11.6,912.9,5.9,94,78.5,444
2017,22,1,22,0400  -,11.9,911.8,5,87,79,444
2017,22,1,22,0500  -,12.6,910.7,3.7,94,80,444
2017,22,1,22,0600  -,13.1,909.7,1.5,129,77,444
2017,22,1,22,0700  -,13.4,908.7,1.4,182,78,444
2017,22,1,22,0800  -,13.7,907.6,2.1,199,79.3,444
2017,22,1,22,0900  -,13.8,906.6,2.1,202,79,444
2017,22,1,22,1000  -,15.7,906.1,3.6,252,82,444
2017,22,1,22,1100  -,17.1,905.7,4.6,266,83,444
2017,22,1,22,1200  -,16.6,905.6,4.3,281,82,444
2017,22,1,22,1300  -,17.4,905.5,5.4,298,82,444
2017,22,1,22,1400  -,17.9,906,6.8,306,83,444
2017,22,1,22,1500  -,17.6,906.1,7.9,311,81,444
2017,22,1,22,1600  -,16.3,906.3,7.6,312,81,444
2017,22,1,22,1700  -,16.3,907,8.4,310,82,444
2017,22,1,22,1800  -,15.1,907.6,7.5,309,81,444
2017,22,1,22,1900  -,14.8,908.4,7.1,310,81,444
2017,22,1,22,2000  -,14.4,909.1,7.3,314,80,444
2017,22,1,22,2100  -,13.4,909.4,6.5,311,80,444
2017,22,1,22,2200  -,13.1,910.3,7.4,314,79.9,444
2017,22,1,22,2300  -,12.6,911.1,7.2,320,79,444
2017,23,1,23,0000  -,12.4,911.8,7.3,315,79,444
2017,23,1,23,0100  -,12.4,912.6,7.6,316,80,444
2017,23,1,23,0200  -,12.6,913.6,7.4,306,81,444
2017,23,1,23,0300  -,13.2,914.3,7.6,312,80.5,444
2017,23,1,23,0400  -,13.1,915.5,7.2,307,84,444
2017,23,1,23,0500  -,12.8,916.4,8.1,306,84,444
2017,23,1,23,0600  -,12.6,917.5,6.9,308,85.8,444
2017,23,1,23,0700  -,12.1,918.5,7.1,316,86,444
2017,23,1,23,0800  -,11.9,919.5,7.4,312,87,444
2017,23,1,23,0900  -,11.7,920.7,6.9,310,87,444
2017,23,1,23,1000  -,11.8,921.8,7,316,87,444
2017,23,1,23,1100  -,11.5,922.8,6.7,312,87,444
2017,23,1,23,1200  -,11.1,923.8,6.5,311,87,444
2017,23,1,23,1300  -,10.6,924.7,6.4,305,87,444
2017,23,1,23,1400  -,10.8,925.8,7.2,289,86,444
2017,23,1,23,1500  -,10.8,926.8,6.9,283,83,444
2017,23,1,23,1600  -,10.5,927.6,6.9,290,83.9,444
2017,23,1,23,1700  -,10.8,928.2,8.1,296,82,444
2017,23,1,23,1800  -,11.2,929.2,8.7,300,83,444
2017,23,1,23,1900  -,12,930.1,7.2,299,83,444
2017,23,1,23,2000  -,12.1,930.7,7.5,308,84,444
2017,23,1,23,2100  -,11.3,931.5,7,298,84,444
2017,23,1,23,2200  -,10.9,932.2,7.8,300,85,444
2017,23,1,23,2300  -,10.2,933,6.4,292,85,444
2017,24,1,24,0000  -,10,933.6,6.5,296,85,444
2017,24,1,24,100,-9.8,934.2,6.2,287,82.5,444
2017,24,1,24,0200  -,10.6,934.5,6.8,289,84,444
2017,24,1,24,0300  -,11.6,934.8,8.2,285,84,444
2017,24,1,24,0400  -,12.1,935.1,6.7,295,83.9,444
2017,24,1,24,0500  -,11.9,935.7,6.9,290,87,444
2017,24,1,24,0600  -,11.7,936.2,4.6,246,90,444
2017,24,1,24,0700  -,11.4,937,5.3,244,90,444
2017,24,1,24,0800  -,11.7,937.5,4.4,255,89,444
2017,24,1,24,0900  -,11.5,938,3.6,251,87.8,444
2017,24,1,24,1000  -,11.3,938.4,5.1,255,86,444
2017,24,1,24,1100  -,11.5,939,4.6,249,89,444
2017,24,1,24,1200  -,11.6,939.4,3.2,262,87,444
2017,24,1,24,1300  -,11.6,939.9,3.7,264,89,444
2017,24,1,24,1400  -,11,940.1,4.9,251,91.9,444
2017,24,1,24,1500  -,11.1,940.6,5.5,225,90,444
2017,24,1,24,1600  -,11,940.9,4,253,88,444
2017,24,1,24,1700  -,11,941.2,5.3,233,88,444
2017,24,1,24,1800  -,11.1,941.7,5.6,230,87,444
2017,24,1,24,1900  -,11.2,942,5.2,230,87,444
2017,24,1,24,2000  -,11.2,942.4,5.2,233,86.7,444
2017,24,1,24,2100  -,11.4,942.7,5.1,233,86,444
2017,24,1,24,2200  -,11.3,942.8,4.7,243,87,444
2017,24,1,24,2300  -,11.1,942.9,5.4,245,87,444
2017,25,1,25,0000  -,11,942.9,5.3,244,87,444
2017,25,1,25,0100  -,10.9,943,4.4,240,87,444
2017,25,1,25,0200  -,10.8,942.7,4.6,238,88,444
2017,25,1,25,0300  -,10.8,942.4,4.2,240,88,444
2017,25,1,25,0400  -,11.3,942,4,242,88,444
2017,25,1,25,0500  -,11.6,941.7,3.5,249,88,444
2017,25,1,25,0600  -,12,941.4,3,259,88,444
2017,25,1,25,0700  -,11.9,941.1,1.4,268,87.8,444
2017,25,1,25,0800  -,12.3,940.7,1.1,307,87,444
2017,25,1,25,0900  -,12.8,940.3,1.4,313,87,444
2017,25,1,25,1000  -,14.1,940,2.1,330,86,444
2017,25,1,25,1100  -,14.7,939.8,1.8,342,85,444
2017,25,1,25,1200  -,14.5,939.2,2,5,84.6,444
2017,25,1,25,1300  -,14.3,938.6,2,12,84,444
2017,25,1,25,1400  -,13.8,938.2,2.4,13,81,444
2017,25,1,25,1500  -,15.4,937.7,2.9,13,80,444
2017,25,1,25,1600  -,15.9,937.4,3,7,78,444
2017,25,1,25,1700  -,14.7,937.2,3.4,358,77,444
2017,25,1,25,1800  -,13,936.8,3.1,4,76,444
2017,25,1,25,1900  -,13.2,936.4,3.1,5,77,444
2017,25,1,25,2000  -,12.6,936.1,2.8,22,78,444
2017,25,1,25,2100  -,12.9,935.9,2.6,31,78,444
2017,25,1,25,2200  -,13.3,935.6,2.6,20,78,444
2017,25,1,25,2300  -,12.2,935.4,2.9,25,77,444
2017,26,1,26,0000  -,11.6,935.2,2.1,33,75,444
2017,26,1,26,0100  -,11.7,934.9,3.4,30,73,444
2017,26,1,26,0200  -,11.5,934.7,2.1,42,73,444
2017,26,1,26,0300  -,12.8,934.4,3,46,78,444
2017,26,1,26,0400  -,12.7,934.2,4,24,74,444
2017,26,1,26,0500  -,13.6,934,3.7,24,76,444
2017,26,1,26,0600  -,15.8,934,3.2,19,78,444
2017,26,1,26,0700  -,16.7,933.9,3.8,19,80,444
2017,26,1,26,0800  -,15.6,933.6,3.7,14,77,444
2017,26,1,26,0900  -,17.7,933.7,3.5,17,77,444
2017,26,1,26,1000  -,17.1,933.8,4,15,77,444
2017,26,1,26,1100  -,17.1,934.1,3.7,15,76,444
2017,26,1,26,1200  -,17.1,934.3,3.6,10,77,444
2017,26,1,26,1300  -,15.6,934.5,3.7,8,75,444
2017,26,1,26,1400  -,14.5,934.7,3,360,70,444
2017,26,1,26,1500  -,15.1,935,2.6,1,72,444
2017,26,1,26,1600  -,16.7,935.2,2.7,358,77,444
2017,26,1,26,1700  -,15.1,935.6,2.5,346,76,444
2017,26,1,26,1800  -,14.1,936.1,2.7,349,73,444
2017,26,1,26,1900  -,13.5,936.7,1.7,4,72,444
2017,26,1,26,2000  -,13.7,937.2,2,20,75,444
2017,26,1,26,2100  -,13.8,937.7,1.9,7,67.7,444
2017,26,1,26,2200  -,13.4,938.3,1.3,356,65,444
2017,26,1,26,2300  -,13.8,938.9,2.3,331,73,444
2017,27,1,27,0000  -,14.6,939.4,3,312,74,444
2017,27,1,27,0100  -,14.9,939.7,2.4,320,76,444
2017,27,1,27,0200  -,14.7,940.2,1,292,76.1,444
2017,27,1,27,0300  -,16.4,940.5,2.2,300,83,444
2017,27,1,27,0400  -,16.1,940.5,3.6,307,87,444
2017,27,1,27,0500  -,15.9,940.9,2.5,306,84,444
2017,27,1,27,0600  -,16.1,941.3,2.8,275,84,444
2017,27,1,27,0700  -,16.1,941.6,3,318,84.8,444
2017,27,1,27,0800  -,16.3,941.6,2.7,313,84,444
2017,27,1,27,0900  -,16.7,941.7,3.3,311,84.8,444
2017,27,1,27,1000  -,15.7,941.6,2.6,294,86,444
2017,27,1,27,1100  -,14.1,941.8,1.2,307,87,444
2017,27,1,27,1200  -,13.6,941.8,1.6,276,86,444
2017,27,1,27,1300  -,13.4,941.4,2.3,275,87,444
2017,27,1,27,1400  -,12.9,940.7,1.7,264,86,444
2017,27,1,27,1500  -,12.2,940.4,1.2,294,86,444
2017,27,1,27,1600  -,11.5,940.1,1.4,314,86,444
2017,27,1,27,1700  -,10.6,939.8,1.9,317,84,444
2017,27,1,27,1800  -,13.4,939.3,2.4,353,85,444
2017,27,1,27,1900  -,13,938.6,2.4,37,84.8,444
2017,27,1,27,2000  -,13.3,938,4.8,28,82,444
2017,27,1,27,2100  -,15.6,937.3,4.7,28,83,444
2017,27,1,27,2200  -,15.2,936.7,2.9,34,79,444
2017,27,1,27,2300  -,15.4,936.1,4.4,42,79,444
2017,28,1,28,0000  -,15.6,935.3,4.8,55,78.8,444
2017,28,1,28,0100  -,15.7,934.4,4.3,59,77,444
2017,28,1,28,0200  -,14.3,933.5,6,39,72,444
2017,28,1,28,0300  -,14.9,932.3,6,56,73,444
2017,28,1,28,0400  -,16.8,931.5,5.1,52,75,444
2017,28,1,28,0500  -,18.2,930.6,3.8,65,76.1,444
2017,28,1,28,0600  -,19.2,929.7,4.7,65,76,444
2017,28,1,28,0700  -,19.8,928.8,5,62,75,444
2017,28,1,28,0800  -,20.9,927.7,5,73,76,444
2017,28,1,28,0900  -,21.1,926.5,5.7,71,74,444
2017,28,1,28,1000  -,21.7,925.8,5,71,73.5,444
2017,28,1,28,1100  -,22.2,925.1,5.2,75,73,444
2017,28,1,28,1200  -,22.5,924.4,4.4,75,73,444
2017,28,1,28,1300  -,22.5,923.4,4.3,79,73,444
2017,28,1,28,1400  -,22.5,922.4,4.9,84,71.8,444
2017,28,1,28,1500  -,22,921.5,6.1,97,71.9,444
2017,28,1,28,1600  -,21.7,920.4,6.7,94,72,444
2017,28,1,28,1700  -,21.2,919.9,5.3,102,72,444
2017,28,1,28,1800  -,20.5,919.4,5.3,96,72,444
2017,28,1,28,1900  -,19.9,918.7,5.1,93,73.4,444
2017,28,1,28,2000  -,19.1,918.4,4.8,96,73,444
2017,28,1,28,2100  -,18.5,918,4.7,98,73,444
2017,28,1,28,2200  -,18,917.4,4.9,96,72.5,444
2017,28,1,28,2300  -,17.8,917,4.1,104,72,444
2017,29,1,29,0000  -,17.7,916.7,3.7,114,72.2,444
2017,29,1,29,0100  -,17.7,916.1,2.4,135,71.6,444
2017,29,1,29,0200  -,17.5,915.6,2.4,147,69.9,444
2017,29,1,29,0300  -,16.8,915.3,2.2,174,65.3,444
2017,29,1,29,0400  -,18.6,915.1,2.8,208,73,444
2017,29,1,29,0500  -,18.7,914.7,3.3,198,74,444
2017,29,1,29,0600  -,19,914.6,3.4,210,73,444
2017,29,1,29,0700  -,19.9,914.4,3.5,244,72.7,444
2017,29,1,29,0800  -,20.4,914,4.6,243,74.6,444
2017,29,1,29,0900  -,20.9,914,4.1,238,76,444
2017,29,1,29,1000  -,21.8,913.8,5.6,250,81,444
2017,29,1,29,1100  -,21.7,913.5,7.2,246,81,444
2017,29,1,29,1200  -,22.3,913.9,7.3,246,79.2,444
2017,29,1,29,1300  -,22.3,914,8,250,78.6,444
2017,29,1,29,1400  -,22.3,914.2,7,247,77,444
2017,29,1,29,1500  -,22.1,914.5,7.8,253,78,444
2017,29,1,29,1600  -,21.9,915,8.3,253,79,444
2017,29,1,29,1700  -,21.5,915.5,8,255,77.7,444
2017,29,1,29,1800  -,21.2,916.1,7.3,260,77,444
2017,29,1,29,1900  -,21.1,916.8,7.5,260,76.8,444
2017,29,1,29,2000  -,20.5,917.2,7.4,263,76.8,444
2017,29,1,29,2100  -,19.6,917.7,7.1,258,78,444
2017,29,1,29,2200  -,18.7,918.3,6.3,253,77,444
2017,29,1,29,2300  -,18,918.7,6.1,249,80,444
2017,30,1,30,0000  -,17.8,919.6,5.5,183,75.2,444
2017,30,1,30,0100  -,17.9,920.1,7.1,212,77.1,444
2017,30,1,30,0200  -,17.8,920.8,5.3,211,77,444
2017,30,1,30,0300  -,18.4,921.3,6.5,208,76,444
2017,30,1,30,0400  -,18.4,921.9,5.9,213,76,444
2017,30,1,30,0500  -,19.1,922.4,6.4,227,80.2,444
2017,30,1,30,0600  -,19.1,923.2,6.8,219,81.3,444
2017,30,1,30,0700  -,18.6,924.1,6.8,216,82,444
2017,30,1,30,0800  -,18.4,924.6,6.9,205,80,444
2017,30,1,30,0900  -,18.4,925.3,6.4,192,81,444
2017,30,1,30,1000  -,18.4,925.7,6.2,201,81.3,444
2017,30,1,30,1100  -,18.5,926.2,5.2,221,83,444
2017,30,1,30,1200  -,18.1,926.8,3.8,163,79,444
2017,30,1,30,1300  -,18.2,927.3,3.8,188,79,444
2017,30,1,30,1400  -,18.3,927.7,4.5,188,81,444
2017,30,1,30,1500  -,19.1,928.1,3.4,172,80.8,444
2017,30,1,30,1600  -,19.7,928.6,4.4,124,79,444
2017,30,1,30,1700  -,20.6,929.2,2.1,101,77,444
2017,30,1,30,1800  -,19.4,929.5,2,154,76.5,444
2017,30,1,30,1900  -,20,929.9,2.7,107,77,444
2017,30,1,30,2000  -,19.2,930.4,2.1,102,75.7,444
2017,30,1,30,2100  -,18.5,930.6,2.8,86,75,444
2017,30,1,30,2200  -,18.1,931.1,1,104,73,444
2017,30,1,30,2300  -,18.4,931.6,2.4,101,74.6,444
2017,31,1,31,0000  -,17,932,2.4,54,73,444
2017,31,1,31,0100  -,17.8,932.4,3.1,84,75.8,444
2017,31,1,31,0200  -,18.5,932.7,2.3,59,74,444
2017,31,1,31,0300  -,19.4,932.8,3.4,60,75,444
2017,31,1,31,0400  -,20.1,933,2.7,59,75,444
2017,31,1,31,0500  -,22.2,933.2,3.1,70,75,444
2017,31,1,31,0600  -,21.6,933.7,4.2,53,75,444
2017,31,1,31,0700  -,21.7,934,3.1,36,72,444
2017,31,1,31,0800  -,22.6,934.1,2.7,32,73,444
2017,31,1,31,0900  -,23.6,934.3,3.1,34,74,444
2017,31,1,31,1000  -,23.6,934.6,3,34,74,444
2017,31,1,31,1100  -,24.2,934.8,1.4,50,72,444
2017,31,1,31,1200  -,23.9,934.7,3.7,30,75,444
2017,31,1,31,1300  -,23.2,934.5,3.9,36,75.5,444
2017,31,1,31,1400  -,23.2,934.5,3.6,22,76,444
2017,31,1,31,1500  -,23.1,934.4,3.3,41,74,444
2017,31,1,31,1600  -,22.8,934.2,2.2,45,73,444
2017,31,1,31,1700  -,22.7,934,3.5,32,74,444
2017,31,1,31,1800  -,22.6,933.7,3,68,74.9,444
2017,31,1,31,1900  -,21.5,933.6,3.4,70,74,444
2017,31,1,31,2000  -,21.1,933.3,3.5,82,73,444
2017,31,1,31,2100  -,20.4,933.2,3.7,76,72,444
2017,31,1,31,2200  -,20.5,932.8,4.9,85,72,444
2017,31,1,31,2300  -,20.9,932.8,5.3,71,71,444