2017,1,1,1,0,-10.6,868.9,6.2,84,63.3,444
2017,1,1,1,100,-10.6,868.7,7.7,84,64,444
2017,1,1,1,200,-10.6,868.4,8.7,89,63,444
2017,1,1,1,300,-10.1,868.2,8.5,89,62,444
2017,1,1,1,400,-10.5,867.9,9.5,86,65.4,444
2017,1,1,1,500,-10.7,867.8,9.3,85,65.5,444
2017,1,1,1,600,-10.5,867.8,9.9,92,65,444
2017,1,1,1,700,-10.6,867.5,9.8,90,66,444
2017,1,1,1,800,-10.8,867.4,10.6,90,68,444
2017,1,1,1,900,-10.7,867.4,10.2,84,69,444
2017,1,1,1,1000,-10.4,867.3,11.8,84,69.2,444
2017,1,1,1,1100,-10.6,867.4,12.4,78,71,444
2017,1,1,1,1200,-10.6,867.9,12.6,77,71,444
2017,1,1,1,1300,-10.6,868.1,12.7,79,71,444
2017,1,1,1,1400,-10.3,868.1,13.5,78,70,444
2017,1,1,1,1500,-10.1,868.2,13.3,78,70,444
2017,1,1,1,1600,-10,868.3,13.1,78,71,444
2017,1,1,1,1700,-9.6,868.8,12.6,76,72,444
2017,1,1,1,1800,-9.2,869.2,12.9,77,72,444
2017,1,1,1,1900,-8.8,869.6,12.1,76,72,444
2017,1,1,1,2000,-8.3,869.9,11.8,78,72,444
2017,1,1,1,2100,-7.9,870.2,11.1,80,71,444
2017,1,1,1,2200,-7.6,870.2,11.3,79,71.1,444
2017,1,1,1,2300,-7.5,870.1,11.7,81,71,444
2017,2,1,2,0,-7.7,869.9,11.3,80,73,444
2017,2,1,2,100,-6.8,869.9,12.1,81,70,444
2017,2,1,2,200,-7,869.5,12.2,83,71,444
2017,2,1,2,300,-6.9,869,12.4,81,73,444
2017,2,1,2,400,-7.1,868.8,12.7,81,71,444
2017,2,1,2,500,-7.5,868.6,12.5,85,72,444
2017,2,1,2,600,-7.3,868,13.7,82,73,444
2017,2,1,2,700,-7.1,867.8,14,83,74,444
2017,2,1,2,800,-7.3,867.6,15.6,84,74,444
2017,2,1,2,900,-7.5,867,16.3,81,75,444
2017,2,1,2,1000,-7.5,866.7,15.8,87,75,444
2017,2,1,2,1100,-7.5,866.4,15.4,87,75,444
2017,2,1,2,1200,-7.1,865.7,15.8,88,75,444
2017,2,1,2,1300,-7.1,865.5,16.5,88,76,444
2017,2,1,2,1400,-6.9,864.9,15.4,89,77.4,444
2017,2,1,2,1500,-7.1,864.2,17,90,78,444
2017,2,1,2,1600,-6.4,863.6,17.7,82,80,444
2017,2,1,2,1700,-6.2,863.3,19.8,82,85,444
2017,2,1,2,1800,-5.9,863.4,19.2,82,86,444
2017,2,1,2,1900,-5.8,863.3,20.3,82,87,444
2017,2,1,2,2000,-5.5,862.5,20.4,82,88,444
2017,2,1,2,2100,-5.2,862.1,20.4,82,88,444
2017,2,1,2,2200,-5,861.7,19.7,84,86,444
2017,2,1,2,2300,-4.8,861,20.3,84,88,444
2017,3,1,3,0,-4.5,861.1,18.9,83,89,444
2017,3,1,3,100,-4.3,860.7,19.2,82,89,444
2017,3,1,3,200,-4.3,860.4,19,84,90,444
2017,3,1,3,300,-4.4,860.1,18.9,84,90,444
2017,3,1,3,400,-4,860.3,17.3,80,91,444
2017,3,1,3,500,-3.6,860.7,16.3,76,91,444
2017,3,1,3,600,-3.7,860.8,17.4,80,91,444
2017,3,1,3,700,-3.7,860.8,16.7,80,90.8,444
2017,3,1,3,800,-3.4,861.3,15.9,76,92,444
2017,3,1,3,900,-3.5,861.4,15.2,77,92,444
2017,3,1,3,1000,-2.9,862.2,14.9,77,93,444
2017,3,1,3,1100,-3.7,862.7,14.5,77,92,444
2017,3,1,3,1200,-3.9,863.1,14.3,81,91.1,444
2017,3,1,3,1300,-4.1,863.4,14.3,80,90.2,444
2017,3,1,3,1400,-4.2,864,14.4,80,89,444
2017,3,1,3,1500,-4.1,864.6,13.2,77,89,444
2017,3,1,3,1600,-4,865.3,12,75,89,444
2017,3,1,3,1700,-3.8,866.5,6.4,44,86.8,444
2017,3,1,3,1800,-4.1,867.4,8,59,84,444
2017,3,1,3,1900,-4.3,868.4,7.3,46,86,444
2017,3,1,3,2000,-4.7,869.5,8.4,46,84,444
2017,3,1,3,2100,-4.9,870.4,8.3,38,83,444
2017,3,1,3,2200,-4.7,871.2,8.5,54,83,444
2017,3,1,3,2300,-5.4,871.9,8.8,42,82,444
2017,4,1,4,0,-5.1,872.7,8.7,36,83.4,444
2017,4,1,4,100,-5.1,873.6,7.6,51,83,444
2017,4,1,4,200,-5.1,873.9,7.9,48,84,444
2017,4,1,4,300,-5,874.7,7.3,45,83,444
2017,4,1,4,400,-5.2,875.6,5.6,44,85,444
2017,4,1,4,500,-5.2,876.2,4.9,57,85.8,444
2017,4,1,4,600,-5.1,876.7,6.4,52,85,444
2017,4,1,4,700,-5.3,877.3,3.9,46,88,444
2017,4,1,4,800,-5.3,877.9,3.4,56,88,444
2017,4,1,4,900,-5.5,878.5,3.9,53,88,444
2017,4,1,4,1000,-5.4,878.9,3.4,56,86.8,444
2017,4,1,4,1100,-5.6,879.4,3.7,38,88,444
2017,4,1,4,1200,-5.8,879.7,3.2,61,89,444
2017,4,1,4,1300,-5.8,880,2.7,62,86,444
2017,4,1,4,1400,-5.9,880.4,3.8,78,86,444
2017,4,1,4,1500,-5.7,880.5,3.6,60,86.1,444
2017,4,1,4,1600,-5.5,880.6,2.6,61,85,444
2017,4,1,4,1700,-5.3,880.8,2.4,62,84,444
2017,4,1,4,1800,-5,881.1,2.3,39,85,444
2017,4,1,4,1900,-4.8,881.3,2,27,84,444
2017,4,1,4,2000,-4.5,881.5,1.8,354,82.8,444
2017,4,1,4,2100,-4.4,881.7,1.5,308,81,444
2017,4,1,4,2200,-4.2,881.7,1.2,276,84.2,444
2017,4,1,4,2300,-4.7,881.6,1.7,254,89,444
2017,5,1,5,0,-4.9,881.5,2.6,250,90,444
2017,5,1,5,100,-5,881.3,2.8,220,88,444
2017,5,1,5,200,-5.2,881,2.9,238,82.7,444
2017,5,1,5,300,-5.4,880.7,3.1,253,86.7,444
2017,5,1,5,400,-5.6,880.4,3,241,88,444
2017,5,1,5,500,-5.7,880,2.7,241,92,444
2017,5,1,5,600,-5.6,879.8,1.4,280,91.2,444
2017,5,1,5,700,-5.6,879.4,5.6,250,93,444
2017,5,1,5,800,-5.8,879,5.5,255,92.1,444
2017,5,1,5,900,-5.9,878.8,6,254,92,444
2017,5,1,5,1000,-6.1,878.5,6.7,252,91,444
2017,5,1,5,1100,-6.2,878.2,6.2,262,91,444
2017,5,1,5,1200,-6.4,877.8,5.2,266,91,444
2017,5,1,5,1300,-6.6,877.3,5,272,90.5,444
2017,5,1,5,1400,-6.6,876.9,6.7,259,90,444
2017,5,1,5,1500,-6.5,876.2,5.4,255,90,444
2017,5,1,5,1600,-6.6,875.7,6.2,262,89,444
2017,5,1,5,1700,-6.4,875.3,5.8,264,89,444
2017,5,1,5,1800,-6.3,875,6.4,271,88.7,444
2017,5,1,5,1900,-6.3,874.6,6.4,277,89,444
2017,5,1,5,2000,-6.3,874.2,6.4,268,88,444
2017,5,1,5,2100,-7.4,873.7,6.3,265,87,444
2017,5,1,5,2200,-7.6,873.2,5.4,256,86,444
2017,5,1,5,2300,-6.8,872.8,5,261,84.2,444
2017,6,1,6,0,-8.5,872.3,3.7,268,84,444
2017,6,1,6,100,-7.6,871.7,3.1,270,83,444
2017,6,1,6,200,-7.7,871.1,4.5,297,83,444
2017,6,1,6,300,-8.5,870.4,1.4,324,84,444
2017,6,1,6,400,-7.9,869.7,3,290,84.4,444
2017,6,1,6,500,-8.4,869.4,3,245,86,444
2017,6,1,6,600,-8.7,869,2.6,245,85,444
2017,6,1,6,700,-8.7,868.7,2.3,265,85,444
2017,6,1,6,800,-9.4,868.5,3.3,260,87,444
2017,6,1,6,900,-9.1,868.3,1.7,253,85.3,444
2017,6,1,6,1000,-9.3,868.2,2.6,269,86,444
2017,6,1,6,1100,-9.8,868,4.8,260,89,444
2017,6,1,6,1200,-9.1,867.9,3.7,252,87,444
2017,6,1,6,1300,-9.3,867.8,3.7,271,87,444
2017,6,1,6,1400,-9.1,867.7,2.5,270,86,444
2017,6,1,6,1500,-8.6,867.5,2,266,85,444
2017,6,1,6,1600,-8.1,867.6,2,256,83.6,444
2017,6,1,6,1700,-8,867.8,1.8,262,82,444
2017,6,1,6,1800,-6.8,868.2,1.2,266,79,444
2017,6,1,6,1900,444,868.6,0.7,284,78,444
2017,6,1,6,2000,444,869.1,0.2,206,76,444
2017,6,1,6,2100,444,869.5,0.5,301,74,444
2017,6,1,6,2200,444,869.8,1,260,67,444
2017,6,1,6,2300,-8.9,870.1,1.7,174,79,444
2017,7,1,7,0,444,870.5,1.3,208,70,444
2017,7,1,7,100,-11.2,870.6,2.8,46,67,444
2017,7,1,7,200,-12.6,870.3,3.9,82,71.6,444
2017,7,1,7,300,-9.6,870.7,2.9,85,76,444
2017,7,1,7,400,-9.2,871.2,3.2,84,76,444
2017,7,1,7,500,-12.2,871.3,5.8,101,69,444
2017,7,1,7,600,-12.5,871.6,5.5,99,67,444
2017,7,1,7,700,-12.8,872,5.7,100,65,444
2017,7,1,7,800,-12.9,872.3,6.3,94,62,444
2017,7,1,7,900,-13.3,872.4,7.6,90,64,444
2017,7,1,7,1000,-12.3,872.8,7.3,78,65,444
2017,7,1,7,1100,-11.7,873.3,8.3,76,65,444
2017,7,1,7,1200,-11.6,873.8,9.2,72,65,444
2017,7,1,7,1300,-11.4,874.3,9.1,72,64.9,444
2017,7,1,7,1400,-11.1,874.4,8.9,71,65,444
2017,7,1,7,1500,-10.6,874.7,9.1,72,64,444
2017,7,1,7,1600,-10.1,874.9,9.5,71,63,444
2017,7,1,7,1700,-9.8,875.1,9.1,79,63,444
2017,7,1,7,1800,-9.4,875.4,8.5,78,61.3,444
2017,7,1,7,1900,-9.3,875.6,8.2,84,62,444
2017,7,1,7,2000,-9.1,875.9,7,89,62,444
2017,7,1,7,2100,-9,876,6.8,92,65,444
2017,7,1,7,2200,-9,875.8,6.7,101,66,444
2017,7,1,7,2300,-8.6,875.7,7.4,93,65,444
2017,8,1,8,0,-8.6,875.7,7.2,94,65,444
2017,8,1,8,100,-8.8,875.4,7.5,96,64.3,444
2017,8,1,8,200,-9,875.1,8.1,96,62.9,444
2017,8,1,8,300,-9.1,874.9,7.6,98,63,444
2017,8,1,8,400,-9.4,874.7,7.2,95,63,444
2017,8,1,8,500,-9.5,874.5,6.8,98,64,444
2017,8,1,8,600,-9.9,874.3,6.8,98,64.2,444
2017,8,1,8,700,-10.1,874.2,7.6,94,65.8,444
2017,8,1,8,800,-10.2,873.8,8.6,95,65,444
2017,8,1,8,900,-10.8,873.6,8.9,98,66,444
2017,8,1,8,1000,-10.9,873.4,9.6,95,65,444
2017,8,1,8,1100,-11.1,873.4,9.1,96,65.4,444
2017,8,1,8,1200,-11,873.2,9.5,93,65.1,444
2017,8,1,8,1300,-10.9,873.1,9.2,92,65,444
2017,8,1,8,1400,-10.9,872.8,9.3,92,66,444
2017,8,1,8,1500,-10.5,872.5,9.2,89,65,444
2017,8,1,8,1600,-10.3,872.6,8.8,90,64.2,444
2017,8,1,8,1700,-10,872.7,9.2,88,64,444
2017,8,1,8,1800,-9.8,872.5,9.6,88,64,444
2017,8,1,8,1900,-9.6,872.2,10.5,86,64,444
2017,8,1,8,2000,-9.5,872.2,10.8,84,66,444
2017,8,1,8,2100,-9.5,872.2,10.2,81,65.7,444
2017,8,1,8,2200,-9.7,872.2,10.4,79,65,444
2017,8,1,8,2300,-9.9,872.2,11.1,79,67,444
2017,9,1,9,0,-9.9,872,11.6,80,67.3,444
2017,9,1,9,100,-10.1,871.8,11.5,80,66,444
2017,9,1,9,200,-10.1,871.6,12.1,78,66,444
2017,9,1,9,300,-10.2,871.6,11,80,65,444
2017,9,1,9,400,-10.4,871.4,11.6,79,65,444
2017,9,1,9,500,-10.8,871.5,11.2,79,66.8,444
2017,9,1,9,600,-11,871.1,12.8,78,66,444
2017,9,1,9,700,-11.1,871.4,12.3,80,66,444
2017,9,1,9,800,-11.3,871.4,12,78,66,444
2017,9,1,9,900,-11.9,871.3,12.9,77,68.3,444
2017,9,1,9,1000,-12,871.3,14.3,75,67,444
2017,9,1,9,1100,-12.2,871.5,14.4,77,67,444
2017,9,1,9,1200,-12.4,871.7,13.1,78,68,444
2017,9,1,9,1300,-12.6,871.8,13.8,74,68,444
2017,9,1,9,1400,-12.7,871.7,13.6,78,67.9,444
2017,9,1,9,1500,-12.3,872,13.3,75,67,444
2017,9,1,9,1600,-12.1,872.1,13.9,76,67,444
2017,9,1,9,1700,-12.1,872.4,12.9,76,67,444
2017,9,1,9,1800,-11.8,872.5,12.9,76,67,444
2017,9,1,9,1900,-11.7,872.5,12,78,66.7,444
2017,9,1,9,2000,-11.5,872.6,12.3,78,67,444
2017,9,1,9,2100,-11.3,872.5,11.3,80,65,444
2017,9,1,9,2200,-11.1,872.4,12.3,82,65,444
2017,9,1,9,2300,-10.9,872.5,11.4,78,65,444
2017,10,1,10,0,-10.7,872.4,12.3,74,66,444
2017,10,1,10,100,-10.7,872.3,12.5,71,66.8,444
2017,10,1,10,200,-10.7,872.1,11.4,73,65,444
2017,10,1,10,300,-10.8,871.8,12.1,72,65,444
2017,10,1,10,400,-10.9,872.2,11.5,75,66,444
2017,10,1,10,500,-11,872.3,12,74,65,444
2017,10,1,10,600,-11,872.3,11.2,76,68,444
2017,10,1,10,700,-11.4,872,11.9,72,67,444
2017,10,1,10,800,-11.5,871.9,12.5,78,67,444
2017,10,1,10,900,-12,872,13,76,68,444
2017,10,1,10,1000,-11.9,872,13.1,71,68,444
2017,10,1,10,1100,-12.1,871.8,13.8,72,69,444
2017,10,1,10,1200,-12.1,872,13.5,77,69,444
2017,10,1,10,1300,-12,872.3,13.6,75,68,444
2017,10,1,10,1400,-12,872.4,13.4,74,68,444
2017,10,1,10,1500,-12,872.4,12.8,71,67,444
2017,10,1,10,1600,-12,872.6,13.5,72,67,444
2017,10,1,10,1700,-11.7,872.7,12.9,70,66.8,444
2017,10,1,10,1800,-11.8,873.2,13.6,76,67,444
2017,10,1,10,1900,-11.8,872.9,13.2,70,66,444
2017,10,1,10,2000,-11.4,873.1,12.6,73,67,444
2017,10,1,10,2100,-11.3,873.2,12.8,71,67,444
2017,10,1,10,2200,-11.3,873.9,12,71,68,444
2017,10,1,10,2300,-11.1,874.1,12.7,72,67,444
2017,11,1,11,0,-10.9,874.3,12.5,69,69,444
2017,11,1,11,100,-11.5,874.7,11.5,74,69,444
2017,11,1,11,200,-11.5,874.8,10.8,73,67,444
2017,11,1,11,300,-11.8,874.9,10.6,75,66,444
2017,11,1,11,400,-12.1,874.9,10.3,73,66,444
2017,11,1,11,500,-12.4,875,10.3,77,66,444
2017,11,1,11,600,-12.7,875,10.6,75,65,444
2017,11,1,11,700,-12.7,875,10.5,74,65,444
2017,11,1,11,800,-12.8,875,11,72,66,444
2017,11,1,11,900,-12.9,875,10.8,80,66,444
2017,11,1,11,1000,-12.8,874.8,12.8,77,67,444
2017,11,1,11,1100,-13,875.1,12.7,72,67,444
2017,11,1,11,1200,-13,875.1,12.3,71,69,444
2017,11,1,11,1300,-12.7,875.3,13.2,73,69,444
2017,11,1,11,1400,-12.2,875.1,13,71,72.7,444
2017,11,1,11,1500,-11.9,875.1,13.2,70,72,444
2017,11,1,11,1600,-11.7,875.2,13.6,75,70,444
2017,11,1,11,1700,-11.8,875.1,13.2,76,73,444
2017,11,1,11,1800,-11.1,875.4,13.1,79,72,444
2017,11,1,11,1900,-10.9,875.4,13.1,75,72,444
2017,11,1,11,2000,-10.3,876.2,12.5,71,76,444
2017,11,1,11,2100,-10.3,876.6,11.1,71,78,444
2017,11,1,11,2200,-10.4,877.1,10.6,73,77,444
2017,11,1,11,2300,-10.5,877.5,10,77,81,444
2017,12,1,12,0,-10.4,877.7,9.3,80,81,444
2017,12,1,12,100,-10.1,877.8,9.5,86,80,444
2017,12,1,12,200,-10.1,877.9,8.8,80,78,444
2017,12,1,12,300,-10.2,877.7,9.2,92,75,444
2017,12,1,12,400,-10.1,877.6,9.1,76,73.3,444
2017,12,1,12,500,-10.2,877.6,8,76,74,444
2017,12,1,12,600,-10.3,877.7,7.5,97,73,444
2017,12,1,12,700,-10.2,877.7,8.6,98,69.9,444
2017,12,1,12,800,-10.5,877.8,8.1,106,69,444
2017,12,1,12,900,-10.9,877.8,8.6,105,69,444
2017,12,1,12,1000,-11.4,877.9,9.5,116,69,444
2017,12,1,12,1100,-12.1,877.8,10.8,115,64,444
2017,12,1,12,1200,-12.5,877.9,10.8,113,64.2,444
2017,12,1,12,1300,-12.7,877.8,9.9,110,63,444
2017,12,1,12,1400,-12.9,877.8,9.2,113,63,444
2017,12,1,12,1500,-12.6,877.6,10.2,114,62,444
2017,12,1,12,1600,-12.6,877.5,9.9,113,62,444
2017,12,1,12,1700,-12.4,877.7,9.8,113,61.7,444
2017,12,1,12,1800,-12,877.8,10.3,115,60,444
2017,12,1,12,1900,-11.7,877.9,9.9,118,61,444
2017,12,1,12,2000,-11.5,878,9.9,115,60,444
2017,12,1,12,2100,-11.2,878.1,10.2,112,60,444
2017,12,1,12,2200,-11,878.3,10.1,110,59,444
2017,12,1,12,2300,-10.9,878.5,10.4,114,59,444
2017,13,1,13,0,-11,878.7,10.1,118,59.2,444
2017,13,1,13,100,-10.9,879,8.9,113,59.4,444
2017,13,1,13,200,-10.9,879.1,9.6,114,58,444
2017,13,1,13,300,-11.1,879,10.4,119,58,444
2017,13,1,13,400,-11.4,879.2,10.1,121,57,444
2017,13,1,13,500,-11.9,879.2,10,118,59.7,444
2017,13,1,13,600,-12.3,879.6,9.3,113,60,444
2017,13,1,13,700,-12.6,879.9,8.8,121,59,444
2017,13,1,13,800,-13.1,880.1,6.6,111,62,444
2017,13,1,13,900,-13.3,880.2,6.9,102,61,444
2017,13,1,13,1000,-13.6,880.5,6.5,110,60.6,444
2017,13,1,13,1100,-13.5,880.9,8.3,113,59,444
2017,13,1,13,1200,-13.7,881.1,7,107,61,444
2017,13,1,13,1300,-13.7,881.4,6.6,103,62,444
2017,13,1,13,1400,-13.2,881.6,7.2,97,63,444
2017,13,1,13,1500,-13,881.8,6.3,98,61.9,444
2017,13,1,13,1600,-12.7,882,5.6,105,63,444
2017,13,1,13,1700,-12.4,882.2,5.7,102,64.1,444
2017,13,1,13,1800,-11.9,882.5,5.1,107,67,444
2017,13,1,13,1900,-12.4,882.6,5,103,68,444
2017,13,1,13,2000,-11.4,882.5,5.1,100,63.4,444
2017,13,1,13,2100,-11,882.4,6.5,106,62,444
2017,13,1,13,2200,-10.6,882.6,6.7,86,66.2,444
2017,13,1,13,2300,-10.4,882.6,6.6,92,64.7,444
2017,14,1,14,0,-10.3,882.6,5.1,103,69,444
2017,14,1,14,100,-10.3,882.8,5.6,74,70,444
2017,14,1,14,200,-9.9,882.4,4.9,86,70,444
2017,14,1,14,300,-10,882,6.3,86,68.9,444
2017,14,1,14,400,-10.5,881.6,7.7,82,64,444
2017,14,1,14,500,-10.4,881.6,8.2,92,65,444
2017,14,1,14,600,-10.7,881.5,8.2,98,65,444
2017,14,1,14,700,-10.9,881.4,7.4,92,65,444
2017,14,1,14,800,-12.1,881,7.8,100,65.3,444
2017,14,1,14,900,-12.4,880.4,8.4,101,63,444
2017,14,1,14,1000,-12.6,880.1,8.4,96,63.4,444
2017,14,1,14,1100,-12.7,879.5,9.9,89,65,444
2017,14,1,14,1200,-12.7,879.2,10.6,80,64,444
2017,14,1,14,1300,-12.9,878.7,10.6,89,65.6,444
2017,14,1,14,1400,-12.8,878.4,10.3,91,65,444
2017,14,1,14,1500,-12.9,877.9,10.4,89,66.3,444
2017,14,1,14,1600,-12.8,877.2,10.7,79,66,444
2017,14,1,14,1700,-12.7,876.6,12.3,72,67,444
2017,14,1,14,1800,-12.5,876.6,12.6,70,65.8,444
2017,14,1,14,1900,-12.3,876.1,12.3,74,65,444
2017,14,1,14,2000,-12,875.8,11.8,81,63.9,444
2017,14,1,14,2100,-11.9,875.5,11.1,87,64,444
2017,14,1,14,2200,-11.8,875.1,10.5,74,64,444
2017,14,1,14,2300,-11.8,874.9,10.2,78,62,444
2017,15,1,15,0,-11.7,874.6,9.8,80,61,444
2017,15,1,15,100,-11.5,874.2,8.7,87,61.9,444
2017,15,1,15,200,-11.7,873.4,9.7,90,64,444
2017,15,1,15,300,-11.9,872.6,9.3,95,61,444
2017,15,1,15,400,-12.3,871.7,10.2,89,61,444
2017,15,1,15,500,-12.3,870.9,9.4,98,60,444
2017,15,1,15,600,-13,870.1,7.5,114,62.8,444
2017,15,1,15,700,-13.2,869.2,8.8,104,62,444
2017,15,1,15,800,-13.3,868.2,11.1,109,65,444
2017,15,1,15,900,-13.4,867.2,10.8,109,66,444
2017,15,1,15,1000,-13.4,866.3,12.7,104,69,444
2017,15,1,15,1100,-13.5,865.4,13.9,96,72.5,444
2017,15,1,15,1200,-13.4,864.6,14.5,99,73,444
2017,15,1,15,1300,-13,864.4,14.4,92,76.1,444
2017,15,1,15,1400,-12.6,863.4,15.8,73,74,444
2017,15,1,15,1500,-12.4,862.9,17,66,76,444
2017,15,1,15,1600,-12.6,863,16.5,67,74.1,444
2017,15,1,15,1700,-12.8,862.9,17.8,67,74.7,444
2017,15,1,15,1800,-12.6,863.5,17.2,71,75.8,444
2017,15,1,15,1900,-12.3,864.4,16,70,74,444
2017,15,1,15,2000,-12.1,864.9,14.4,72,72,444
2017,15,1,15,2100,-12,865.5,12.9,71,72.8,444
2017,15,1,15,2200,-12.1,866.1,11.9,67,70,444
2017,15,1,15,2300,-12.9,866.5,13,65,70.3,444
2017,16,1,16,0,-13,867.1,12.5,65,71,444
2017,16,1,16,100,-13.2,867.8,11.4,66,73,444
2017,16,1,16,200,-13.3,867.9,10.4,68,72,444
2017,16,1,16,300,-13.5,868.3,10.3,67,71,444
2017,16,1,16,400,-13.6,868.6,9.1,68,70.1,444
2017,16,1,16,500,-13.8,868.7,9.1,67,71,444
2017,16,1,16,600,-14,869.1,7.3,70,70,444
2017,16,1,16,700,-14,869.3,7.7,72,69,444
2017,16,1,16,800,-14.3,869.5,7,75,70,444
2017,16,1,16,900,-14.3,869.7,7.4,75,69.5,444
2017,16,1,16,1000,-14,870,7.4,63,71.6,444
2017,16,1,16,1100,-14.4,870.7,7.3,63,73,444
2017,16,1,16,1200,-15,871.2,7,57,75,444
2017,16,1,16,1300,-14.9,871.6,7.2,59,76,444
2017,16,1,16,1400,-14.5,872,6.4,70,76,444
2017,16,1,16,1500,-14.6,872.6,8,61,75,444
2017,16,1,16,1600,-13.9,872.9,8.4,66,74,444
2017,16,1,16,1700,-14,873.4,8,57,74,444
2017,16,1,16,1800,-13.6,873.9,8.3,60,72,444
2017,16,1,16,1900,-14.2,874.6,8.8,53,75,444
2017,16,1,16,2000,-14,875.2,9.1,59,74,444
2017,16,1,16,2100,-14,876,9.9,63,73,444
2017,16,1,16,2200,-13.7,876.3,8.8,64,72,444
2017,16,1,16,2300,-13.3,876.7,8.7,64,71,444
2017,17,1,17,0,-12.8,877.1,7,69,70,444
2017,17,1,17,100,-12.3,877.3,5.7,63,70,444
2017,17,1,17,200,-12.8,877.3,3.4,62,73,444
2017,17,1,17,300,-12.1,877.1,1.8,50,70.9,444
2017,17,1,17,400,-10.5,877.2,6.7,56,73,444
2017,17,1,17,500,-10.8,876.8,9.1,68,73,444
2017,17,1,17,600,-11,876.7,11.6,63,70,444
2017,17,1,17,700,-11.7,876.6,12.7,58,69,444
2017,17,1,17,800,-12.3,876.5,12.7,65,68,444
2017,17,1,17,900,-12.8,876.5,10.6,64,66,444
2017,17,1,17,1000,-13.1,876.3,11.8,53,65,444
2017,17,1,17,1100,-13.3,876.2,12.8,62,63,444
2017,17,1,17,1200,-13.3,876.2,12.7,60,62,444
2017,17,1,17,1300,-13.6,876.1,12.3,60,63,444
2017,17,1,17,1400,-13.1,876,11.1,63,65.8,444
2017,17,1,17,1500,-13.1,875.8,11.2,67,65,444
2017,17,1,17,1600,-12.8,875.5,12,68,66,444
2017,17,1,17,1700,-12.7,875.6,11.8,66,67,444
2017,17,1,17,1800,-12.5,875.7,11.2,66,66,444
2017,17,1,17,1900,-12.1,875.9,10.5,64,66,444
2017,17,1,17,2000,-11.8,876,10.1,67,66,444
2017,17,1,17,2100,-11.4,876.1,10.4,67,65,444
2017,17,1,17,2200,-11.5,876.3,8.4,70,68,444
2017,17,1,17,2300,-11.7,876.2,8.6,68,67,444
2017,18,1,18,0,-12,876.3,6.6,61,71,444
2017,18,1,18,100,-11.7,876.5,4.5,74,71,444
2017,18,1,18,200,-11.2,876.2,6.9,70,67,444
2017,18,1,18,300,-11.1,875.8,6.4,73,65,444
2017,18,1,18,400,-11.3,875.5,6,71,64,444
2017,18,1,18,500,-12.2,875.3,6,88,67,444
2017,18,1,18,600,-12.1,875,5.9,87,64,444
2017,18,1,18,700,-12.3,874.7,5.6,90,62,444
2017,18,1,18,800,-12.5,874.4,5.6,91,64,444
2017,18,1,18,900,-12.5,873.9,4.7,77,66,444
2017,18,1,18,1000,-12.9,873.8,4.9,87,67,444
2017,18,1,18,1100,-12.2,873.5,3.9,86,64,444
2017,18,1,18,1200,-12.3,873.2,2.6,81,66,444
2017,18,1,18,1300,-12.8,872.9,3.5,83,66,444
2017,18,1,18,1400,-11.5,872.8,5,91,64,444
2017,18,1,18,1500,-11,872.8,4.4,91,67,444
2017,18,1,18,1600,-9.4,872.8,5.9,84,66.7,444
2017,18,1,18,1700,-10.1,872.8,5.3,76,71.1,444
2017,18,1,18,1800,-9.5,872.9,5.5,80,67,444
2017,18,1,18,1900,-9,873,6.3,78,65,444
2017,18,1,18,2000,-9.3,873.4,6.8,76,66,444
2017,18,1,18,2100,-9.4,873.4,5.8,75,64.8,444
2017,18,1,18,2200,-9.2,873.4,6.8,77,65.3,444
2017,18,1,18,2300,-8.7,873.6,5.4,74,66,444
2017,19,1,19,0,-8.4,873.7,8.4,65,67,444
2017,19,1,19,100,-9,873.8,6.4,64,69,444
2017,19,1,19,200,-9,874,4.5,82,68.4,444
2017,19,1,19,300,-9.2,874.1,4.5,73,68,444
2017,19,1,19,400,-10.4,874.1,3.8,50,71,444
2017,19,1,19,500,-11.6,873.8,4.5,47,73,444
2017,19,1,19,600,-11.8,873.9,2.8,78,74,444
2017,19,1,19,700,-9.5,873.8,6.1,97,69,444
2017,19,1,19,800,-8.6,873.8,8.3,82,65,444
2017,19,1,19,900,-8.7,873.8,10.8,75,66,444
2017,19,1,19,1000,-9.6,873.9,10.8,68,68,444
2017,19,1,19,1100,-10.4,874.1,11.1,76,68,444
2017,19,1,19,1200,-10.5,874,11.1,69,69,444
2017,19,1,19,1300,-10.2,874.1,12,67,66,444
2017,19,1,19,1400,-9.9,874.6,10.1,69,66,444
2017,19,1,19,1500,-9.6,874.8,9.9,71,65,444
2017,19,1,19,1600,-9.2,875.2,8.6,74,63,444
2017,19,1,19,1700,-8.4,875.3,9.6,72,64,444
2017,19,1,19,1800,-7.8,875.5,11.2,71,63,444
2017,19,1,19,1900,-7.6,875.8,10.6,74,61.3,444
2017,19,1,19,2000,-7.4,876.1,10.6,69,62,444
2017,19,1,19,2100,-7.3,876.3,9.8,67,63,444
2017,19,1,19,2200,-7,876.5,10.4,71,65,444
2017,19,1,19,2300,-6.6,876.7,10.4,72,65,444
2017,20,1,20,0,-7.1,876.7,9.5,72,66.4,444
2017,20,1,20,100,-7.2,876.9,8.8,74,67,444
2017,20,1,20,200,-7.6,877,8.6,72,68,444
2017,20,1,20,300,-7.7,876.9,7.7,73,66,444
2017,20,1,20,400,-7.8,876.7,8,74,66,444
2017,20,1,20,500,-8.3,876.6,8.9,75,66.2,444
2017,20,1,20,600,-9.1,876.6,8.9,75,69,444
2017,20,1,20,700,-9.7,876.7,9.4,70,67.8,444
2017,20,1,20,800,-10.1,876.8,9.3,74,65,444
2017,20,1,20,900,-10.4,876.8,9.6,74,65,444
2017,20,1,20,1000,-10.6,876.8,10.1,73,62,444
2017,20,1,20,1100,-11.6,877,8.7,69,64,444
2017,20,1,20,1200,-11.6,877,9.3,69,63.7,444
2017,20,1,20,1300,-11.8,877.1,9.3,72,63,444
2017,20,1,20,1400,-11.7,876.9,8.8,70,63,444
2017,20,1,20,1500,-11.7,876.7,8.6,68,62,444
2017,20,1,20,1600,-11.7,876.5,7.4,69,64,444
2017,20,1,20,1700,-11,876.4,7.8,67,63.4,444
2017,20,1,20,1800,-10.9,876.5,7.3,73,65,444
2017,20,1,20,1900,-10.8,876.3,7,73,66,444
2017,20,1,20,2000,-10.4,876.2,7.1,72,64,444
2017,20,1,20,2100,-10.1,876.2,6.3,78,65,444
2017,20,1,20,2200,-9.9,876.2,6.3,75,63.3,444
2017,20,1,20,2300,-9.9,876,5,74,65,444
2017,21,1,21,0,-10,875.7,6,73,65,444
2017,21,1,21,100,-10.2,875.6,4.7,69,67,444
2017,21,1,21,200,-10.4,875.4,2.4,82,71,444
2017,21,1,21,300,-10.8,874.9,3.5,77,70.8,444
2017,21,1,21,400,-11.8,874.4,1.4,60,74,444
2017,21,1,21,500,-11.9,873.9,3.7,78,70,444
2017,21,1,21,600,-12.1,873.4,4.3,81,68,444
2017,21,1,21,700,-12.6,872.9,3.8,92,68,444
2017,21,1,21,800,-12.8,872.2,5.3,85,66,444
2017,21,1,21,900,-13.1,871.6,5.2,83,65.8,444
2017,21,1,21,1000,-13.4,871.2,6.5,89,65,444
2017,21,1,21,1100,-13.2,870.8,7.1,87,63,444
2017,21,1,21,1200,-13.1,870.3,6.6,85,63,444
2017,21,1,21,1300,-13.7,869.7,6.7,88,63,444
2017,21,1,21,1400,-13.3,869.3,6.6,94,61,444
2017,21,1,21,1500,-13.4,868.4,7.8,84,61,444
2017,21,1,21,1600,-13.2,867.5,8.3,80,60,444
2017,21,1,21,1700,-13.2,866.9,7.6,78,60,444
2017,21,1,21,1800,-12.8,866.2,6.8,79,61,444
2017,21,1,21,1900,-12.1,865.8,6.1,90,62,444
2017,21,1,21,2000,-11.4,865,7.4,95,61,444
2017,21,1,21,2100,-10.7,864.5,7.9,95,63,444
2017,21,1,21,2200,-10.9,863.8,7.7,97,61,444
2017,21,1,21,2300,-10.6,863.1,9.6,84,65,444
2017,22,1,22,0,-10.6,862.6,11.6,81,67.9,444
2017,22,1,22,100,-11.2,861.2,13.6,76,69,444
2017,22,1,22,200,-11.6,860.7,13.1,87,69,444
2017,22,1,22,300,-11.7,860,12.8,83,69.3,444
2017,22,1,22,400,-11.6,858.9,12.7,88,67,444
2017,22,1,22,500,-12.4,857.9,13.1,92,72,444
2017,22,1,22,600,-12.6,856.8,15.1,101,72,444
2017,22,1,22,700,-13,855.5,14.9,96,75,444
2017,22,1,22,800,-13.5,853.3,18.2,98,77.7,444
2017,22,1,22,900,-13.6,851.3,17.1,92,78,444
2017,22,1,22,1000,-12,849.9,20.3,49,81,444
2017,22,1,22,1100,-11.9,848.7,21.6,45,82,444
2017,22,1,22,1200,-11.9,848.4,23,43,82,444
2017,22,1,22,1300,-11.8,847.8,23.3,45,82,444
2017,22,1,22,1400,-11.8,848.5,23.3,52,81,444
2017,22,1,22,1500,-11.6,849.2,23.2,58,81,444
2017,22,1,22,1600,-11.4,849.4,23.1,61,81,444
2017,22,1,22,1700,-11.2,849,23,58,81.6,444
2017,22,1,22,1800,-10.9,849.8,21.9,61,82,444
2017,22,1,22,1900,-10.4,850.5,21.9,68,82,444
2017,22,1,22,2000,-9.6,851.4,21,72,83,444
2017,22,1,22,2100,-9.2,852.6,18.8,72,84,444
2017,22,1,22,2200,-8.9,852.9,19.1,75,83.8,444
2017,22,1,22,2300,-8.5,853.9,18.1,72,84,444
2017,23,1,23,0,-8.3,854.4,19.5,76,84,444
2017,23,1,23,100,-8.1,855.3,18,73,85,444
2017,23,1,23,200,-8.1,856.3,17.4,73,85,444
2017,23,1,23,300,-8.3,857.1,18,70,86,444
2017,23,1,23,400,-8.3,858.2,18.1,69,86,444
2017,23,1,23,500,-8.6,859.4,18.3,66,86,444
2017,23,1,23,600,-8.9,860.6,18.5,64,85.6,444
2017,23,1,23,700,-9.3,861.5,18.5,67,85,444
2017,23,1,23,800,-9.6,862.6,19.3,68,85,444
2017,23,1,23,900,-9.9,863.6,19.3,69,85,444
2017,23,1,23,1000,-10.1,864.5,19.1,70,85,444
2017,23,1,23,1100,-10.4,865.3,19.1,72,84.2,444
2017,23,1,23,1200,-10.6,866.1,19.4,73,84,444
2017,23,1,23,1300,-10.7,866.7,19.6,73,84,444
2017,23,1,23,1400,-10.8,867.3,19.2,72,84,444
2017,23,1,23,1500,-10.9,868.3,19.1,71,83,444
2017,23,1,23,1600,-11,868.8,19.2,70,82.9,444
2017,23,1,23,1700,-11.1,869.1,18.4,68,83,444
2017,23,1,23,1800,-11.1,870.2,18.4,66,83,444
2017,23,1,23,1900,-11.1,871.1,17.3,62,83,444
2017,23,1,23,2000,-11.1,871.6,16.3,62,82,444
2017,23,1,23,2100,-11.2,872.4,16.1,62,82.3,444
2017,23,1,23,2200,-11.2,872.9,15.2,62,82,444
2017,23,1,23,2300,-11.2,873.4,14.7,62,82,444
2017,24,1,24,0,-11.3,873.7,14.3,63,82,444
2017,24,1,24,100,-11.2,873.8,13.7,63,82.2,444
2017,24,1,24,200,-11.2,874,13.3,62,82,444
2017,24,1,24,300,-11.2,874.3,13.1,63,82,444
2017,24,1,24,400,-11.2,874.3,12.9,62,82.8,444
2017,24,1,24,500,-11.2,874.5,12.5,62,83,444
2017,24,1,24,600,-13.6,874.9,7.4,20,82,444
2017,24,1,24,700,-14,875.1,7.6,29,81,444
2017,24,1,24,800,-14.3,875.4,8.1,29,79,444
2017,24,1,24,900,-14.4,875.7,8.8,41,77.5,444
2017,24,1,24,1000,-14,875.8,8.3,47,80,444
2017,24,1,24,1100,-13.8,876.1,8.8,43,82,444
2017,24,1,24,1200,-13.8,876.5,9,45,76,444
2017,24,1,24,1300,-13.8,876.6,8.1,50,75,444
2017,24,1,24,1400,-13.6,876.4,8.3,60,76.6,444
2017,24,1,24,1500,-13.3,876.6,8,58,74,444
2017,24,1,24,1600,-14,876.8,6.8,17,78,444
2017,24,1,24,1700,-14,876.9,5.8,32,79,444
2017,24,1,24,1800,-14.5,877.2,6.9,36,77,444
2017,24,1,24,1900,-14.6,877.3,5.5,17,77,444
2017,24,1,24,2000,-14.7,877.6,2,4,77.3,444
2017,24,1,24,2100,-14.6,877.8,1.9,62,73,444
2017,24,1,24,2200,-14.6,878,3.7,69,74,444
2017,24,1,24,2300,-14.5,878.1,3.1,78,74,444
2017,25,1,25,0,-14.5,878,2.7,87,74,444
2017,25,1,25,100,-14.5,877.9,2.7,85,74.1,444
2017,25,1,25,200,-14.3,877.6,1.6,72,73,444
2017,25,1,25,300,-14.2,877.7,1.6,76,72,444
2017,25,1,25,400,444,877.7,0,0,66,444
2017,25,1,25,500,-16.3,877.4,2.6,155,75,444
2017,25,1,25,600,-14.9,877,0.9,149,74,444
2017,25,1,25,700,-16,877,0,0,73.9,444
2017,25,1,25,800,-16.3,876.6,0,0,77,444
2017,25,1,25,900,-18,876.1,0,0,73,444
2017,25,1,25,1000,444,875.6,0,0,77,444
2017,25,1,25,1100,-19.9,875.4,0,0,75,444
2017,25,1,25,1200,-19.9,875.2,0,0,74,444
2017,25,1,25,1300,-18.6,875,0,0,75,444
2017,25,1,25,1400,-20,874.8,0,0,73,444
2017,25,1,25,1500,-19.9,874.3,0,0,75,444
2017,25,1,25,1600,-19.6,873.8,0,0,74,444
2017,25,1,25,1700,-19.9,873.7,0,0,71,444
2017,25,1,25,1800,-19.8,873.6,0,0,72,444
2017,25,1,25,1900,-19.9,873.3,0,0,73,444
2017,25,1,25,2000,-19.5,873,0,0,74,444
2017,25,1,25,2100,-19.1,872.7,0,0,75,444
2017,25,1,25,2200,-18.8,872.6,0,0,75,444
2017,25,1,25,2300,-18.4,872.5,0,0,76,444
2017,26,1,26,0,-18.3,872.3,0,0,75,444
2017,26,1,26,100,-18.4,872.1,1,360,73,444
2017,26,1,26,200,-18.8,872.2,0,0,72,444
2017,26,1,26,300,-18.7,871.9,0,0,70,444
2017,26,1,26,400,-19.2,871.6,0,0,69,444
2017,26,1,26,500,-20.5,871.3,0,0,67,444
2017,26,1,26,600,-21.7,871.1,0,0,66,444
2017,26,1,26,700,-21.9,870.7,0,0,65,444
2017,26,1,26,800,-22.3,870.4,0,0,66,444
2017,26,1,26,900,-21.9,870.1,0,0,66,444
2017,26,1,26,1000,-21.9,870.2,0,0,65,444
2017,26,1,26,1100,-21.7,870.2,0,0,66,444
2017,26,1,26,1200,-21.4,870.3,0,0,66,444
2017,26,1,26,1300,-21.1,870.3,0,0,65,444
2017,26,1,26,1400,-20.8,870.4,0,0,65,444
2017,26,1,26,1500,-20.6,870.7,0,0,64,444
2017,26,1,26,1600,-20.6,870.9,0,0,60.1,444
2017,26,1,26,1700,-20.2,871.4,0,0,62,444
2017,26,1,26,1800,-19.1,871.8,0,0,61,444
2017,26,1,26,1900,-19.4,872.2,0,0,60,444
2017,26,1,26,2000,-19.2,872.5,0,0,61,444
2017,26,1,26,2100,-18.7,872.8,0,0,59,444
2017,26,1,26,2200,-18.3,873.5,0,0,60,444
2017,26,1,26,2300,-17.6,874.1,0,0,57,444
2017,27,1,27,0,444,874.9,0,0,47,444
2017,27,1,27,100,-17.5,875.4,0,0,54,444
2017,27,1,27,200,-17.6,875.5,0,0,58,444
2017,27,1,27,300,-16.5,875.6,0,0,48,444
2017,27,1,27,400,-17.8,875.9,0,0,53,444
2017,27,1,27,500,-19.4,876.3,0,0,64,444
2017,27,1,27,600,-19,876.5,3.9,69,65,444
2017,27,1,27,700,-19.4,876.9,4.2,77,65,444
2017,27,1,27,800,-20.6,876.8,4.4,84,62,444
2017,27,1,27,900,-21.5,876.9,4.1,68,63,444
2017,27,1,27,1000,-22.6,877,6,68,67,444
2017,27,1,27,1100,-23.2,877.1,5.9,66,68,444
2017,27,1,27,1200,-23.8,877.3,6.1,63,69,444
2017,27,1,27,1300,-24.5,877.1,6.5,58,69,444
2017,27,1,27,1400,-25,876.6,7.3,55,70.7,444
2017,27,1,27,1500,-24.4,876.5,6.7,56,71,444
2017,27,1,27,1600,-23.9,876.2,7,54,70,444
2017,27,1,27,1700,-23.4,875.9,6.7,61,68,444
2017,27,1,27,1800,-23.2,875.8,6.2,55,68,444
2017,27,1,27,1900,-22.7,875.6,6.3,55,68.4,444
2017,27,1,27,2000,-21.9,875.2,6.4,51,70,444
2017,27,1,27,2100,-21.4,874.8,5.4,50,71,444
2017,27,1,27,2200,-21,874.4,4.4,54,69,444
2017,27,1,27,2300,-20.8,874.1,3.9,58,71,444
2017,28,1,28,0,-20.5,873.8,3.1,48,71.9,444
2017,28,1,28,100,-20.6,873.1,2.8,60,73,444
2017,28,1,28,200,-20.7,872.1,2.4,66,72,444
2017,28,1,28,300,-20.8,871.2,2.4,59,71,444
2017,28,1,28,400,-20.9,870.3,2.5,71,71,444
2017,28,1,28,500,-21.1,869.6,3,91,69.9,444
2017,28,1,28,600,-21,868.7,3.5,70,69,444
2017,28,1,28,700,-22,867.9,3.3,86,68,444
2017,28,1,28,800,-20.1,867.1,5.4,79,59,444
2017,28,1,28,900,-21,866.5,6,85,61.8,444
2017,28,1,28,1000,-21.5,865.7,6.2,80,61.3,444
2017,28,1,28,1100,-21.2,864.9,7.1,78,63,444
2017,28,1,28,1200,-20.5,864.3,7,80,59,444
2017,28,1,28,1300,-20.7,863.7,6.1,68,60,444
2017,28,1,28,1400,-19.9,863.1,2.5,77,58.8,444
2017,28,1,28,1500,-19.1,862.3,5.4,86,59.4,444
2017,28,1,28,1600,-18.1,861.8,6.4,94,58,444
2017,28,1,28,1700,-17.5,861.2,7,87,58.5,444
2017,28,1,28,1800,-17.4,860.8,6.7,84,60,444
2017,28,1,28,1900,-16.8,860.2,4.2,98,60,444
2017,28,1,28,2000,-15.4,859.6,7.7,95,58.9,444
2017,28,1,28,2100,-14.5,859.2,8.3,92,59,444
2017,28,1,28,2200,-14.4,859,8.3,89,60.3,444
2017,28,1,28,2300,-14.3,858.7,8.5,87,62,444
2017,29,1,29,0,-13.6,858.3,10.8,81,61,444
2017,29,1,29,100,-13.3,857.7,11.3,81,61,444
2017,29,1,29,200,-13.4,857,11.7,78,61.8,444
2017,29,1,29,300,-13.8,857,10.2,80,62.3,444
2017,29,1,29,400,-13.7,856.6,10.6,79,61,444
2017,29,1,29,500,-14,856.3,10,85,61,444
2017,29,1,29,600,-15.6,856,8,110,64,444
2017,29,1,29,700,-14.9,855.5,10,94,63.5,444
2017,29,1,29,800,-15.9,855,10.3,106,65.6,444
2017,29,1,29,900,-16.1,854.5,10.4,92,66,444
2017,29,1,29,1000,-16,854.2,11.3,89,66,444
2017,29,1,29,1100,-15.9,854.1,12.2,83,67,444
2017,29,1,29,1200,-16,853.8,14.8,69,68.7,444
2017,29,1,29,1300,-16.7,853.7,15.4,71,71.3,444
2017,29,1,29,1400,-16.9,853.9,14.2,71,69,444
2017,29,1,29,1500,-16.9,853.9,14,74,70,444
2017,29,1,29,1600,-17.4,855.1,9.6,71,73,444
2017,29,1,29,1700,-17.3,855.7,10.6,75,71,444
2017,29,1,29,1800,-17.3,856.1,10.3,75,70,444
2017,29,1,29,1900,-16.1,856.9,7.8,81,69.4,444
2017,29,1,29,2000,-15,857.2,10.5,75,68.7,444
2017,29,1,29,2100,-14.6,857.5,11,75,66,444
2017,29,1,29,2200,-14.2,857.8,11.6,78,67,444
2017,29,1,29,2300,-15.2,858.8,7,59,69,444
2017,30,1,30,0,-16.2,859.2,6.6,55,70,444
2017,30,1,30,100,-17,859.7,5.6,47,71.8,444
2017,30,1,30,200,-17.9,860.2,5.9,52,70,444
2017,30,1,30,300,-18.3,860.6,6,45,71,444
2017,30,1,30,400,-19.6,860.9,6.5,43,72,444
2017,30,1,30,500,-19.9,861.5,6.7,46,70.2,444
2017,30,1,30,600,-20.1,862.3,6.4,48,70.6,444
2017,30,1,30,700,-19.9,863.1,6.5,60,69,444
2017,30,1,30,800,-19.7,863.5,6.4,62,68,444
2017,30,1,30,900,-19.6,864.2,6.1,64,68,444
2017,30,1,30,1000,-19.6,864.6,6.4,59,68.6,444
2017,30,1,30,1100,-20.6,865.2,7.3,54,71,444
2017,30,1,30,1200,-20.8,865.7,7.3,54,68,444
2017,30,1,30,1300,-20.5,866.4,5.4,57,67,444
2017,30,1,30,1400,-20.6,866.7,6.2,61,67,444
2017,30,1,30,1500,-20.5,867.4,6.7,63,66.4,444
2017,30,1,30,1600,-20.6,868,7,68,67,444
2017,30,1,30,1700,-20.2,868.3,7.4,78,66,444
2017,30,1,30,1800,-20,868.8,7.2,70,62.8,444
2017,30,1,30,1900,-19.9,869.1,6,78,65,444
2017,30,1,30,2000,-19.5,869.6,5.9,66,61,444
2017,30,1,30,2100,-19.3,870.1,4.9,77,60,444
2017,30,1,30,2200,-19.1,870.4,4.1,79,60,444
2017,30,1,30,2300,-19,870.7,3.5,81,60.8,444
2017,31,1,31,0,-18.7,871.1,2.6,58,62,444
2017,31,1,31,100,-18.7,871.5,2.3,63,64,444
2017,31,1,31,200,-18.5,871.9,1.2,133,63,444
2017,31,1,31,300,-18.4,871.9,1.2,77,59,444
2017,31,1,31,400,-19,871.9,2.7,70,64,444
2017,31,1,31,500,-19,871.8,2.1,91,61,444
2017,31,1,31,600,-18.9,872.1,2,125,61,444
2017,31,1,31,700,-18.5,872.1,4.1,102,61,444
2017,31,1,31,800,-17.9,872.1,7.5,77,59,444
2017,31,1,31,900,-19.2,872.1,6.7,78,62,444
2017,31,1,31,1000,-18.6,872.2,7.2,76,59,444
2017,31,1,31,1100,-18.9,872.5,8,79,60,444
2017,31,1,31,1200,-19.1,872.5,6.8,74,60,444
2017,31,1,31,1300,-18.9,872.8,5.3,73,59.1,444
2017,31,1,31,1400,-18.5,872.6,5.6,80,59,444
2017,31,1,31,1500,-17.9,872.4,5.2,75,58,444
2017,31,1,31,1600,-17.6,872.5,5.3,85,58,444
2017,31,1,31,1700,-17.5,872.3,5.2,99,60,444
2017,31,1,31,1800,-16.6,872.3,4.9,84,57.7,444
2017,31,1,31,1900,-15.6,872.1,4.9,81,56,444
2017,31,1,31,2000,-15.5,871.9,3.5,100,58,444
2017,31,1,31,2100,-14.3,872,2.5,132,58,444
2017,31,1,31,2200,-14,872,3.1,110,53,444
2017,31,1,31,2300,-13.9,871.9,2.3,88,59,444