2017,1,1,1,0,-4.2,988.2,7.2,196,87.5,444
2017,1,1,1,100,-4,988.2,7.2,190,87,444
2017,1,1,1,200,-3.8,988,7,184,87,444
2017,1,1,1,300,-3.8,988.1,6.3,179,85,444
2017,1,1,1,400,-4,988.1,6.2,180,86,444
2017,1,1,1,500,-4.3,987.9,4.7,184,88.3,444
2017,1,1,1,600,-4.2,987.8,6.5,190,86,444
2017,1,1,1,700,-4.3,987.9,5.8,188,90,444
2017,1,1,1,800,-4.8,987.9,6.8,181,91,444
2017,1,1,1,900,-5.1,987.9,6.3,188,92.1,444
2017,1,1,1,1000,-5.4,988,6.3,181,92.2,444
2017,1,1,1,1100,-5.5,987.9,5.8,187,92,444
2017,1,1,1,1200,-5.6,987.8,6.5,184,93,444
2017,1,1,1,1300,-5.6,987.7,6.2,185,94,444
2017,1,1,1,1400,-5.7,987.4,5.9,178,93,444
2017,1,1,1,1500,-5.8,987.2,6.5,192,92.8,444
2017,1,1,1,1600,-5.6,987.1,6.6,188,92,444
2017,1,1,1,1700,-5.8,987.2,7.1,191,93,444
2017,1,1,1,1800,-5.7,987,6.8,189,92,444
2017,1,1,1,1900,-5.6,987,7.2,197,93,444
2017,1,1,1,2000,-5.7,986.9,7.3,187,92,444
2017,1,1,1,2100,-5.8,986.8,7.2,187,92,444
2017,1,1,1,2200,-5.7,986.6,6.9,190,92,444
2017,1,1,1,2300,-5.5,986.3,7.3,186,90,444
2017,2,1,2,0,-5.3,986.2,6.8,185,90,444
2017,2,1,2,100,-5.4,985.8,6.6,186,91,444
2017,2,1,2,200,-5.4,985.3,7.5,193,90,444
2017,2,1,2,300,-5.5,985,7.6,189,90,444
2017,2,1,2,400,-5.4,984.8,7.9,194,91,444
2017,2,1,2,500,-5.6,984.5,8.1,196,91,444
2017,2,1,2,600,-6.4,984,9,190,92,444
2017,2,1,2,700,-6.9,983.7,8.8,197,90,444
2017,2,1,2,800,-7.1,983.4,8.4,198,91,444
2017,2,1,2,900,-8.2,983.1,6.9,201,91,444
2017,2,1,2,1000,-8.7,982.5,6.5,209,91.4,444
2017,2,1,2,1100,-8.7,981.8,7,205,90,444
2017,2,1,2,1200,-9.4,981.1,6.2,207,89,444
2017,2,1,2,1300  -,10.3,980.4,6.4,208,91,444
2017,2,1,2,1400,-9.7,979.7,6.8,197,91,444
2017,2,1,2,1500,-9.6,979,5.3,217,85,444
2017,2,1,2,1600,-8.8,978,6.1,234,78,444
2017,2,1,2,1700,-8.3,977.3,5.7,234,71,444
2017,2,1,2,1800,-6.5,976.5,6.2,233,66,444
2017,2,1,2,1900,-6.3,975.9,6.3,239,70.6,444
2017,2,1,2,2000,-5.4,974.8,6.8,246,67,444
2017,2,1,2,2100,-4.2,974,7.7,246,65,444
2017,2,1,2,2200,-3.2,973.3,7.6,243,61,444
2017,2,1,2,2300,-2.6,972.2,7.3,245,61,444
2017,3,1,3,0,-2.5,971.2,7,255,65,444
2017,3,1,3,100,-1.6,970.4,6.6,253,67,444
2017,3,1,3,200,-1.3,969.5,7.4,259,69,444
2017,3,1,3,300,-1.1,968.5,7.9,255,69,444
2017,3,1,3,400,-1.3,968,8.6,250,75,444
2017,3,1,3,500,-1.4,967.2,9.2,258,75,444
2017,3,1,3,600,-1.4,966.9,8.7,254,75,444
2017,3,1,3,700,-1.5,966.6,7.5,256,72,444
2017,3,1,3,800,-1,966.2,8.2,257,72,444
2017,3,1,3,900,-0.6,965.9,7.6,268,77,444
2017,3,1,3,1000,-0.2,965.8,8,270,75,444
2017,3,1,3,1100,-0.9,965.8,5,291,74,444
2017,3,1,3,1200,-1.7,966.4,2.9,272,79.3,444
2017,3,1,3,1300,-1.9,966.3,3,324,83.9,444
2017,3,1,3,1400,-1.8,966.4,5,308,87,444
2017,3,1,3,1500,-2.4,966.8,5.9,314,90,444
2017,3,1,3,1600,-2.6,967.4,4.5,308,92,444
2017,3,1,3,1700,-2.4,968.1,4.7,296,95.5,444
2017,3,1,3,1800,-2,968.8,5.8,319,96.5,444
2017,3,1,3,1900,-2.5,969.7,4.8,304,96,444
2017,3,1,3,2000,-2.2,970.5,4.2,353,94,444
2017,3,1,3,2100,-2,971.3,3,273,93,444
2017,3,1,3,2200,-2,972.1,3,344,92.7,444
2017,3,1,3,2300,-1.8,972.7,3.2,353,92,444
2017,4,1,4,0,-1.4,973.2,3.8,328,87.5,444
2017,4,1,4,100,-0.9,973.8,2.5,348,87,444
2017,4,1,4,200,-0.9,974.3,7.2,356,89,444
2017,4,1,4,300,-1.2,975.1,6.9,6,86,444
2017,4,1,4,400,-1.4,976,6.1,13,85,444
2017,4,1,4,500,-1.5,976.9,5.6,16,84.7,444
2017,4,1,4,600,-4,977.9,4.3,28,88,444
2017,4,1,4,700,-2.6,978.7,4.5,15,86,444
2017,4,1,4,800,-5.9,979.7,4,47,93,444
2017,4,1,4,900,-4.5,980.6,4.5,38,91,444
2017,4,1,4,1000,-4,981.5,4.2,38,89.2,444
2017,4,1,4,1100,-3.6,982.6,4.4,35,89,444
2017,4,1,4,1200,-3.9,983.5,4.4,41,91,444
2017,4,1,4,1300,-3.6,984.3,4.9,32,91,444
2017,4,1,4,1400,-3.5,985.3,4.6,30,92,444
2017,4,1,4,1500,-3.2,986.2,4.4,37,92.5,444
2017,4,1,4,1600,-3.2,987.2,4.4,42,91.1,444
2017,4,1,4,1700,-2.9,988.2,4.5,44,94,444
2017,4,1,4,1800,-2.7,989.3,4.1,43,92,444
2017,4,1,4,1900,-2.3,990.4,3.8,39,91,444
2017,4,1,4,2000,-1.9,991.3,3.2,43,89.4,444
2017,4,1,4,2100,-1.6,992.3,3,57,89,444
2017,4,1,4,2200,-1.1,993.2,2.5,58,87,444
2017,4,1,4,2300,-0.1,994,1.9,72,86,444
2017,5,1,5,0,-0.1,994.7,2,86,85,444
2017,5,1,5,100,0.1,995.4,2.6,95,83.9,444
2017,5,1,5,200,-0.5,996.1,3.6,114,85.2,444
2017,5,1,5,300,-0.6,996.5,2.4,155,84.3,444
2017,5,1,5,400,-0.7,997,3.4,165,86,444
2017,5,1,5,500,-0.7,997.4,3.8,164,88,444
2017,5,1,5,600,-1.3,997.6,4.1,186,93,444
2017,5,1,5,700,-1.9,997.8,5.2,188,94,444
2017,5,1,5,800,-2.3,998.1,5.5,184,94.4,444
2017,5,1,5,900,-2.5,998.4,6,183,95,444
2017,5,1,5,1000,-3,998.5,6.4,188,96,444
2017,5,1,5,1100,-3.2,998.6,6.5,189,97,444
2017,5,1,5,1200,-3.4,998.7,6.9,190,97,444
2017,5,1,5,1300,-3.9,998.5,6.7,186,96.3,444
2017,5,1,5,1400,-3.8,998.5,6.7,194,96,444
2017,5,1,5,1500,-4.2,998.4,5.8,209,96,444
2017,5,1,5,1600,-4.8,998.2,5.7,206,95.2,444
2017,5,1,5,1700,-4.5,998,5.8,199,95,444
2017,5,1,5,1800,-4,997.9,4.2,214,94.5,444
2017,5,1,5,1900,-4.1,997.9,5.4,220,95,444
2017,5,1,5,2000,-4.1,997.6,5.5,218,94,444
2017,5,1,5,2100,-4.3,997.3,5.4,208,93,444
2017,5,1,5,2200,-3.8,997,4.5,193,91,444
2017,5,1,5,2300,-3.1,996.3,3.5,192,87.9,444
2017,6,1,6,0,-2.8,995.8,2.7,199,88,444
2017,6,1,6,100,-2.8,995.3,3.1,212,87,444
2017,6,1,6,200,-3,994.7,2.3,191,85,444
2017,6,1,6,300,-2.4,994.2,1.1,158,78.9,444
2017,6,1,6,0400  4,44,993.5,0.4,68,69.4,444
2017,6,1,6,500,-2,992.8,0.5,8,75,444
2017,6,1,6,600,-3.1,992.5,1.9,326,86,444
2017,6,1,6,700,-3.2,991.9,1,302,83,444
2017,6,1,6,800,-4,991.4,0.8,19,86,444
2017,6,1,6,900,-5.3,991,2.4,28,94.2,444
2017,6,1,6,1000,-7.4,990.3,3.7,32,97,444
2017,6,1,6,1100,-8.6,989.7,4.4,29,96,444
2017,6,1,6,1200,-8.6,989.3,3.5,31,95,444
2017,6,1,6,1300,-8.1,988.7,3.7,46,95,444
2017,6,1,6,1400,-6.1,988,4.3,23,94,444
2017,6,1,6,1500,-6.4,987.4,4.3,19,93,444
2017,6,1,6,1600,-6.6,987,4.1,29,92.6,444
2017,6,1,6,1700,-6.5,986.6,3.3,14,94,444
2017,6,1,6,1800,-6.8,986.7,3.9,345,94,444
2017,6,1,6,1900,-5.3,986.6,3.1,315,90,444
2017,6,1,6,2000,-4.1,986.7,3,329,88.9,444
2017,6,1,6,2100,-3.3,986.5,3.5,355,90.5,444
2017,6,1,6,2200,-2,986.5,3.4,345,89,444
2017,6,1,6,2300,-2.4,986.4,5.2,337,91,444
2017,7,1,7,0,-1.3,986.3,5.9,336,86,444
2017,7,1,7,100,-1.1,986.3,6,336,84.3,444
2017,7,1,7,200,-1,986.2,5.5,330,84.7,444
2017,7,1,7,300,-1.4,986.4,3.8,320,82,444
2017,7,1,7,400,-1.9,986.5,2.9,309,75.3,444
2017,7,1,7,500,-1.7,986.9,3.5,298,76,444
2017,7,1,7,0600  4,44,987.2,1.5,296,72,444
2017,7,1,7,0700  4,44,987.3,0,0,67,444
2017,7,1,7,800,-2.2,987.4,0.9,32,82,444
2017,7,1,7,900,-3.8,987.8,1.7,4,92,444
2017,7,1,7,1000,-6.2,988.1,2.5,285,96,444
2017,7,1,7,1100,-5.6,988.5,3.1,281,99,444
2017,7,1,7,1200,-5.6,989,2,249,91,444
2017,7,1,7,1300,-7.3,989.7,7.3,170,89,444
2017,7,1,7,1400,-9,989.9,2.9,150,93,444
2017,7,1,7,1500,-7,990.3,6.1,191,91,444
2017,7,1,7,1600,-7.9,990.7,5.3,210,92,444
2017,7,1,7,1700,-6.4,990.7,5.1,213,92,444
2017,7,1,7,1800,-5.5,990.9,6.6,221,94.8,444
2017,7,1,7,1900,-5.1,991.7,7,189,93,444
2017,7,1,7,2000,-5.3,992.1,7.2,193,96,444
2017,7,1,7,2100,-4.7,992.1,7.6,210,95,444
2017,7,1,7,2200,-4.7,992.2,10.1,206,94,444
2017,7,1,7,2300,-5,992.4,11.6,201,92.4,444
2017,8,1,8,0,-5.1,992.2,11.8,202,92,444
2017,8,1,8,100,-4.9,992.3,11.2,208,91.8,444
2017,8,1,8,200,-5.1,991.9,12.2,204,91.6,444
2017,8,1,8,300,-5.1,991.9,12.7,206,92,444
2017,8,1,8,400,-5.1,991.8,11.9,209,93.2,444
2017,8,1,8,500,-4.7,991.9,11,206,94,444
2017,8,1,8,600,-5,992.3,11.8,192,92.5,444
2017,8,1,8,700,-5.1,992.4,10.4,194,91.4,444
2017,8,1,8,800,-4.6,992.4,11.2,186,89,444
2017,8,1,8,900,-4.6,992.9,9.5,184,91,444
2017,8,1,8,1000,-4.6,992.9,9,183,91,444
2017,8,1,8,1100,-4.6,993.1,10,185,88.2,444
2017,8,1,8,1200,-5.1,993.1,10.4,180,88.8,444
2017,8,1,8,1300,-5.2,993.4,5.7,183,91,444
2017,8,1,8,1400,-5.1,992.9,6,182,90,444
2017,8,1,8,1500,-5.8,992.9,4,208,89,444
2017,8,1,8,1600,-5.1,992.7,6.6,199,94.4,444
2017,8,1,8,1700,-5.4,992.7,5.9,191,92,444
2017,8,1,8,1800,-5.2,993,5.2,192,91,444
2017,8,1,8,1900,-4.8,992.7,6.3,175,89,444
2017,8,1,8,2000,-5.8,992.6,5.1,218,91,444
2017,8,1,8,2100,-6.3,992.6,4.6,214,91.5,444
2017,8,1,8,2200,-6,992.5,4.5,211,90,444
2017,8,1,8,2300,-5.4,992.2,6,189,80,444
2017,9,1,9,0,-4.8,992.1,6.7,193,81,444
2017,9,1,9,100,-4.8,991.5,7.9,210,83,444
2017,9,1,9,200,-4.4,991.5,7.8,215,80.3,444
2017,9,1,9,300,-4.7,991.3,6.3,216,84,444
2017,9,1,9,400,-4.2,991.1,6,206,82,444
2017,9,1,9,500,-4,991,6.5,209,80.7,444
2017,9,1,9,600,-4.2,990.8,6.9,199,84,444
2017,9,1,9,700,-4.5,990.7,6.7,206,86,444
2017,9,1,9,800,-4.7,990.7,6.9,217,86.8,444
2017,9,1,9,900,-5.1,990.6,5.7,209,83,444
2017,9,1,9,1000,-5.3,990.6,6.9,211,84,444
2017,9,1,9,1100,-5.4,990.6,7.4,210,85,444
2017,9,1,9,1200,-6.3,990.5,6.5,208,84,444
2017,9,1,9,1300,-7,990.4,6.3,218,85,444
2017,9,1,9,1400,-7.3,990.3,5.9,207,87.5,444
2017,9,1,9,1500,-7.5,990.3,5.8,197,86,444
2017,9,1,9,1600,-7.8,990.1,6.1,191,85,444
2017,9,1,9,1700,-7.9,990.5,5.5,203,86,444
2017,9,1,9,1800,-8.1,990.5,5.2,204,86,444
2017,9,1,9,1900,-8.6,990.7,5,198,86.4,444
2017,9,1,9,2000,-8.1,990.8,5.3,202,86,444
2017,9,1,9,2100,-7.7,990.9,5.5,211,87,444
2017,9,1,9,2200,-6.3,991,6.3,201,83,444
2017,9,1,9,2300,-5.3,991.2,6.8,195,81,444
2017,10,1,10,0,-4.8,991.3,7.1,198,80.1,444
2017,10,1,10,100,-4.6,991.2,7.4,199,80.1,444
2017,10,1,10,200,-3.8,991.3,6.8,200,78,444
2017,10,1,10,300,-3.5,991.3,6.4,193,76,444
2017,10,1,10,400,-3.7,991.3,6,209,80,444
2017,10,1,10,500,-3.8,991.4,5.3,214,76.2,444
2017,10,1,10,600,-4.7,991.5,6,218,83,444
2017,10,1,10,700,-5,991.6,6.1,221,79,444
2017,10,1,10,800,-5.6,991.4,5.8,216,80,444
2017,10,1,10,900,-6.6,991.6,6.2,215,81,444
2017,10,1,10,1000,-7.5,991.8,5.6,205,81,444
2017,10,1,10,1100,-9.1,992,4.5,210,83,444
2017,10,1,10,1200  -,10.2,992,4.9,220,85,444
2017,10,1,10,1300  -,10.9,991.8,4.3,219,85,444
2017,10,1,10,1400  -,11.7,991.9,3.8,211,86,444
2017,10,1,10,1500  -,11.7,991.7,3.9,200,87,444
2017,10,1,10,1600  -,12.1,991.8,3.8,200,87,444
2017,10,1,10,1700  -,11.8,991.7,4.1,210,85,444
2017,10,1,10,1800,-9.2,991.7,6.6,181,86,444
2017,10,1,10,1900,-8.9,991.8,6.3,193,83,444
2017,10,1,10,2000,-8.4,991.9,5.8,199,82,444
2017,10,1,10,2100,-7.5,991.8,6.4,196,79,444
2017,10,1,10,2200,-7.1,991.9,6.9,202,82,444
2017,10,1,10,2300,-6.3,991.9,7.8,205,78,444
2017,11,1,11,0,-5.7,992,8.5,202,79,444
2017,11,1,11,100,-5,991.9,9.7,203,78,444
2017,11,1,11,200,-4.8,991.9,9.1,200,80,444
2017,11,1,11,300,-5.2,992,8.5,196,83.2,444
2017,11,1,11,400,-5.3,992.3,8.7,196,82,444
2017,11,1,11,500,-5.4,992.3,7.5,198,84,444
2017,11,1,11,600,-5.5,992.2,8.9,198,84,444
2017,11,1,11,700,-5.7,992.3,8.4,206,86,444
2017,11,1,11,800,-5.3,992.8,7.7,190,87,444
2017,11,1,11,900,-5.4,993,7,192,87,444
2017,11,1,11,1000,-5.9,993.4,6.6,178,90,444
2017,11,1,11,1100,-6.4,993.8,5.9,180,91,444
2017,11,1,11,1200,-6.3,994,5.9,190,90,444
2017,11,1,11,1300,-6.2,993.8,7.6,211,91,444
2017,11,1,11,1400,-6.5,993.9,7.1,207,90,444
2017,11,1,11,1500,-6.6,993.7,8.2,217,90,444
2017,11,1,11,1600,-6.4,993.8,7.4,211,88.1,444
2017,11,1,11,1700,-8,994,7.7,215,93,444
2017,11,1,11,1800,-7.5,994.3,7,216,92,444
2017,11,1,11,1900,-8.2,994.6,8.6,219,91.9,444
2017,11,1,11,2000,-8.2,994.7,9.2,216,92,444
2017,11,1,11,2100,-7.7,995.1,8.7,209,93,444
2017,11,1,11,2200,-6.7,995.4,7.4,191,91,444
2017,11,1,11,2300,-7.4,995.6,10.3,195,89,444
2017,12,1,12,0,-7.2,996,8.9,198,86,444
2017,12,1,12,100,-7.1,996,9.8,189,86.3,444
2017,12,1,12,200,-6.6,996.2,9.7,185,85,444
2017,12,1,12,300,-6.4,996.1,7.8,191,86,444
2017,12,1,12,400,-6.4,995.9,8.4,200,91,444
2017,12,1,12,500,-5.9,996,8.9,197,89,444
2017,12,1,12,600,-6.2,995.9,8.9,196,87,444
2017,12,1,12,700,-6.2,995.8,10.1,194,87.1,444
2017,12,1,12,800,-6.4,995.5,9.3,196,89,444
2017,12,1,12,900,-6.4,995.5,8.8,202,91,444
2017,12,1,12,1000,-6.5,995.4,8.9,201,93,444
2017,12,1,12,1100,-6.5,995.3,9.2,199,92,444
2017,12,1,12,1200,-6.1,995.3,10,196,94.2,444
2017,12,1,12,1300,-6.1,994.8,11.4,192,93,444
2017,12,1,12,1400,-6.3,994.4,11.9,192,94,444
2017,12,1,12,1500,-6.6,994.2,12.8,194,94,444
2017,12,1,12,1600,-6.5,993.9,13.3,187,94,444
2017,12,1,12,1700,-6.4,993.7,14,188,94.5,444
2017,12,1,12,1800,-6.4,993.7,13.9,187,94,444
2017,12,1,12,1900,-6.5,993.8,14.3,188,94,444
2017,12,1,12,2000,-6.4,993.6,14.7,191,94,444
2017,12,1,12,2100,-6.2,994,14.4,190,94,444
2017,12,1,12,2200,-6.9,993.3,14.9,199,93.6,444
2017,12,1,12,2300,-6.7,993.9,14.4,198,93,444
2017,13,1,13,0,-6.9,993.7,15.4,197,92.8,444
2017,13,1,13,100,-6.3,993.3,15.6,200,93.8,444
2017,13,1,13,200,-5.7,993.3,14.1,202,95,444
2017,13,1,13,300,-4.2,993.4,12.6,200,96,444
2017,13,1,13,400,-2.9,993.2,11.3,195,96,444
2017,13,1,13,500,-2.7,993.5,12.3,189,95.8,444
2017,13,1,13,600,-3,993.7,11.9,187,96,444
2017,13,1,13,700,-3.6,994.1,11.9,189,96,444
2017,13,1,13,800,-3.8,994.5,12,188,96,444
2017,13,1,13,900,-4.2,994.7,12.4,192,96,444
2017,13,1,13,1000,-4.4,995,11.6,193,96.3,444
2017,13,1,13,1100,-4.4,995.3,11.2,189,96,444
2017,13,1,13,1200,-4.5,995.6,10.7,193,96,444
2017,13,1,13,1300,-4.9,995.7,11.2,194,96,444
2017,13,1,13,1400,-5.2,995.6,11.2,197,96,444
2017,13,1,13,1500,-5.1,996,10.9,202,95.9,444
2017,13,1,13,1600,-5.1,996.4,11.1,193,96,444
2017,13,1,13,1700,-5.1,996.6,11.2,194,96,444
2017,13,1,13,1800,-5.3,997.2,11.5,196,95,444
2017,13,1,13,1900,-5.5,997.1,10.5,193,95,444
2017,13,1,13,2000,-5.4,997.4,11.2,194,94.6,444
2017,13,1,13,2100,-5.2,997.5,10.9,192,94,444
2017,13,1,13,2200,-5,997.6,12,190,94.6,444
2017,13,1,13,2300,-4.8,997.9,12.5,189,94.3,444
2017,14,1,14,0,-4.5,998.4,12.2,187,95,444
2017,14,1,14,100,-4.1,998.4,12.4,187,94,444
2017,14,1,14,200,-4,998.8,11.8,188,95,444
2017,14,1,14,300,-4,998.9,11.8,193,94.8,444
2017,14,1,14,400,-4.3,999.1,12.2,191,94.9,444
2017,14,1,14,500,-4.4,999.2,11.4,198,95,444
2017,14,1,14,600,-4.2,999.3,11.4,200,96,444
2017,14,1,14,700,-4,999.2,11.7,195,98,444
2017,14,1,14,800,-4.4,999.2,12.7,194,95.9,444
2017,14,1,14,900,-4.8,999.7,12.4,195,96,444
2017,14,1,14,1000,-5,999.8,12.2,194,96,444
2017,14,1,14,1100,-5.1,1000.1,11.9,194,96,444
2017,14,1,14,1200,-4.9,999.9,12,196,96,444
2017,14,1,14,1300,-4.6,999.8,11.6,194,96.2,444
2017,14,1,14,1400,-4.5,999.4,11.7,195,96,444
2017,14,1,14,1500,-4.4,999.7,11,196,96.3,444
2017,14,1,14,1600,-4.3,999.3,10.8,198,96,444
2017,14,1,14,1700,-3.9,999.3,10.8,198,96,444
2017,14,1,14,1800,-3.7,999.6,9.4,194,96.1,444
2017,14,1,14,1900,-3.5,999.8,8,196,96,444
2017,14,1,14,2000,-3.5,999.7,6.8,207,95.6,444
2017,14,1,14,2100,-3.1,999.7,6.7,199,95,444
2017,14,1,14,2200,-2.8,999.7,7.3,208,95,444
2017,14,1,14,2300,-2,999.5,5.9,189,93,444
2017,15,1,15,0,-1.8,999.3,6.1,185,93,444
2017,15,1,15,100,-1.7,998.9,6.2,165,87.7,444
2017,15,1,15,200,-1.8,998.7,5.8,172,87,444
2017,15,1,15,300,-1.8,998.2,5,167,88,444
2017,15,1,15,400,-2.1,997.8,3.9,164,88,444
2017,15,1,15,500,-3.2,997.6,3.9,161,82,444
2017,15,1,15,600,-4,997.5,3.2,155,83.7,444
2017,15,1,15,700,-4.5,997.4,1.7,164,84,444
2017,15,1,15,800,-5.3,997.2,1.9,138,87,444
2017,15,1,15,900,-6.4,996.7,2.4,117,91,444
2017,15,1,15,1000,-6.6,996.3,0.6,171,88,444
2017,15,1,15,1100,-7.8,996,1,115,94.2,444
2017,15,1,15,1200,-9.2,995.7,1.4,231,96,444
2017,15,1,15,1300,-7.6,995.3,1,264,98,444
2017,15,1,15,1400,-7.4,994.9,1.5,286,97,444
2017,15,1,15,1500,-7,994.5,1,319,97,444
2017,15,1,15,1600,-5.8,994.2,2.2,336,96.8,444
2017,15,1,15,1700,-5.1,993.9,2,348,97,444
2017,15,1,15,1800,-5.8,993.6,2.4,353,96.7,444
2017,15,1,15,1900,-3.8,993.6,2.3,320,97,444
2017,15,1,15,2000,-3.7,993.5,2.7,310,95,444
2017,15,1,15,2100,-3.1,993.4,1.2,275,91.2,444
2017,15,1,15,2200,-3,993.3,1.8,286,91,444
2017,15,1,15,2300,-3.8,993.6,3.1,230,93,444
2017,16,1,16,0,-3.3,993.4,1.5,268,88,444
2017,16,1,16,100,-2.9,993.3,1.7,275,87,444
2017,16,1,16,200,-2.5,993.4,1.5,278,85.8,444
2017,16,1,16,300,-2.4,993.3,2.1,282,86,444
2017,16,1,16,400,-2.5,993.2,2.3,288,87,444
2017,16,1,16,500,-2.9,993.3,2.5,276,88,444
2017,16,1,16,600,-3.2,993.6,2.4,283,89,444
2017,16,1,16,700,-3.9,993.8,2.5,292,90,444
2017,16,1,16,800,-4.9,993.8,2.8,298,91,444
2017,16,1,16,900,-4.9,994.1,2.2,279,90,444
2017,16,1,16,1000,-6.3,994.2,2.9,292,92.1,444
2017,16,1,16,1100,-7.9,994.7,2.3,266,92,444
2017,16,1,16,1200,-8.9,994.8,3,266,90,444
2017,16,1,16,1300,-9.3,995,3.7,243,93,444
2017,16,1,16,1400,-9.2,994.9,3.9,201,95.5,444
2017,16,1,16,1500  -,11.1,995.1,3.3,184,97,444
2017,16,1,16,1600  -,10.8,995.3,2.8,169,95,444
2017,16,1,16,1700  -,10.5,995.5,1.9,146,94,444
2017,16,1,16,1800,-8.6,995.9,1,83,83,444
2017,16,1,16,1900,-8.4,996.4,0.5,160,77.6,444
2017,16,1,16,2000,-7.9,996.9,0.3,204,77,444
2017,16,1,16,2100,-7.4,997.2,0.7,186,77,444
2017,16,1,16,2200,-7.3,997.2,0.8,151,80,444
2017,16,1,16,2300,-6.2,997.5,1.3,111,78,444
2017,17,1,17,0,-7.1,997.9,1.3,89,80,444
2017,17,1,17,100,-6.2,997.9,1.7,112,78,444
2017,17,1,17,200,-4.7,997.9,1.6,126,71,444
2017,17,1,17,300,-4.4,997.9,1.5,139,72,444
2017,17,1,17,400,-3.7,998.1,0.7,157,74,444
2017,17,1,17,500,-3.3,998.2,1.1,188,76,444
2017,17,1,17,600,-3.8,998.3,1,206,74,444
2017,17,1,17,700,-4.8,998.4,2.1,209,79,444
2017,17,1,17,800,-6.7,998.6,3.4,184,87,444
2017,17,1,17,900,-8,998.8,2.5,177,88.8,444
2017,17,1,17,1000,-8.6,998.9,1.9,169,90,444
2017,17,1,17,1100,-9.7,999.3,2.6,100,91,444
2017,17,1,17,1200  -,10.3,999.4,0.4,89,91,444
2017,17,1,17,1300  -,10.2,999.4,1,167,92,444
2017,17,1,17,1400  -,12.1,999.3,1.8,180,91.9,444
2017,17,1,17,1500  -,13,999.2,2.5,162,90,444
2017,17,1,17,1600  -,14.1,998.9,2.6,165,86,444
2017,17,1,17,1700  -,15,998.9,2.5,176,85,444
2017,17,1,17,1800  -,14.1,999,2.6,200,90,444
2017,17,1,17,1900  -,12.2,999.1,3.5,179,89,444
2017,17,1,17,2000  -,10.5,999.1,4.4,193,82,444
2017,17,1,17,2100  -,10.4,999.2,3.7,186,85,444
2017,17,1,17,2200,-9.8,999.1,3,192,85,444
2017,17,1,17,2300,-9.1,999.2,3.2,204,86.1,444
2017,18,1,18,0,-9,999.1,4.9,206,87,444
2017,18,1,18,100,-7.5,998.7,3.2,185,84,444
2017,18,1,18,200,-7.1,998.5,4.4,186,81,444
2017,18,1,18,300,-6.4,998.3,4,167,85,444
2017,18,1,18,400,-6.1,998.2,4.9,174,90,444
2017,18,1,18,500,-7.3,998.2,3.6,149,83.5,444
2017,18,1,18,600,-6,998.1,2.3,177,81,444
2017,18,1,18,700,-6.2,998,3.5,200,84,444
2017,18,1,18,800,-6.6,997.9,3.2,199,91,444
2017,18,1,18,900,-6.7,997.9,2.3,212,90,444
2017,18,1,18,1000,-7,997.8,2.5,206,91,444
2017,18,1,18,1100,-7.5,997.7,2.9,197,90,444
2017,18,1,18,1200,-8.1,997.5,3.4,189,91,444
2017,18,1,18,1300,-8,997.3,3.9,174,89,444
2017,18,1,18,1400,-8.4,997.1,4.3,179,88,444
2017,18,1,18,1500,-8.8,996.9,3.7,169,89,444
2017,18,1,18,1600,-8.7,996.6,2.8,142,88,444
2017,18,1,18,1700,-8.6,996.5,3,158,88,444
2017,18,1,18,1800,-8.6,996.5,1.9,156,88,444
2017,18,1,18,1900,-8.5,996.7,1.6,187,87,444
2017,18,1,18,2000,-9.7,996.7,2.4,197,87,444
2017,18,1,18,2100,-9.2,996.7,2.8,184,86.9,444
2017,18,1,18,2200,-8.9,996.6,2.8,161,87.7,444
2017,18,1,18,2300,-8.1,996.7,2.1,169,87,444
2017,19,1,19,0,-7.7,996.9,2.9,174,88,444
2017,19,1,19,100,-7.5,996.7,4.1,166,83,444
2017,19,1,19,200,-6.4,996.6,3.7,146,73.5,444
2017,19,1,19,300,-6.5,996.3,5.7,155,68.5,444
2017,19,1,19,400,-7.2,996.3,4.9,169,74,444
2017,19,1,19,500,-7.1,996.4,3.2,180,79,444
2017,19,1,19,600,-7.1,996.6,2.8,136,77,444
2017,19,1,19,700,-6.9,996.8,1.9,128,77.7,444
2017,19,1,19,800,-6.6,996.9,0.2,104,75,444
2017,19,1,19,900,-7.1,996.9,1.1,142,84.3,444
2017,19,1,19,1000,-7.4,997.1,1.4,208,85,444
2017,19,1,19,1100,-7.6,997,1.2,210,86,444
2017,19,1,19,1200,-8.1,997.2,1.4,219,90,444
2017,19,1,19,1300,-8.2,997.5,1.7,213,90,444
2017,19,1,19,1400,-8.4,997.5,1.6,162,91.9,444
2017,19,1,19,1500,-8.4,997.6,1.1,171,91,444
2017,19,1,19,1600,-8.1,997.7,1.8,142,90,444
2017,19,1,19,1700,-7.9,997.8,1,165,90,444
2017,19,1,19,1800,-8.1,998.2,1.8,147,88,444
2017,19,1,19,1900,-7.3,998.3,1.4,171,84.8,444
2017,19,1,19,2000,-6.8,998.6,1.2,133,85,444
2017,19,1,19,2100,-6.1,998.8,1.4,145,82,444
2017,19,1,19,2200,-5.7,999.1,1,145,79,444
2017,19,1,19,2300,-5.5,999.3,2,139,77,444
2017,20,1,20,0,-4.9,999.5,1.4,118,72.8,444
2017,20,1,20,100,-4.5,999.7,0.7,162,74,444
2017,20,1,20,200,-5.3,999.6,1.6,189,84,444
2017,20,1,20,300,-6,999.6,1.7,158,84,444
2017,20,1,20,400,-6.1,999.5,1,156,83,444
2017,20,1,20,500,-6.2,999.7,1.3,137,81.7,444
2017,20,1,20,600,-6.9,999.7,2.5,177,88,444
2017,20,1,20,700,-7.3,999.7,2.1,128,87,444
2017,20,1,20,800,-8.4,999.8,2.3,105,93,444
2017,20,1,20,900,-9,999.7,1.3,94,92,444
2017,20,1,20,1000  -,10.8,999.9,1.6,44,95,444
2017,20,1,20,1100  -,10.5,999.8,1,36,91,444
2017,20,1,20,1200  -,11.8,999.7,2.5,9,92.1,444
2017,20,1,20,1300  -,10.4,999.5,1.7,3,90,444
2017,20,1,20,1400,-9.8,999.1,2,355,88,444
2017,20,1,20,1500  -,10.9,998.7,3.2,335,83,444
2017,20,1,20,1600  -,12.5,998.4,2.8,346,87,444
2017,20,1,20,1700  -,11.1,998.1,1.8,351,88.4,444
2017,20,1,20,1800  -,11,997.9,2.6,340,88,444
2017,20,1,20,1900,-9,997.7,2,296,88,444
2017,20,1,20,2000,-7.9,997.3,1.9,306,88,444
2017,20,1,20,2100,-7.4,997,2.4,296,88,444
2017,20,1,20,2200,-6.8,996.8,1.8,285,86.4,444
2017,20,1,20,2300,-6,996.2,2.2,274,83,444
2017,21,1,21,0,-5,995.7,1.8,243,83,444
2017,21,1,21,100,-4.4,995,1.2,214,75,444
2017,21,1,21,200,-4.2,994.4,2.3,218,80,444
2017,21,1,21,300,-4.2,993.5,4.1,194,79.2,444
2017,21,1,21,400,-4.5,992.9,2.7,175,84,444
2017,21,1,21,500,-5.7,992.3,3,169,86,444
2017,21,1,21,600,-8.2,992.3,7.8,168,89,444
2017,21,1,21,700,-9.1,992.1,3.6,170,88,444
2017,21,1,21,0800  -,10.4,992.2,2.8,161,88,444
2017,21,1,21,0900  -,12.1,991.9,3,175,88,444
2017,21,1,21,1000  -,13.6,991.8,2.6,164,87,444
2017,21,1,21,1100  -,15,991.5,2.6,193,89,444
2017,21,1,21,1200  -,16.7,990.9,2.8,191,92,444
2017,21,1,21,1300  -,16.7,990.2,3.6,176,91,444
2017,21,1,21,1400  -,17.4,989.4,3.3,175,88,444
2017,21,1,21,1500  -,17.7,988.8,3.4,173,87,444
2017,21,1,21,1600  -,17.8,988.3,3.2,176,86,444
2017,21,1,21,1700  -,17.4,987.9,3.6,167,90,444
2017,21,1,21,1800  -,16.5,987.7,2.8,166,89,444
2017,21,1,21,1900  -,15,987.2,3,171,89,444
2017,21,1,21,2000  -,13.2,986.7,3.5,181,86,444
2017,21,1,21,2100  -,12.9,986.6,3.2,192,85,444
2017,21,1,21,2200  -,12.1,986.1,4.6,181,87,444
2017,21,1,21,2300  -,12,985.5,4.3,180,89.6,444
2017,22,1,22,0000  -,11,984.9,3.3,190,86.2,444
2017,22,1,22,100,-9.8,984.4,3.6,189,84,444
2017,22,1,22,0200  -,10,983.7,3.4,186,86,444
2017,22,1,22,300,-9.7,983,2.7,207,85,444
2017,22,1,22,400,-9.4,982.6,2.6,233,83,444
2017,22,1,22,500,-9.2,982.2,1.8,237,78,444
2017,22,1,22,600,-9.4,981.9,1.4,273,79,444
2017,22,1,22,700,-9.5,981.5,1.4,310,81,444
2017,22,1,22,0800  -,10.6,981.1,1.4,333,87.9,444
2017,22,1,22,0900  -,10.4,980.6,1.4,358,88,444
2017,22,1,22,1000  -,10.1,980.2,2.2,355,86,444
2017,22,1,22,1100,-9.4,979.8,2.2,8,65,444
2017,22,1,22,1200  -,10.2,979.3,3.5,18,65,444
2017,22,1,22,1300  -,13.1,979,3.8,31,78.9,444
2017,22,1,22,1400  -,12.2,978.7,3.3,47,85,444
2017,22,1,22,1500,-8.7,978.5,3.6,28,89,444
2017,22,1,22,1600,-7.7,978,4.7,22,90,444
2017,22,1,22,1700,-7.7,977.8,3.8,12,91,444
2017,22,1,22,1800,-7.5,977.7,2.9,38,91,444
2017,22,1,22,1900,-7.8,977.6,3.4,36,91,444
2017,22,1,22,2000,-6.9,977.5,1.9,36,89,444
2017,22,1,22,2100,-5.3,977.5,2.6,15,87,444
2017,22,1,22,2200,-5,977.5,1.9,335,85.2,444
2017,22,1,22,2300,-4.5,977.6,2.3,6,85,444
2017,23,1,23,0,-4.1,977.9,3.7,320,80,444
2017,23,1,23,100,-4.9,978.4,2.2,314,81,444
2017,23,1,23,200,-3.6,978.4,2.4,63,82,444
2017,23,1,23,300,-2.4,978.6,4.7,347,80.3,444
2017,23,1,23,400,-3.1,979,3.5,315,78,444
2017,23,1,23,500,-2.6,979.6,5.7,323,79,444
2017,23,1,23,600,-2.7,980.3,3.9,336,82.7,444
2017,23,1,23,700,-3,980.9,6.6,5,84,444
2017,23,1,23,800,-3.1,981.6,6.9,7,89,444
2017,23,1,23,900,-4.4,982.2,6.1,14,90,444
2017,23,1,23,1000,-5.8,983.1,5.1,11,89,444
2017,23,1,23,1100,-6.4,983.8,5.3,16,88,444
2017,23,1,23,1200,-6.3,984.6,5.8,12,90.3,444
2017,23,1,23,1300,-7.1,985.5,5.7,8,91,444
2017,23,1,23,1400,-7.6,986.2,5.3,9,90,444
2017,23,1,23,1500,-6.6,987,5.8,14,90,444
2017,23,1,23,1600,-7.3,987.9,5.3,22,86.5,444
2017,23,1,23,1700,-5.4,988.5,6,22,83,444
2017,23,1,23,1800,-3.7,989.5,5.5,28,84,444
2017,23,1,23,1900,-3.1,990.3,6.1,26,83,444
2017,23,1,23,2000,-2.5,991.1,6.5,25,82,444
2017,23,1,23,2100,-2.8,991.7,7.3,28,80.8,444
2017,23,1,23,2200,-2.3,992.6,7.1,25,81,444
2017,23,1,23,2300,-2,993.3,7.6,23,81,444
2017,24,1,24,0,-1.7,993.9,8.2,25,79,444
2017,24,1,24,100,-1.8,994.5,7.2,30,81.2,444
2017,24,1,24,200,-1.5,995.1,7.5,28,83.2,444
2017,24,1,24,300,-1.5,995.6,7.3,24,83,444
2017,24,1,24,400,-1.6,996.1,5.6,3,83.9,444
2017,24,1,24,500,-1.2,996.3,7.1,24,84,444
2017,24,1,24,600,-0.9,996.8,4.7,1,80,444
2017,24,1,24,700,-2.4,997.2,3.7,6,79,444
2017,24,1,24,800,-4.5,997.5,4.9,3,81,444
2017,24,1,24,900,-7,998.1,2,302,85.2,444
2017,24,1,24,1000,-8.5,998.4,3.3,338,85,444
2017,24,1,24,1100,-8.2,998.7,2.4,330,83,444
2017,24,1,24,1200  -,10.3,999.1,2.2,333,87,444
2017,24,1,24,1300  -,11.8,999.2,2.6,320,91,444
2017,24,1,24,1400  -,13,999.2,2.8,290,91.9,444
2017,24,1,24,1500  -,14.3,999.3,2.1,248,90,444
2017,24,1,24,1600  -,13.7,999.2,1.7,209,90,444
2017,24,1,24,1700  -,13.5,999.5,0.9,246,87,444
2017,24,1,24,1800  -,12.5,999.6,2.1,178,89,444
2017,24,1,24,1900  -,12.9,999.6,1.8,152,86.6,444
2017,24,1,24,2000  -,12.2,999.4,2.1,124,91.7,444
2017,24,1,24,2100  -,11,999.4,2.3,128,87,444
2017,24,1,24,2200  -,10.2,999.2,2.1,133,87,444
2017,24,1,24,2300,-9,998.8,2.6,124,88,444
2017,25,1,25,0,-8.2,998.6,3.8,143,89,444
2017,25,1,25,100,-8.1,998.4,2.5,169,86,444
2017,25,1,25,200,-7.7,998,2.6,167,88,444
2017,25,1,25,300,-7.1,997.7,3.1,190,88,444
2017,25,1,25,400,-7.7,997.5,2.9,173,93,444
2017,25,1,25,500,-8.2,997.4,2.2,157,95,444
2017,25,1,25,600,-8.4,997.5,1.6,170,93,444
2017,25,1,25,700,-9.3,997.6,3.1,176,95.1,444
2017,25,1,25,800,-9.6,997.6,3.2,172,93,444
2017,25,1,25,900,-9.9,997.7,0.4,167,90,444
2017,25,1,25,1000  -,11.4,998.2,1.6,163,93,444
2017,25,1,25,1100  -,12.3,998.5,1.6,140,91,444
2017,25,1,25,1200  -,13.1,998.4,0.3,200,91,444
2017,25,1,25,1300  -,14.6,998.4,0.5,222,91,444
2017,25,1,25,1400  -,14.6,998.2,0.9,205,89,444
2017,25,1,25,1500  -,15.3,998.3,0.7,206,87,444
2017,25,1,25,1600  -,15.9,998.1,1.3,142,85.3,444
2017,25,1,25,1700  -,16.6,998.1,2,330,87,444
2017,25,1,25,1800  -,13.7,998.3,1.6,189,85,444
2017,25,1,25,1900  4,44,998.1,1.2,137,86,444
2017,25,1,25,2000  -,11.3,998.1,1.4,103,77,444
2017,25,1,25,2100  -,10.8,998.1,1.9,82,77,444
2017,25,1,25,2200,-9.3,998.3,1.3,69,74,444
2017,25,1,25,2300,-7.8,998.5,0,0,66,444
2017,26,1,26,0,-6.5,998.3,1.2,53,63,444
2017,26,1,26,100,-5.8,998.2,0.8,15,71,444
2017,26,1,26,0200  4,44,998.3,0.4,13,67,444
2017,26,1,26,300,-5,998.2,1,26,75,444
2017,26,1,26,0400  4,44,998.2,1.2,12,75,444
2017,26,1,26,0500  4,44,998.2,1.1,22,76,444
2017,26,1,26,600,-6,998.4,0.7,136,80,444
2017,26,1,26,700,-6.7,998.5,1.6,88,81,444
2017,26,1,26,800,-7.3,998.5,2.2,87,76,444
2017,26,1,26,900,-9.3,998.5,3.1,76,79,444
2017,26,1,26,1000  -,10.6,998.5,2.9,65,85,444
2017,26,1,26,1100  -,12,998.5,3.1,66,88,444
2017,26,1,26,1200  -,12.6,998.3,3,65,87,444
2017,26,1,26,1300  -,13.2,998.1,3.1,71,87,444
2017,26,1,26,1400  -,13.8,997.9,3.1,61,86,444
2017,26,1,26,1500  -,13.9,997.6,2.9,63,85,444
2017,26,1,26,1600  -,12.3,997.5,3,65,92,444
2017,26,1,26,1700  -,12.8,997.8,0.6,152,95,444
2017,26,1,26,1800  -,12.2,997.8,0.5,144,87,444
2017,26,1,26,1900  -,11.5,997.8,1.1,111,84,444
2017,26,1,26,2000  -,10.9,997.7,2,100,82,444
2017,26,1,26,2100  -,10.1,997.6,2,101,81,444
2017,26,1,26,2200,-9,997.5,2.4,87,84,444
2017,26,1,26,2300,-7.6,997.6,2.1,84,83.1,444
2017,27,1,27,0000  4,44,997.7,0.6,140,76,444
2017,27,1,27,100,-6.6,997.3,2.1,170,84,444
2017,27,1,27,200,-6.6,997.2,2.6,156,86.8,444
2017,27,1,27,300,-6.5,996.9,2.4,147,88,444
2017,27,1,27,400,-6.3,996.8,3.3,142,88.1,444
2017,27,1,27,500,-6.3,996.9,3,140,89,444
2017,27,1,27,600,-6.9,996.8,3.6,147,89,444
2017,27,1,27,700,-7.9,996.9,3.3,151,88.9,444
2017,27,1,27,800,-9.7,996.9,3.4,147,94,444
2017,27,1,27,0900  -,10.7,997.1,4,136,97,444
2017,27,1,27,1000  -,11.1,997,3.7,152,97,444
2017,27,1,27,1100  -,11.8,997,4.7,191,95,444
2017,27,1,27,1200  -,11.5,997,4.5,182,93,444
2017,27,1,27,1300  -,11.6,997.1,4.2,179,93,444
2017,27,1,27,1400  -,13.6,997.4,2.4,202,91,444
2017,27,1,27,1500  -,14.4,997.3,3,188,90,444
2017,27,1,27,1600  -,15.1,997.5,4.5,189,89,444
2017,27,1,27,1700  -,15.3,997.5,6.5,174,90,444
2017,27,1,27,1800  -,12.3,997.6,6.4,180,92,444
2017,27,1,27,1900  -,12,997.9,4.8,196,88.3,444
2017,27,1,27,2000  -,12.6,998,3.9,218,86,444
2017,27,1,27,2100  -,11.5,997.7,7.2,197,85.5,444
2017,27,1,27,2200  -,12.4,997.9,9,190,84,444
2017,27,1,27,2300  -,13.8,998,8.4,192,82,444
2017,28,1,28,0000  -,13.4,997.9,7.6,205,82.2,444
2017,28,1,28,0100  -,11.1,997.7,8.4,199,84,444
2017,28,1,28,0200  -,10.7,997.2,7.5,202,82.7,444
2017,28,1,28,0300  -,10.8,996.9,7.3,210,86,444
2017,28,1,28,0400  -,11.2,996.4,6.7,210,85,444
2017,28,1,28,0500  -,11.3,995.9,6.6,214,86.5,444
2017,28,1,28,0600  -,11.3,995.8,4.5,224,86,444
2017,28,1,28,0700  -,11.2,995.3,5.3,212,85,444
2017,28,1,28,0800  -,11.8,995,2.7,226,83,444
2017,28,1,28,0900  -,12.4,994.5,2.7,217,84,444
2017,28,1,28,1000  -,13.9,994,2.3,210,82.6,444
2017,28,1,28,1100  -,13.8,993.5,2.6,166,79.3,444
2017,28,1,28,1200  -,16.2,993.2,0.6,191,83.1,444
2017,28,1,28,1300  -,16.5,992.8,3.6,298,89,444
2017,28,1,28,1400  -,14.1,992,2.8,309,89.5,444
2017,28,1,28,1500  -,14.3,991.2,2.4,323,91.3,444
2017,28,1,28,1600  4,44,990.6,1.4,1,89,444
2017,28,1,28,1700  -,17.1,990.3,1.9,344,89,444
2017,28,1,28,1800  -,15.4,990.2,2,359,83,444
2017,28,1,28,1900  -,13,989.6,2.3,49,76.3,444
2017,28,1,28,2000  -,14.5,989.1,2.1,182,77.4,444
2017,28,1,28,2100  -,10.2,988.8,1.8,67,69,444
2017,28,1,28,2200  -,12.1,988.7,1.4,12,70.9,444
2017,28,1,28,2300  -,12,988.3,1.3,247,74,444
2017,29,1,29,0000  -,10.1,987.6,0.5,160,66,444
2017,29,1,29,100,-9.6,986.9,1.4,118,76.1,444
2017,29,1,29,200,-8.3,986.1,2.2,21,80.4,444
2017,29,1,29,300,-8.5,985.6,1.5,106,78.9,444
2017,29,1,29,400,-8.6,985,2.5,109,83,444
2017,29,1,29,500,-8.3,983.9,4,85,85.4,444
2017,29,1,29,600,-6.7,983.2,3.5,3,83,444
2017,29,1,29,700,-8.5,983.1,2.8,316,87.2,444
2017,29,1,29,800,-9.5,982.9,0.5,350,81.1,444
2017,29,1,29,900,-8.2,982.6,2.4,340,86,444
2017,29,1,29,1000  -,10.2,982.4,1.4,106,85,444
2017,29,1,29,1100,-9.1,981.8,3.7,47,81,444
2017,29,1,29,1200  -,10,981.8,1.4,330,86,444
2017,29,1,29,1300  -,12.7,981.5,0.7,357,93.4,444
2017,29,1,29,1400  -,11.7,981.3,1.8,360,91,444
2017,29,1,29,1500  -,10.9,981.2,1.2,352,87,444
2017,29,1,29,1600,-7.9,981.2,3.5,338,91,444
2017,29,1,29,1700,-6.8,981.3,2.5,328,88.1,444
2017,29,1,29,1800,-5.4,981.2,5.5,352,81.8,444
2017,29,1,29,1900,-5.3,981.4,5,359,81,444
2017,29,1,29,2000,-4.8,981.6,4.4,356,81.8,444
2017,29,1,29,2100,-4.2,981.7,4,350,80,444
2017,29,1,29,2200,-4.1,981.9,4.6,346,78,444
2017,29,1,29,2300,-3.8,982.1,3.4,337,78,444
2017,30,1,30,0,-2.7,982.3,2.1,329,73,444
2017,30,1,30,100,-2.4,982.6,1.5,54,75.1,444
2017,30,1,30,200,-2.4,982.9,1.3,74,77,444
2017,30,1,30,300,-2.2,983.2,1.3,80,75,444
2017,30,1,30,400,-2.9,983.5,1.6,66,80,444
2017,30,1,30,500,-2.2,983.8,1,72,76.4,444
2017,30,1,30,600,-2,984.5,0.2,38,72.9,444
2017,30,1,30,700,-2.7,985,0.7,188,84,444
2017,30,1,30,800,-3.3,985.6,0.7,179,88,444
2017,30,1,30,900,-3.2,986,2.2,174,86,444
2017,30,1,30,1000,-5.5,986.4,3.8,178,87,444
2017,30,1,30,1100,-7.7,986.9,3,163,87,444
2017,30,1,30,1200,-8.8,987.4,2.7,142,87,444
2017,30,1,30,1300,-8.8,987.8,2.9,164,89,444
2017,30,1,30,1400,-9,988.2,3.6,168,91,444
2017,30,1,30,1500,-8.5,988.6,3.7,176,90,444
2017,30,1,30,1600,-9.8,989.1,3.5,162,88,444
2017,30,1,30,1700  -,10.1,989.7,4.4,166,86,444
2017,30,1,30,1800  -,10,990.1,3.5,170,83.1,444
2017,30,1,30,1900  -,13.3,990.7,4.2,198,83,444
2017,30,1,30,2000  -,13.4,991.1,4,190,78.4,444
2017,30,1,30,2100  -,12.6,991.5,5.8,178,80,444
2017,30,1,30,2200  -,12.6,992.2,6.2,179,83,444
2017,30,1,30,2300  -,13.1,992.7,6.1,188,84,444
2017,31,1,31,0000  -,12.4,993.2,7,185,83,444
2017,31,1,31,0100  -,12.2,993.5,7.7,181,84,444
2017,31,1,31,0200  -,13,993.7,8.1,183,84,444
2017,31,1,31,0300  -,12.9,994,7.8,181,84,444
2017,31,1,31,0400  -,13.6,994.1,8.2,179,83,444
2017,31,1,31,0500  -,14.7,994.4,9,181,84,444
2017,31,1,31,0600  -,15.5,994.9,8.4,175,84.6,444
2017,31,1,31,0700  -,16.1,995.4,7.4,173,83,444
2017,31,1,31,0800  -,15.8,995.9,6.2,179,84,444
2017,31,1,31,0900  -,16.4,996.1,5.8,196,85,444
2017,31,1,31,1000  -,17.1,996.4,5.3,206,86,444
2017,31,1,31,1100  -,18,996.5,5.6,206,86,444
2017,31,1,31,1200  -,18.5,996.7,5.8,198,85,444
2017,31,1,31,1300  -,18.8,996.9,5.5,196,84.4,444
2017,31,1,31,1400  -,19.8,997.1,5.7,199,84,444
2017,31,1,31,1500  -,20.1,997.2,2.8,195,84,444
2017,31,1,31,1600  -,21.3,997.5,4.2,221,85,444
2017,31,1,31,1700  -,20.7,997.5,4.6,215,85,444
2017,31,1,31,1800  -,20.1,997.8,4.7,203,87.1,444
2017,31,1,31,1900  -,20.3,998,4.8,204,85,444
2017,31,1,31,2000  -,19.6,998.2,5.6,204,85,444
2017,31,1,31,2100  -,19.3,998.4,4.1,198,84,444
2017,31,1,31,2200  -,18.6,998.4,4.4,189,85,444
2017,31,1,31,2300  -,18.2,998.3,4.5,214,84.2,444