2017,1,1,1,0,-35.9,610.7,2.7,158,-32.8,-3.1
2017,1,1,1,100,-35.4,610.6,2.9,156,-33,-2.4
2017,1,1,1,200,-34.3,610.6,2.8,158,-33.1,-1.2
2017,1,1,1,300,-33.1,610.5,3.1,164,-33.2,-0.1
2017,1,1,1,400,-31.8,610.2,3.4,153,-33.2,1.4
2017,1,1,1,500,-29.8,610.2,3.4,149,-33,3.9
2017,1,1,1,600,-28.4,610.3,3.6,152,-32.9,4.5
2017,1,1,1,700,-27.9,610.1,4.2,141,-32.6,4.7
2017,1,1,1,800,-27.8,610.1,4.4,142,-32.2,4.7
2017,1,1,1,900,-27.4,610,4.5,145,-31.8,4.4
2017,1,1,1,1000,-26.2,609.9,4.5,147,-31.3,5.4
2017,1,1,1,1100,-25.7,609.8,4.9,140,-31.1,5.4
2017,1,1,1,1200,-25.8,609.8,5,134,-30.8,4.9
2017,1,1,1,1300,-25.7,609.6,5,130,-30.5,4.8
2017,1,1,1,1400,-26,609.6,4.8,128,-30.5,4.5
2017,1,1,1,1500,-26.5,609.6,4.4,122,-30.6,4.1
2017,1,1,1,1600,-27.6,609.5,3.9,121,-30.7,3.1
2017,1,1,1,1700,-29.2,609.4,3.6,126,-30.9,1.6
2017,1,1,1,1800,-31,609.5,3.5,126,-31.1,0.1
2017,1,1,1,1900,-32.4,609.5,3.2,125,-31.3,-1
2017,1,1,1,2000,-34,609.7,2.9,132,-31.5,-2.2
2017,1,1,1,2100,-35.4,609.6,3.3,125,-31.8,-3.5
2017,1,1,1,2200,-35.5,609.6,3.5,124,-32.1,-3.3
2017,1,1,1,2300,-35.7,609.5,3.5,117,-32.5,-3.4
2017,2,1,2,0,-35.3,609.6,3.6,113,-32.7,-2.5
2017,2,1,2,100,-33,609.6,3.6,109,-33,0
2017,2,1,2,200,-33.5,609.6,3.9,103,-33.2,-0.5
2017,2,1,2,300,-32.9,609.4,4.4,113,-33.2,0.3
2017,2,1,2,400,-31.9,609.4,4.2,114,-33.1,1.1
2017,2,1,2,500,-31.6,609.6,5.4,100,-32.9,1.3
2017,2,1,2,600,-31,609.9,5.8,100,-32.7,1.5
2017,2,1,2,700,-29.9,609.8,6,105,-32.4,2.3
2017,2,1,2,800,-29.8,609.9,6.3,101,-32.1,2.2
2017,2,1,2,900,-28.9,610,6.6,98,-31.8,2.9
2017,2,1,2,1000,-27.9,610.1,6.5,98,-31.6,3.5
2017,2,1,2,1100,-26.7,610.2,6.1,93,-31.4,4.7
2017,2,1,2,1200,-26.6,610.2,6.6,97,-31.1,4.5
2017,2,1,2,1300,-26.3,610.4,6.4,92,-31,4.7
2017,2,1,2,1400,-26.4,610.5,6.4,79,-30.9,4.4
2017,2,1,2,1500,-26.6,610.6,5.6,86,-30.9,4.2
2017,2,1,2,1600,-27,610.6,4.2,92,-30.9,3.7
2017,2,1,2,1700,-28.5,610.7,3.8,100,-31.1,2.6
2017,2,1,2,1800,-30.4,611,3.3,105,-31.2,0.9
2017,2,1,2,1900,-31.9,611.2,3.9,97,-31.5,-0.6
2017,2,1,2,2000,-33.4,611.3,4.1,95,-31.6,-1.5
2017,2,1,2,2100,-34.1,611.6,3.9,91,-32,-2.1
2017,2,1,2,2200,-34.1,611.7,3,78,-32.2,-1.8
2017,2,1,2,2300,-35.5,611.8,3,98,-32.5,-3
2017,3,1,3,0,-35.7,611.9,3.1,93,-32.8,-2.9
2017,3,1,3,100,-35.5,612,3.9,90,-32.9,-2.6
2017,3,1,3,200,-34.8,611.9,3.8,86,-33,-2
2017,3,1,3,300,-34.1,611.9,4.6,87,-33.2,-0.9
2017,3,1,3,400,-32.9,612,5.4,87,-33.2,0.3
2017,3,1,3,500,-31.5,611.9,5.7,84,-33.1,1.3
2017,3,1,3,600,-30.8,612,5.8,87,-33,2.3
2017,3,1,3,700,-29.7,612.2,5.6,87,-32.8,3.3
2017,3,1,3,800,-29.1,612.2,5.8,80,-32.6,3.5
2017,3,1,3,900,-28.4,612.3,5.4,82,-32.4,3.9
2017,3,1,3,1000,-27.4,612.1,5.5,82,-32.1,4.6
2017,3,1,3,1100,-26.5,612.1,5.6,80,-31.8,5.2
2017,3,1,3,1200,-26.2,611.9,5.3,80,-31.5,5.6
2017,3,1,3,1300,-25.8,611.8,5.2,86,-31.3,5.6
2017,3,1,3,1400,-25.8,611.8,5,88,-31.2,5.4
2017,3,1,3,1500,-26,611.6,4.2,85,-31.2,5.2
2017,3,1,3,1600,-27.4,611.5,3.8,94,-31.3,4
2017,3,1,3,1700,-28.7,611.3,3.4,100,-31.4,3
2017,3,1,3,1800,-30.3,611.2,3.7,99,-31.6,1.3
2017,3,1,3,1900,-32.2,611,3.4,98,-31.8,-0.4
2017,3,1,3,2000,-33.3,611,3.1,97,-32,-1.3
2017,3,1,3,2100,-34.7,611,3.5,96,-32.2,-2.5
2017,3,1,3,2200,-35.5,610.8,3.2,93,-32.5,-2.8
2017,3,1,3,2300,-35.9,610.6,3.2,97,-32.8,-3.2
2017,4,1,4,0,-36,610.5,3.9,103,-33,-3
2017,4,1,4,100,-35.2,610.2,2.9,114,-33.2,-1.9
2017,4,1,4,200,-34.8,610,3.3,115,-33.4,-1.4
2017,4,1,4,300,-33.4,609.8,3.4,116,-33.4,-0.3
2017,4,1,4,400,-32.5,609.5,3.6,119,-33.4,0.8
2017,4,1,4,500,-31,609.2,3.8,119,-33.2,2.2
2017,4,1,4,600,-29.7,609,4.2,121,-33,3.3
2017,4,1,4,700,-29.1,608.9,6,113,-32.7,3.5
2017,4,1,4,800,-28.2,608.9,6,108,-32.5,3.9
2017,4,1,4,900,-27.7,608.6,5.9,104,-32,4.3
2017,4,1,4,1000,-27,608.3,6,103,-31.6,4.6
2017,4,1,4,1100,-26.5,608,6,102,-31.4,5.1
2017,4,1,4,1200,-25.9,607.6,6.2,102,-31.2,5.2
2017,4,1,4,1300,-26.1,607.4,6.2,106,-31,4.9
2017,4,1,4,1400,-25.7,607.1,5.3,100,-31,5
2017,4,1,4,1500,-26.2,606.9,4.9,106,444,444
2017,4,1,4,1600,-27,606.6,3.8,111,-31,4
2017,4,1,4,1700,-28.5,606.4,3.8,116,-31.1,2.7
2017,4,1,4,1800,-30.1,606,3.9,115,-31.3,1.2
2017,4,1,4,1900,-31.7,606.1,2.9,120,-31.4,0.2
2017,4,1,4,2000,-32.9,605.8,2.7,118,444,444
2017,4,1,4,2100,-32.7,605.6,3,115,-31.8,-0.9
2017,4,1,4,2200,-31.5,605.3,2.4,97,-32.1,0.6
2017,4,1,4,2300,-31.4,605.1,3,108,-32.2,0.9
2017,5,1,5,0,-30,604.8,3.2,100,-32.4,2.1
2017,5,1,5,100,-28.6,604.4,2.7,99,444,444
2017,5,1,5,200,-27.4,604.3,2.4,118,-32.5,4.3
2017,5,1,5,300,-29.1,604,3.1,138,-32.5,3.4
2017,5,1,5,400,-29.8,603.5,3.5,131,-32.4,2.6
2017,5,1,5,500,-28.2,603.3,3.6,103,-32.3,4
2017,5,1,5,600,-27.8,603.2,4.6,104,-32.2,4
2017,5,1,5,700,-26.2,603.2,4.7,100,-31.9,5.6
2017,5,1,5,800,-25.9,603.1,5.4,90,-31.6,5.6
2017,5,1,5,900,-26,603,5.1,84,-31.5,5.5
2017,5,1,5,1000,-25.4,602.8,5.5,86,-31.2,5.8
2017,5,1,5,1100,-24.4,602.7,5,82,-30.9,6.4
2017,5,1,5,1200,-24.6,602.7,4.8,100,-30.7,5.9
2017,5,1,5,1300,-24.5,602.6,4.5,101,-30.5,6.2
2017,5,1,5,1400,-24.9,602.4,4.4,97,-30.4,5.7
2017,5,1,5,1500,-25,602.4,4.2,87,-30.4,5.4
2017,5,1,5,1600,-25.1,602.4,3,90,-30.4,5.1
2017,5,1,5,1700,-26.1,602.2,1.9,106,-30.4,4.3
2017,5,1,5,1800,-28,602.1,1.6,123,-30.6,2.2
2017,5,1,5,1900,-31.1,602.3,2.1,111,-30.7,-1
2017,5,1,5,2000,-31.9,602.3,2.3,100,-30.8,-1
2017,5,1,5,2100,-33.7,602.4,2.5,90,-31.1,-2.3
2017,5,1,5,2200,-33.3,602.3,2.2,87,-31.3,-2
2017,5,1,5,2300,-32.9,602.3,2.3,82,444,444
2017,6,1,6,0,-33,602.3,2.6,82,-31.8,-0.8
2017,6,1,6,100,-32.5,602.4,2.1,89,-32,-0.5
2017,6,1,6,200,-34.1,602.5,2.3,95,-32.1,-1.5
2017,6,1,6,300,-31.7,602.5,2.7,78,-32.3,0.5
2017,6,1,6,400,-31.3,602.7,3.3,81,444,444
2017,6,1,6,500,-28.6,602.7,2.2,65,-32.4,4.5
2017,6,1,6,600,-29.2,602.9,3.8,72,-32.3,3.1
2017,6,1,6,700,-28.2,603.1,3.8,72,-32.2,4.1
2017,6,1,6,800,-28.6,603.2,4.3,71,-32.1,3.7
2017,6,1,6,900,-28.9,603.4,5,65,444,444
2017,6,1,6,1000,-28.2,603.6,4.7,52,-31.7,3.7
2017,6,1,6,1100,-27.7,603.7,4.7,59,-31.5,3.8
2017,6,1,6,1200,-27.1,603.9,4.1,57,-31.4,4.3
2017,6,1,6,1300,-27,604.1,4,67,-31.3,4.1
2017,6,1,6,1400,-27.7,604.1,4.3,70,-31.3,3.6
2017,6,1,6,1500,-28,604.4,3.9,59,-31.3,3.4
2017,6,1,6,1600,-28.4,604.5,3.1,62,-31.4,3
2017,6,1,6,1700,-29.2,604.7,2.1,70,-31.6,2.4
2017,6,1,6,1800,-31.4,604.9,1.7,83,-31.8,0.4
2017,6,1,6,1900,-33.9,605.1,2,85,-31.9,-1.9
2017,6,1,6,2000,-36,605.3,1.8,90,-32.2,-3.8
2017,6,1,6,2100,-37.6,605.4,2,85,-32.5,-5.1
2017,6,1,6,2200,-38.2,605.5,2.2,78,-32.7,-5.4
2017,6,1,6,2300,-38.4,605.7,2,79,-33.1,-5.2
2017,7,1,7,0,-38.2,605.9,2,78,-33.4,-4.8
2017,7,1,7,100,-37.4,606,1.7,86,-33.7,-3.5
2017,7,1,7,200,-36.8,606.2,2.1,84,-34,-2.4
2017,7,1,7,300,-34.6,606.3,1.7,96,-34.1,-0.3
2017,7,1,7,400,-33.6,606.5,2.3,91,-34.2,0.7
2017,7,1,7,500,-31.2,606.7,2.4,84,-34.3,3.1
2017,7,1,7,600,-31.1,606.9,3.9,72,444,444
2017,7,1,7,700,-30.4,607.1,4.1,69,-34.1,4.2
2017,7,1,7,800,-29.8,607.3,5,65,-34,4.2
2017,7,1,7,900,-29.2,607.6,5.4,61,-33.8,4.5
2017,7,1,7,1000,-28.5,607.8,6.1,62,-33.6,5.1
2017,7,1,7,1100,-27.6,608,5.9,64,-33.5,5.8
2017,7,1,7,1200,-27,608.2,5.6,61,-33.3,6.5
2017,7,1,7,1300,-26.7,608.4,5.7,59,-33.1,6.4
2017,7,1,7,1400,-26.8,608.5,5.6,60,-33,6.1
2017,7,1,7,1500,-26.7,608.5,4.5,64,-32.9,6
2017,7,1,7,1600,-28,608.7,3.7,73,444,444
2017,7,1,7,1700,-29.3,608.7,3.8,76,-32.9,3.6
2017,7,1,7,1800,-31.9,608.9,3,84,-32.9,0.5
2017,7,1,7,1900,-33.7,609.1,3,86,-33,-0.7
2017,7,1,7,2000,-36.1,609.2,2.5,82,-33.1,-3
2017,7,1,7,2100,-37,609.3,2.3,85,-33.3,-3.7
2017,7,1,7,2200,-37.3,609.5,2,85,-33.4,-4.2
2017,7,1,7,2300,-37.9,609.5,2.5,74,-33.7,-4.2
2017,8,1,8,0,-38.1,609.5,2.6,67,-33.9,-4.1
2017,8,1,8,100,-35.9,609.6,2.4,65,-34.1,-1.7
2017,8,1,8,200,-36.3,609.6,3.1,56,-34.4,-1.9
2017,8,1,8,300,-33.8,609.6,2.4,74,-34.5,0.8
2017,8,1,8,400,-32,609.7,2.6,70,-34.6,2.1
2017,8,1,8,500,-30.5,609.8,3.4,57,-34.7,4.4
2017,8,1,8,600,-29.5,610,3.8,61,-34.6,5.2
2017,8,1,8,700,-28.5,610,4.3,62,-34.5,6
2017,8,1,8,800,-28.1,610,4.9,57,-34.4,6.3
2017,8,1,8,900,-28.4,610,5.1,53,-34.2,5.7
2017,8,1,8,1000,-27.7,609.9,5.2,55,-33.9,6.4
2017,8,1,8,1100,-27,610,5.6,56,-33.6,6.6
2017,8,1,8,1200,-26.9,610,5.5,52,-33.4,6.8
2017,8,1,8,1300,-26.5,610,5.5,52,-33.3,6.7
2017,8,1,8,1400,-26.8,610.1,5.1,56,-33.2,6.4
2017,8,1,8,1500,-26.8,610,5.1,50,-33.1,6.3
2017,8,1,8,1600,-27.5,610,3.7,49,-33,5.2
2017,8,1,8,1700,-28.7,610.1,3.2,50,-33,4.3
2017,8,1,8,1800,-30.7,610.2,2.8,60,-33,1.9
2017,8,1,8,1900,-33.9,610.4,2.7,58,-33.1,-0.8
2017,8,1,8,2000,-35.7,610.5,2.8,49,-33.2,-2.4
2017,8,1,8,2100,-36.9,610.6,2.5,55,-33.4,-3.6
2017,8,1,8,2200,-37.2,610.6,2.5,53,-33.6,-3.6
2017,8,1,8,2300,-38,610.8,2.1,54,-33.8,-4.2
2017,9,1,9,0,-38.5,610.9,2.4,61,-34.1,-4.3
2017,9,1,9,100,-36.2,611,2.4,57,-34.3,-2.1
2017,9,1,9,200,-34.1,610.9,1.8,66,-34.6,0.5
2017,9,1,9,300,-35.1,611,2.2,77,-34.8,0.6
2017,9,1,9,400,-33.7,611,2.9,67,-34.8,1.2
2017,9,1,9,500,-32.5,611.1,3.3,68,-34.9,2.4
2017,9,1,9,600,-31.1,611.2,3.2,66,-34.8,3.7
2017,9,1,9,700,-30.1,611.3,3.4,64,-34.7,4.8
2017,9,1,9,800,-30.8,611.5,4.5,66,-34.5,3.7
2017,9,1,9,900,-30.8,611.5,4.8,65,-34.3,3.5
2017,9,1,9,1000,-29.8,611.4,4.1,69,-34.1,4.3
2017,9,1,9,1100,-28.8,611.3,4.3,59,-33.9,5.1
2017,9,1,9,1200,-27.5,611.4,3.8,45,-33.7,6
2017,9,1,9,1300,-27.8,611.5,4.1,35,-33.6,3.2
2017,9,1,9,1400,-27.1,611.5,3.9,41,-33.5,6.5
2017,9,1,9,1500,-27.2,611.6,3.5,53,-33.5,6.3
2017,9,1,9,1600,-25.3,611.5,1.8,45,-33.5,8.1
2017,9,1,9,1700,-27.8,611.6,1.3,74,-33.5,6.4
2017,9,1,9,1800,-30.5,611.7,1.7,78,-33.5,3
2017,9,1,9,1900,-33.5,611.8,1.9,72,-33.6,-0.2
2017,9,1,9,2000,-33.9,611.8,1.4,71,-33.7,-0.1
2017,9,1,9,2100,-35.6,611.9,1.3,93,-33.9,-1.7
2017,9,1,9,2200,-36.5,612,1.8,92,-34.1,-2.4
2017,9,1,9,2300,-37,611.9,1.9,93,-34.3,-2.6
2017,10,1,10,0,-37.6,611.8,1.7,102,-34.6,-2.3
2017,10,1,10,100,-37.4,611.9,1.7,107,-34.8,-2.6
2017,10,1,10,200,-34.9,611.9,1.3,104,-35,0.1
2017,10,1,10,300,444,611.9,1.4,98,-35,1.9
2017,10,1,10,400,444,612.1,0.9,106,-35,4.7
2017,10,1,10,500,444,612.1,1,100,-35,6.3
2017,10,1,10,600,-29.9,612.1,2.1,99,-34.8,4.9
2017,10,1,10,700,-28.9,612.2,2.3,91,-34.7,5.8
2017,10,1,10,800,-28.5,612.2,2.2,83,-34.4,5.8
2017,10,1,10,900,-29,612.2,2.9,76,-34.1,5.1
2017,10,1,10,1000,-27.8,612.2,3.1,53,-33.9,6
2017,10,1,10,1100,-27.3,612.3,3,37,-33.6,6.3
2017,10,1,10,1200,-25.4,612.3,2.3,49,-33.4,8
2017,10,1,10,1300,-26.2,612.3,2.9,63,-33.2,7
2017,10,1,10,1400,-26.7,612.4,3,53,-33.1,6.5
2017,10,1,10,1500,-26.7,612.4,2.7,45,-33.1,6.4
2017,10,1,10,1600,-26.5,612.3,1.8,54,-33.1,6.6
2017,10,1,10,1700,-26.8,612.4,1,44,-33.1,7.1
2017,10,1,10,1800,-31.8,612.4,1.7,80,-33.2,1.4
2017,10,1,10,1900,-34.9,612.5,1.8,88,-33.3,-1.5
2017,10,1,10,2000,-37.5,612.5,2,72,-33.5,-3.1
2017,10,1,10,2100,-37.7,612.3,2,83,-33.8,-3.9
2017,10,1,10,2200,-37.8,612.3,1.5,93,-34.1,-3.8
2017,10,1,10,2300,-39.1,612.4,2,86,-34.3,-4.8
2017,11,1,11,0,-37.6,612.4,1.7,56,-34.5,-3.7
2017,11,1,11,100,-38.2,612.3,2.6,71,-34.7,-3.7
2017,11,1,11,200,-36.6,612.3,2.3,66,-35,-1.8
2017,11,1,11,300,-34.8,612.2,2.3,70,-35.1,0.3
2017,11,1,11,400,-32.7,612.1,2.2,72,-35.2,2.4
2017,11,1,11,500,-32.2,612,3.7,79,-35.2,2.7
2017,11,1,11,600,-30.8,612.1,3.7,77,-35.2,4.4
2017,11,1,11,700,-31,612,3.4,87,-35.1,4.6
2017,11,1,11,800,-31.6,611.9,4.7,90,-34.9,3.7
2017,11,1,11,900,-30.9,611.9,4.7,98,-34.7,3.7
2017,11,1,11,1000,-29.7,611.9,5,87,-34.4,4.7
2017,11,1,11,1100,-28.2,611.8,5.1,90,-34.1,5.9
2017,11,1,11,1200,-27.4,611.8,5,86,-34,6.5
2017,11,1,11,1300,-26.5,611.7,5.7,82,-33.8,7.3
2017,11,1,11,1400,-26.7,611.8,5.8,70,-33.6,6.9
2017,11,1,11,1500,-26.5,611.7,4.9,65,-33.5,7
2017,11,1,11,1600,-27.1,611.8,3.7,67,-33.5,6.1
2017,11,1,11,1700,-27.9,611.9,4.2,66,-33.4,5.5
2017,11,1,11,1800,-29.7,612,3.8,66,-33.4,3.6
2017,11,1,11,1900,-31.3,612.1,4.3,64,-33.4,1.8
2017,11,1,11,2000,-33.3,612.2,3.5,65,-33.4,0.1
2017,11,1,11,2100,-34.5,612.4,3.4,65,-33.5,-1.2
2017,11,1,11,2200,-34.4,612.5,3.4,53,-33.6,-0.8
2017,11,1,11,2300,-35.3,612.5,2.9,63,-33.7,-1.6
2017,12,1,12,0,-36.3,612.7,3.2,66,-33.9,-2.9
2017,12,1,12,100,-34.5,612.7,2.8,73,-34,-0.5
2017,12,1,12,200,-34.1,612.8,2.8,82,-34.1,0.1
2017,12,1,12,300,-32.6,612.9,3,82,-34.3,1.7
2017,12,1,12,400,-29.8,613.1,4.3,62,-34.3,4.5
2017,12,1,12,500,-26.6,613.1,4.8,58,-34.3,7.3
2017,12,1,12,600,-26,613.3,5.2,50,-34.3,8.3
2017,12,1,12,700,-25.3,613.4,5,58,-34.2,8.9
2017,12,1,12,800,-24.8,613.6,5.5,66,-34,9.1
2017,12,1,12,900,-24.7,613.7,6.1,62,-33.7,9
2017,12,1,12,1000,-23.9,613.8,6.2,63,-33.5,9.5
2017,12,1,12,1100,-23.1,613.9,5.8,61,-33.2,10.1
2017,12,1,12,1200,-22.2,614,5.4,51,-32.9,10.7
2017,12,1,12,1300,-22.1,614.2,5,45,-32.7,10.6
2017,12,1,12,1400,-22,614.3,3.6,37,-32.5,10.4
2017,12,1,12,1500,-21.6,614.3,2.9,38,-32.3,10.7
2017,12,1,12,1600,-23.7,614.5,2.7,26,-32.2,8.6
2017,12,1,12,1700,-26.7,614.7,2.5,22,-32.1,5.6
2017,12,1,12,1800,-28.1,614.8,2.1,22,-32.1,4
2017,12,1,12,1900,-29.9,614.9,2,15,-32.1,2.2
2017,12,1,12,2000,-32.4,615.1,2.3,347,-32.1,-0.2
2017,12,1,12,2100,-34.2,615.4,2.2,360,-32.2,-2
2017,12,1,12,2200,-35,615.5,1.7,358,-32.4,-2.4
2017,12,1,12,2300,-35.7,615.7,2.2,322,-32.5,-3.1
2017,13,1,13,0,-35.3,615.9,2.4,316,-32.8,-2.6
2017,13,1,13,100,-33,616.1,2,301,-33,0
2017,13,1,13,200,-31.8,616.1,2.2,292,-33.1,1.3
2017,13,1,13,300,-28.6,616.2,1.8,295,-33.3,3.7
2017,13,1,13,400,-26.2,616.2,1.5,296,-33.3,7.1
2017,13,1,13,500,-26.6,616.4,1.9,301,-33.3,7.5
2017,13,1,13,600,-25.8,616.6,1.8,300,-33.2,8.6
2017,13,1,13,700,-24.8,616.7,2.7,268,-33.1,8.3
2017,13,1,13,800,-25.6,616.9,4,275,-33,7.6
2017,13,1,13,900,-26.2,616.9,3.9,269,-32.8,6.6
2017,13,1,13,1000,-25.6,617.1,3.5,264,444,444
2017,13,1,13,1100,-24.9,617.2,3.1,261,-32.3,7.6
2017,13,1,13,1200,-24.7,617.2,2.6,247,-32.1,7.4
2017,13,1,13,1300,-24.1,617.4,2.4,255,-32,7.9
2017,13,1,13,1400,-24.7,617.4,2.2,244,-31.8,7.1
2017,13,1,13,1500,-24.5,617.2,1.6,242,-31.8,7.6
2017,13,1,13,1600,-25.1,617.2,1.6,251,-31.7,6.6
2017,13,1,13,1700,-28,617.2,1.6,234,-31.8,3.9
2017,13,1,13,1800,-30.6,617.2,1.9,229,-31.8,1.2
2017,13,1,13,1900,-30.7,617.2,1.9,215,-31.9,1.2
2017,13,1,13,2000,-31.2,617.3,1.8,203,-32,1.3
2017,13,1,13,2100,-33.9,617.3,1.8,205,-32.2,-1.7
2017,13,1,13,2200,-33.8,617.3,1.7,202,-32.5,-1.3
2017,13,1,13,2300,-33.9,617.3,1.8,191,-32.7,-1.4
2017,14,1,14,0,-33.4,617.2,1.6,171,-32.9,-0.9
2017,14,1,14,100,-34.3,617,1.8,159,-33.1,-1.2
2017,14,1,14,200,-33.2,616.9,1.4,169,-33.4,0.2
2017,14,1,14,300,444,616.8,1,144,-33.5,4
2017,14,1,14,400,444,616.6,1.2,124,-33.6,3.8
2017,14,1,14,500,444,616.7,0.7,91,-33.6,9
2017,14,1,14,600,444,616.9,1.1,63,-33.5,10.4
2017,14,1,14,700,-25.2,616.8,1.5,83,-33.3,8.1
2017,14,1,14,800,-26.5,616.7,1.8,83,444,444
2017,14,1,14,900,-27.2,616.7,2.1,72,-32.8,5.7
2017,14,1,14,1000,-26.7,616.6,2.2,82,-32.6,6.1
2017,14,1,14,1100,-25.4,616.6,2.3,80,-32.4,6.9
2017,14,1,14,1200,-25.1,616.5,2.9,65,-32.2,7
2017,14,1,14,1300,-24.7,616.4,3,67,444,444
2017,14,1,14,1400,-24.3,616.3,3,61,-31.9,7.6
2017,14,1,14,1500,-24.7,616,2.1,71,-31.9,7
2017,14,1,14,1600,-26.9,615.7,2.1,79,-31.9,5.1
2017,14,1,14,1700,-29.9,615.6,2.3,77,-31.9,2
2017,14,1,14,1800,-31.8,615.7,2.4,76,-32,0.7
2017,14,1,14,1900,-34,615.7,2.6,71,-32.2,-1.8
2017,14,1,14,2000,-35.2,615.7,2.3,72,-32.4,-2.9
2017,14,1,14,2100,-36.5,615.5,2.5,58,-32.6,-4
2017,14,1,14,2200,-37.2,615.4,2.8,52,-32.8,-4.4
2017,14,1,14,2300,-36.8,615.3,2.4,45,-33,-4.4
2017,15,1,15,0,-37.1,615.3,2.8,31,-33.3,-3.8
2017,15,1,15,100,-36.4,615,2.9,31,444,444
2017,15,1,15,200,-34.7,614.9,3,23,-33.8,-0.9
2017,15,1,15,300,-33.3,614.8,3.7,20,-33.9,0.7
2017,15,1,15,400,-31.6,614.5,3.9,17,-34,2.2
2017,15,1,15,500,-29.9,614.4,4.2,10,-34.1,4.2
2017,15,1,15,600,-29.1,614.3,4.4,9,444,444
2017,15,1,15,700,-28.7,614.3,4.5,3,-34,5.1
2017,15,1,15,800,-28.1,614.3,4.5,348,-33.8,5.8
2017,15,1,15,900,-26.9,614.4,4.4,340,-33.7,6.5
2017,15,1,15,1000,-25.4,614.4,4,332,-33.5,8.1
2017,15,1,15,1100,-24.3,614.3,4.4,323,444,444
2017,15,1,15,1200,-23.8,614.3,5.3,315,-33.2,9.4
2017,15,1,15,1300,-22.8,614.2,4.1,309,-33.1,10
2017,15,1,15,1400,-22.5,614,4.1,296,-32.9,10.4
2017,15,1,15,1500,-22.5,613.9,4.2,284,-32.8,10.2
2017,15,1,15,1600,-22.5,614,3.7,287,-32.6,10
2017,15,1,15,1700,-23.3,613.9,2,273,-32.4,9
2017,15,1,15,1800,-23.5,614.1,1.5,278,-32.3,8.2
2017,15,1,15,1900,-25.8,614.1,1.5,286,-32.1,6.2
2017,15,1,15,2000,-25.6,614.2,1.5,309,-31.9,6.3
2017,15,1,15,2100,-28.9,614.2,1.7,285,-31.9,2.6
2017,15,1,15,2200,-27.9,614.2,1.3,298,-31.8,3.7
2017,15,1,15,2300,-28.9,614.2,2.1,293,-31.9,0.3
2017,16,1,16,0,-30.2,614.2,2,273,-32,1.8
2017,16,1,16,100,-31.2,614.1,1.8,256,-32.1,0.9
2017,16,1,16,200,-30.1,613.9,1.2,253,-32.2,1.2
2017,16,1,16,300,-28.5,613.9,1.4,214,-32.3,3.6
2017,16,1,16,400,-30,614,1.5,254,-32.4,3.4
2017,16,1,16,500,444,614,1.3,212,-32.4,6.9
2017,16,1,16,600,-27.9,614,2.6,196,-32.3,4.4
2017,16,1,16,700,-26,614.1,1.9,187,-32.2,6.1
2017,16,1,16,800,-26.8,614.2,2.5,178,-32,5.1
2017,16,1,16,900,-25.9,614.3,2.2,166,-31.8,6.1
2017,16,1,16,1000,-25,614.3,2.3,163,-31.6,6.5
2017,16,1,16,1100,-23.7,614.2,2.2,162,-31.4,7.7
2017,16,1,16,1200,-21.7,614.3,1.4,158,-31.2,9.6
2017,16,1,16,1300,-21.9,614.3,1.2,174,-31.1,9.2
2017,16,1,16,1400,-22.2,614.3,1.4,177,-31.1,8.9
2017,16,1,16,1500,-25.4,614.2,1.8,172,-31.1,5.7
2017,16,1,16,1600,-28,614.1,2.2,172,-31.1,3.1
2017,16,1,16,1700,-29.8,614.2,2.2,156,-31.2,1.5
2017,16,1,16,1800,-29.2,614.1,3.1,157,-31.3,2.1
2017,16,1,16,1900,-29.9,614.2,3.7,154,-31.5,1.5
2017,16,1,16,2000,-30.9,614.1,2.9,150,-31.6,0.2
2017,16,1,16,2100,-32.5,614.3,2.6,134,-31.8,-0.7
2017,16,1,16,2200,-33.1,614.1,2.7,137,-31.9,-1.2
2017,16,1,16,2300,-33.9,614,3.4,152,-32,-1.9
2017,17,1,17,0,-34.3,613.8,2.5,151,-32.2,-2.1
2017,17,1,17,100,-35.4,613.4,2.7,160,-32.2,-3.2
2017,17,1,17,200,-33.5,613.3,2.1,149,-32.3,-1.1
2017,17,1,17,300,-30.8,613.1,1.5,152,-32.4,1.6
2017,17,1,17,400,-32.5,613,2.3,151,-32.5,0
2017,17,1,17,500,-31.1,612.8,2.4,153,-32.5,0.7
2017,17,1,17,600,-31.3,612.6,3.2,157,-32.5,0.9
2017,17,1,17,700,-31.3,612.7,4.2,152,-32.4,1.3
2017,17,1,17,800,-31,612.5,3.9,146,-32.3,1.3
2017,17,1,17,900,-30.5,612.4,3.3,146,-32.2,1.7
2017,17,1,17,1000,-30.2,612.2,3.9,141,-32.1,1.8
2017,17,1,17,1100,-29.4,612.1,3.8,136,-31.9,2.7
2017,17,1,17,1200,-29.3,611.9,3.9,128,-31.9,2.6
2017,17,1,17,1300,-29,611.9,3.4,119,-31.8,2.8
2017,17,1,17,1400,-28.4,611.8,2.4,120,-31.8,3.6
2017,17,1,17,1500,-28.3,611.7,1.6,124,-31.9,3.6
2017,17,1,17,1600,-29.8,611.5,1.9,138,-32,2.2
2017,17,1,17,1700,-32.7,611.6,2.4,140,-32.1,-0.6
2017,17,1,17,1800,-34.9,611.6,1.9,136,-32.3,-2.6
2017,17,1,17,1900,-37.2,611.7,2.2,134,-32.5,-5.1
2017,17,1,17,2000,-38.7,611.7,2,133,-32.7,-6
2017,17,1,17,2100,-40.4,611.6,2,133,-33,-7
2017,17,1,17,2200,-41.4,611.6,2,128,-33.3,-7.9
2017,17,1,17,2300,-41.5,611.5,1.8,128,-33.6,-8
2017,18,1,18,0,-41.5,611.4,2.1,126,-33.9,-7.4
2017,18,1,18,100,-40.7,611.4,1.7,122,-34.2,-6.5
2017,18,1,18,200,-39.5,611.4,1.8,119,-34.4,-5.1
2017,18,1,18,300,-37,611.3,1.5,120,-34.6,-2.4
2017,18,1,18,400,-32.8,611.3,1.2,138,-34.8,2.4
2017,18,1,18,500,-31.3,611.4,1.3,141,-34.8,3.5
2017,18,1,18,600,-30.6,611.6,1.6,128,-34.7,4.1
2017,18,1,18,700,-31,611.7,1.9,124,-34.6,3.5
2017,18,1,18,800,-31.5,611.7,2.8,113,-34.4,2.8
2017,18,1,18,900,-30.9,611.8,2.8,102,-34.2,3
2017,18,1,18,1000,-28.8,611.8,1.5,93,-34,4.6
2017,18,1,18,1100,444,611.8,1.2,94,-33.6,8
2017,18,1,18,1200,444,611.9,1.2,114,-33.4,7.9
2017,18,1,18,1300,444,611.9,1.3,130,-33.3,9
2017,18,1,18,1400,-25.5,612,1.5,131,-33.1,10.3
2017,18,1,18,1500,-27.1,611.9,1,141,-33.1,7.7
2017,18,1,18,1600,444,612,0.5,156,-33.1,8.8
2017,18,1,18,1700,-28.1,612,0.6,151,-33.1,6.9
2017,18,1,18,1800,-27.8,612.2,0.9,160,-33.2,5.4
2017,18,1,18,1900,-31.6,612.4,1.2,145,-33.3,1.8
2017,18,1,18,2000,-31.5,612.6,0.9,152,-33.5,2
2017,18,1,18,2100,-32.2,612.5,0.9,148,-33.7,1
2017,18,1,18,2200,-34.3,612.5,0.9,135,-34,0.1
2017,18,1,18,2300,-35.7,612.5,1.4,136,-34.2,-1.5
2017,19,1,19,0,-35.7,612.6,1.2,138,-34.4,-1.2
2017,19,1,19,100,444,612.6,0.9,174,-34.7,0.7
2017,19,1,19,200,444,612.6,0.8,240,-35,2.4
2017,19,1,19,300,-34.1,612.5,1.5,168,-35,1
2017,19,1,19,400,-32.1,612.6,1.2,198,-35.1,4.3
2017,19,1,19,500,-32.2,612.6,1.3,228,-35.1,2.6
2017,19,1,19,600,-28.7,612.7,1.6,158,-35,6.3
2017,19,1,19,700,444,612.6,1.2,180,-34.9,7.4
2017,19,1,19,800,-27.8,612.5,1.3,157,-34.5,6.1
2017,19,1,19,900,-29.3,612.4,1.7,138,-34.3,5
2017,19,1,19,1000,-28.6,612.5,1.3,133,-34.1,5.5
2017,19,1,19,1100,444,612.4,0.9,146,-33.8,9.4
2017,19,1,19,1200,444,612.3,1,165,-33.6,13.2
2017,19,1,19,1300,444,612.2,1.3,152,-33.4,11.4
2017,19,1,19,1400,444,612.1,1.2,156,-33.2,11.5
2017,19,1,19,1500,444,611.9,1.7,146,-33.2,8.2
2017,19,1,19,1600,444,611.6,1.1,156,-33.2,7.6
2017,19,1,19,1700,-30,611.5,1.7,161,-33.2,3.2
2017,19,1,19,1800,-34.3,611.4,1.5,136,-33.3,-1
2017,19,1,19,1900,-35.1,611.2,1.9,147,-33.5,-2
2017,19,1,19,2000,-37.8,611.1,2.2,142,-33.6,-4.2
2017,19,1,19,2100,-37.5,610.9,1.3,139,-33.8,-3.7
2017,19,1,19,2200,-37,610.9,1.6,146,-34,-2.9
2017,19,1,19,2300,-38.3,610.7,1.6,144,-34.3,-3.9
2017,20,1,20,0,-37.4,610.5,1.2,141,444,444
2017,20,1,20,100,-37.3,610.2,1.3,136,-34.8,-2.5
2017,20,1,20,200,444,610,0.8,132,-35.1,1.9
2017,20,1,20,300,-33.5,609.8,1.2,137,-35.2,3.1
2017,20,1,20,400,-32.9,609.7,1.1,121,-35.3,1.9
2017,20,1,20,500,-32.1,609.7,1,113,444,444
2017,20,1,20,600,-32,609.6,1.5,97,-35.2,3.2
2017,20,1,20,700,-31.5,609.6,2,80,-35,3.4
2017,20,1,20,800,-30.9,609.6,2.2,56,-34.9,3.9
2017,20,1,20,900,-31.4,609.6,2.6,50,-34.6,3.2
2017,20,1,20,1000,-31.3,609.6,2.8,25,-34.5,2.7
2017,20,1,20,1100,-30.2,609.6,2.6,6,-34.2,4.2
2017,20,1,20,1200,-29.3,609.6,2.4,12,-34,5
2017,20,1,20,1300,-28.9,609.5,2.6,20,-34,5
2017,20,1,20,1400,-28.9,609.4,2.6,22,-33.9,4.9
2017,20,1,20,1500,-29.1,609.5,2.1,24,-33.8,4.8
2017,20,1,20,1600,-30.6,609.5,2,26,-33.8,2.9
2017,20,1,20,1700,-33.2,609.4,2,22,-33.8,0.7
2017,20,1,20,1800,-35.4,609.4,2.1,31,-33.9,-1.5
2017,20,1,20,1900,-38.6,609.5,2.2,25,-34,-4.6
2017,20,1,20,2000,-40.7,609.6,2.2,20,-34.2,-6.5
2017,20,1,20,2100,-42.1,609.6,2.8,359,-34.4,-7.5
2017,20,1,20,2200,-42.9,609.7,2.6,354,-34.8,-8.4
2017,20,1,20,2300,-43.7,609.8,2.5,353,-34.9,-8.5
2017,21,1,21,0,-43.4,609.8,2.4,352,-35.2,-8.2
2017,21,1,21,100,-42.2,609.8,2.4,352,-35.5,-6.7
2017,21,1,21,200,-41.2,609.8,2.2,346,-35.8,-5.7
2017,21,1,21,300,-39.6,609.9,2.5,345,-36,-3.5
2017,21,1,21,400,-38.1,610,2.6,328,-36.1,-2
2017,21,1,21,500,-36.1,610.2,2.4,334,-36.1,0
2017,21,1,21,600,-35.2,610.2,2.9,334,-36.1,0.8
2017,21,1,21,700,-33,610.3,2.8,337,-36,3
2017,21,1,21,800,-33.2,610.6,3.7,344,-35.9,2.6
2017,21,1,21,900,-32.9,610.7,4.7,339,-35.8,2.9
2017,21,1,21,1000,-31.9,610.9,5.2,332,-35.7,3.7
2017,21,1,21,1100,-31.2,611,5.5,336,-35.5,4.3
2017,21,1,21,1200,-30.7,611,5,330,-35.4,4.6
2017,21,1,21,1300,-30.6,611,4.7,337,-35.3,4.7
2017,21,1,21,1400,-30.6,610.9,4.1,342,-35.2,4.6
2017,21,1,21,1500,-30.6,610.8,3,342,-35.1,4.6
2017,21,1,21,1600,-31.3,610.7,2.3,357,-35,3.8
2017,21,1,21,1700,-32.8,610.8,2.1,355,-35,2.2
2017,21,1,21,1800,-35.4,610.8,2.1,355,-35,-0.4
2017,21,1,21,1900,-37.7,610.9,2.5,349,-35,-2.7
2017,21,1,21,2000,-38.7,611,2,330,-35.1,-3.7
2017,21,1,21,2100,-40.5,610.9,2,345,-35.3,-5.2
2017,21,1,21,2200,-41.1,610.9,2,341,-35.4,-5.6
2017,21,1,21,2300,-39.8,610.8,1.4,329,-35.6,-4.2
2017,22,1,22,0,-39.9,610.8,1.6,341,-35.8,-4
2017,22,1,22,100,-37.9,610.7,1.9,300,-36.1,-1.8
2017,22,1,22,200,-34.8,610.6,1.7,289,-36.2,1.4
2017,22,1,22,300,444,610.6,0.8,303,-36.3,7.8
2017,22,1,22,400,444,610.7,0,0,-36.3,7.4
2017,22,1,22,500,444,610.8,0,0,-36.3,11.8
2017,22,1,22,600,444,610.7,0,0,-36.1,13.1
2017,22,1,22,700,-25.6,610.9,0.8,100,-35.9,11
2017,22,1,22,800,-27.6,611,1.7,63,-35.5,7.9
2017,22,1,22,900,-29,611.1,2.2,56,-35.2,6.2
2017,22,1,22,1000,-28.3,611.1,2.5,58,-34.8,6.6
2017,22,1,22,1100,-27.2,611.2,2.6,50,-34.6,7.3
2017,22,1,22,1200,-26.4,611.4,2.3,52,-34.3,7.9
2017,22,1,22,1300,-26,611.4,2.5,48,-34.1,7.9
2017,22,1,22,1400,-25,611.4,1.8,55,-34,9.4
2017,22,1,22,1500,-24.7,611.3,1.4,61,-33.9,9.2
2017,22,1,22,1600,-28.7,611.4,1.7,68,-33.9,6
2017,22,1,22,1700,-31.2,611.5,1.9,64,-33.9,2.7
2017,22,1,22,1800,-33.7,611.7,2.6,44,-34,0.6
2017,22,1,22,1900,-35.9,611.8,2.5,41,-34.1,-2
2017,22,1,22,2000,-38.3,612,2.5,36,-34.3,-3.9
2017,22,1,22,2100,-39.8,612.3,2.3,43,-34.6,-5.2
2017,22,1,22,2200,-40.6,612.3,2.3,44,-34.9,-5.7
2017,22,1,22,2300,-40.5,612.3,2,33,-35,-6
2017,23,1,23,0,-41.9,612.3,2.4,11,-35.4,-6.5
2017,23,1,23,100,-40.7,612.4,1.7,13,-35.7,-5
2017,23,1,23,200,-39.9,612.5,2.3,10,-35.9,-3.9
2017,23,1,23,300,-38,612.5,2,17,-36.1,-1.9
2017,23,1,23,400,-37.1,612.5,2,6,-36.2,-0.9
2017,23,1,23,500,-34.7,612.6,2,5,-36.3,1.6
2017,23,1,23,600,-33.6,612.6,2.1,5,-36.3,2.6
2017,23,1,23,700,-32.5,612.7,2.5,8,-36.2,3.7
2017,23,1,23,800,-32.7,612.8,3.6,17,-36,3.3
2017,23,1,23,900,-33,612.8,3.9,19,-35.9,2.9
2017,23,1,23,1000,-32.6,612.8,4.5,19,-35.8,3.2
2017,23,1,23,1100,-32.2,612.8,4.8,16,-35.6,3.7
2017,23,1,23,1200,-31.8,612.7,4.3,13,-35.5,3.7
2017,23,1,23,1300,-30.9,612.6,3.6,12,-35.4,4.1
2017,23,1,23,1400,-30.7,612.5,2.8,21,-35.3,4.7
2017,23,1,23,1500,-31.2,612.3,2.6,13,-35.2,4
2017,23,1,23,1600,-31.4,612.2,1.8,7,444,444
2017,23,1,23,1700,-33,612.1,2.2,14,-35.2,1.5
2017,23,1,23,1800,-36.6,612.1,2.1,1,-35.3,-1.3
2017,23,1,23,1900,-38.5,612.1,2,7,-35.3,-2.9
2017,23,1,23,2000,-40.4,612,2.1,11,-35.5,-4.9
2017,23,1,23,2100,-42.1,612,2.1,344,-35.6,-5.1
2017,23,1,23,2200,-41.3,612,1.5,352,-35.9,-5.5
2017,23,1,23,2300,-41.3,611.9,0.7,321,-36.1,-5.2
2017,24,1,24,0,-41.3,611.8,1.8,4,-36.4,-4.9
2017,24,1,24,100,-37.9,611.8,1.2,317,-36.6,-0.3
2017,24,1,24,200,-37.3,611.5,1.4,314,-36.8,-1.1
2017,24,1,24,300,-36.1,611.4,1.6,326,-36.9,0.8
2017,24,1,24,400,444,611.3,1.1,299,-37,5.3
2017,24,1,24,500,-31.9,611.2,1.1,303,-37,7.3
2017,24,1,24,600,444,611.2,0.9,317,-36.8,9
2017,24,1,24,700,-28.9,611.1,1.5,326,-36.7,7.7
2017,24,1,24,800,-29.2,611,1.7,323,-36.3,7.2
2017,24,1,24,900,-28.7,610.9,1.7,307,-36.1,7.3
2017,24,1,24,1000,-28.5,610.8,1.9,312,-35.8,6.8
2017,24,1,24,1100,-27.2,610.9,1.4,318,-35.4,8.2
2017,24,1,24,1200,-28.2,610.8,1.8,324,-35.2,6.9
2017,24,1,24,1300,-27.1,610.7,1.6,320,-35,7.9
2017,24,1,24,1400,-27,610.6,1.6,324,-34.8,8.5
2017,24,1,24,1500,444,610.6,1,314,-34.7,9.5
2017,24,1,24,1600,444,610.4,0.8,2,-34.6,9.5
2017,24,1,24,1700,-28.6,610.3,1,322,-34.6,6
2017,24,1,24,1800,-31.1,610.3,1.3,318,-34.6,3.5
2017,24,1,24,1900,-32.5,610.2,1.2,353,-34.8,1.7
2017,24,1,24,2000,-33.9,610.3,1.4,9,-34.9,1
2017,24,1,24,2100,-35.7,610.4,1.7,19,-35.1,-0.5
2017,24,1,24,2200,-38.7,610.3,2.2,11,-35.3,-3.4
2017,24,1,24,2300,-37,610.3,1.4,18,-35.6,-1.4
2017,25,1,25,0,-37.2,610.2,1.8,15,-35.8,-0.8
2017,25,1,25,100,-39.9,610.1,1.7,348,-36.1,-3.8
2017,25,1,25,200,-37.4,610,1.7,359,-36.3,-0.8
2017,25,1,25,300,-35.4,609.9,1.5,358,-36.4,1
2017,25,1,25,400,-34.4,609.9,1.5,360,-36.5,2.1
2017,25,1,25,500,-33.3,609.9,1.7,3,-36.5,3.3
2017,25,1,25,600,-32.4,610,1.9,3,-36.5,4
2017,25,1,25,700,-30.2,610.1,1.7,19,-36.3,6.1
2017,25,1,25,800,-30.4,610.2,1.8,13,-36.2,6.1
2017,25,1,25,900,-31.5,610.2,2.5,6,-35.9,4.4
2017,25,1,25,1000,-31.4,610.2,3,354,-35.7,4.3
2017,25,1,25,1100,-30.4,610.5,2.7,349,-35.5,5
2017,25,1,25,1200,-30,610.4,2.5,353,-35.3,5.6
2017,25,1,25,1300,-29.5,610.4,2.4,352,-35.1,5.6
2017,25,1,25,1400,-28,610.4,1.7,1,-35,7
2017,25,1,25,1500,444,610.3,1.3,7,-34.9,7.7
2017,25,1,25,1600,-30.5,610.3,1.8,19,-34.9,4.4
2017,25,1,25,1700,-33.4,610.4,1.9,6,-34.9,1.6
2017,25,1,25,1800,-35.8,610.3,2.1,7,-35,-0.9
2017,25,1,25,1900,-36.7,610.5,2,2,-35.1,-2.2
2017,25,1,25,2000,-40.5,610.5,2,349,-35.3,-4.6
2017,25,1,25,2100,-42.5,610.5,1.7,342,-35.5,-6.9
2017,25,1,25,2200,-42.9,610.6,2,333,-35.7,-7.1
2017,25,1,25,2300,-44,610.6,1.9,329,-36,-7.9
2017,26,1,26,0,-41.5,610.5,2,334,-36.3,-5.1
2017,26,1,26,100,-38.5,610.4,1.4,344,-36.6,-1.9
2017,26,1,26,200,-38,610.3,1.5,341,-36.8,-1.1
2017,26,1,26,300,-35.5,610.3,0.6,340,-37,3.8
2017,26,1,26,400,-32.8,610.2,0.6,338,-37.1,6.6
2017,26,1,26,500,-29.9,610.1,0.1,335,-37.1,7.1
2017,26,1,26,600,-29.8,610.2,1.1,324,-36.9,7.1
2017,26,1,26,700,444,610.2,0.4,314,-36.7,12.5
2017,26,1,26,800,-26.7,610.4,1,319,-36.4,9.7
2017,26,1,26,900,-25.8,610.4,0.7,312,-36.1,10.3
2017,26,1,26,1000,-23.1,610.4,0.2,295,-35.7,12.6
2017,26,1,26,1100,444,610.3,0.9,268,-35.4,12.7
2017,26,1,26,1200,444,610.3,0.7,257,-35.1,12.3
2017,26,1,26,1300,444,610.2,0.4,219,-34.8,17.3
2017,26,1,26,1400,444,610,0.6,196,-34.6,18.8
2017,26,1,26,1500,444,609.9,0.5,170,-34.4,17.7
2017,26,1,26,1600,-23.2,609.9,0.7,147,-34.3,7.9
2017,26,1,26,1700,-29.2,609.7,1,110,-34.3,5.1
2017,26,1,26,1800,-30.9,609.6,1.2,130,-34.3,3.6
2017,26,1,26,1900,-33.2,609.7,1.4,131,-34.5,1.3
2017,26,1,26,2000,-35.8,609.6,1.9,133,-34.7,-1.2
2017,26,1,26,2100,-39.3,609.5,2.3,129,-34.9,-4.9
2017,26,1,26,2200,-40.6,609.4,2.3,131,-35.1,-5.5
2017,26,1,26,2300,-41.4,609.3,2.2,135,-35.4,-6
2017,27,1,27,0,-42.4,609.2,2.3,128,-35.7,-6.7
2017,27,1,27,100,-41.7,608.9,1.9,127,-36,-5.7
2017,27,1,27,200,-40.7,608.8,2.3,125,-36.2,-4.4
2017,27,1,27,300,-39.4,608.5,2.3,129,-36.4,-3
2017,27,1,27,400,-36.4,608.4,1.6,132,-36.5,-0.1
2017,27,1,27,500,-33.5,608.3,1.6,144,-36.6,4.1
2017,27,1,27,600,-33.9,608.3,2.5,118,-36.5,2.6
2017,27,1,27,700,-32.7,608.2,2.4,120,-36.4,3.9
2017,27,1,27,800,-32.8,608.1,3.2,110,-36.3,3.3
2017,27,1,27,900,-32.8,607.8,3.4,110,-36,3.2
2017,27,1,27,1000,-31.9,607.7,3.3,110,-35.8,3.9
2017,27,1,27,1100,-30.8,607.7,3.6,107,-35.5,4.7
2017,27,1,27,1200,-30.6,607.6,3.8,104,-35.4,4.8
2017,27,1,27,1300,-30.1,607.4,3.2,98,-35.1,5
2017,27,1,27,1400,-30.4,607.1,2.7,105,-35.1,4.6
2017,27,1,27,1500,-31.6,607,2.2,108,-35,3.7
2017,27,1,27,1600,-33.1,606.9,1.9,103,-35,1.9
2017,27,1,27,1700,-36.2,606.6,2.8,109,-35.1,-0.6
2017,27,1,27,1800,-37.3,606.6,2.2,96,-35.2,-2.1
2017,27,1,27,1900,-40.1,606.6,2,95,-35.4,-5.2
2017,27,1,27,2000,-41.9,606.6,2.5,95,-35.6,-6.5
2017,27,1,27,2100,-43,606.5,2,87,-35.8,-7.1
2017,27,1,27,2200,-44.5,606.4,2,91,-36.1,-8.4
2017,27,1,27,2300,-45,606.4,2.2,87,-36.4,-8.6
2017,28,1,28,0,-44.7,606.2,2.2,86,-36.8,-8
2017,28,1,28,100,-43.8,606,2.2,87,-37.1,-6.7
2017,28,1,28,200,-42.2,605.8,1.4,71,-37.3,-4.8
2017,28,1,28,300,-41.2,605.5,1.9,89,-37.5,-3.7
2017,28,1,28,400,-39.1,605.5,1.9,80,-37.7,-1.3
2017,28,1,28,500,-36.6,605.6,1.8,68,-37.8,1.2
2017,28,1,28,600,-35.5,605.5,2.2,75,-37.7,2.3
2017,28,1,28,700,-34,605.6,6.4,65,-37.6,3.6
2017,28,1,28,800,-33.9,605.6,3.3,45,-37.5,3.6
2017,28,1,28,900,-33.9,605.8,3.4,45,-37.3,3.3
2017,28,1,28,1000,-34.1,605.7,3.4,27,-37,3.5
2017,28,1,28,1100,-32.7,605.8,3.3,23,-36.9,4.4
2017,28,1,28,1200,-32.6,605.9,4.1,15,-36.7,4.1
2017,28,1,28,1300,-31.9,606,3.5,18,-36.6,4.6
2017,28,1,28,1400,-31.8,605.9,2.9,16,-36.5,4.6
2017,28,1,28,1500,-31.5,605.8,2.2,31,444,444
2017,28,1,28,1600,-33.5,606,2.6,35,-36.4,2.2
2017,28,1,28,1700,-37,606.2,2.8,24,-36.4,-0.6
2017,28,1,28,1800,-38.9,606.1,3.1,22,-36.5,-2.6
2017,28,1,28,1900,-41.1,606.4,2.9,21,-36.6,-4.3
2017,28,1,28,2000,-43.1,606.7,3,10,-36.7,-5.6
2017,28,1,28,2100,-44.5,606.8,2.6,12,-37,-7.7
2017,28,1,28,2200,-45.1,606.8,2.6,1,-37.2,-8.3
2017,28,1,28,2300,-46.6,606.9,2.8,6,-37.4,-9.2
2017,29,1,29,0,-45.6,607,2.7,356,-37.7,-7.9
2017,29,1,29,100,-44.9,607.1,2.2,356,-37.9,-6.6
2017,29,1,29,200,-42,607.1,1.7,20,-38.2,-3.8
2017,29,1,29,300,-41.4,607.1,2,352,-38.4,-2.3
2017,29,1,29,400,-39.2,607.3,2,1,-38.5,-0.8
2017,29,1,29,500,444,607.5,1.1,23,-38.5,5.7
2017,29,1,29,600,-34.1,607.6,1.5,354,-38.5,3.9
2017,29,1,29,700,-33,607.8,1.8,358,-38.2,4.4
2017,29,1,29,800,-34.5,608,2.9,358,-38,3.5
2017,29,1,29,900,-34,608.1,2.9,358,-37.9,4.4
2017,29,1,29,1000,-33.3,608.2,3.4,357,-37.6,4.3
2017,29,1,29,1100,-32.8,608.2,3.8,352,-37.4,4.6
2017,29,1,29,1200,-32.1,608.2,3.6,1,444,444
2017,29,1,29,1300,-32.2,608.2,3.6,353,-37.1,4.6
2017,29,1,29,1400,-31.5,608.2,3.1,357,-36.9,5.1
2017,29,1,29,1500,-31.9,608.3,2.3,360,-36.8,4.4
2017,29,1,29,1600,-33.8,608.4,2.6,5,-36.7,2.9
2017,29,1,29,1700,-35.1,608.4,2.3,348,-36.6,1.2
2017,29,1,29,1800,-35.3,608.4,2.4,352,-36.6,1.3
2017,29,1,29,1900,-39,608.6,1.8,358,-36.6,-2.4
2017,29,1,29,2000,-41.6,608.6,2.1,346,-36.7,-5.2
2017,29,1,29,2100,-43.5,608.6,2.5,344,-36.8,-7
2017,29,1,29,2200,-44,608.6,1.8,343,-36.9,-7.2
2017,29,1,29,2300,-45,608.5,1.7,333,-37.1,-8.4
2017,30,1,30,0,-43.7,608.6,1.6,318,-37.4,-5.3
2017,30,1,30,100,-43.5,608.5,2.6,318,-37.7,-5.4
2017,30,1,30,200,-41,608.4,2,294,-37.8,-2.9
2017,30,1,30,300,-39.3,608.3,1.9,279,-38,-1.6
2017,30,1,30,400,-36.8,608.2,1.9,271,-38.2,1.3
2017,30,1,30,500,-36.7,608.2,2,258,-38.2,1.7
2017,30,1,30,600,-34.4,608.3,2,235,-38.1,4.6
2017,30,1,30,700,-31.4,608.5,1.4,241,-38,6.2
2017,30,1,30,800,-32.1,608.5,1.4,250,-37.7,5.6
2017,30,1,30,900,-32.4,608.4,1.9,236,-37.5,5.1
2017,30,1,30,1000,-30.9,608.1,2,222,-37.1,6.4
2017,30,1,30,1100,-29.5,607.9,1.7,222,-36.9,7.1
2017,30,1,30,1200,-26.9,607.8,1.5,192,-36.6,9.6
2017,30,1,30,1300,-25.4,607.8,1.4,206,-36.3,12.9
2017,30,1,30,1400,-25.4,607.7,1.3,184,-36.2,10.8
2017,30,1,30,1500,-26.2,607.5,1,179,-36,8.3
2017,30,1,30,1600,-30.1,607.3,1.6,194,-36,5.9
2017,30,1,30,1700,-33.2,607.3,1.6,188,-36,2.8
2017,30,1,30,1800,-36.6,607.1,2.2,184,-36.1,-0.6
2017,30,1,30,1900,-38.7,607,2.3,177,-36.2,-2.6
2017,30,1,30,2000,-41.4,607,2.1,198,-36.3,-4.6
2017,30,1,30,2100,-42.2,606.9,2.1,192,-36.5,-5.2
2017,30,1,30,2200,-43.4,606.8,2,188,-36.7,-6.6
2017,30,1,30,2300,-42.8,606.6,2.2,159,-37,-5.6
2017,31,1,31,0,-42.6,606.5,2,159,-37.3,-5.6
2017,31,1,31,100,-41.7,606.4,2.2,147,-37.5,-3.9
2017,31,1,31,200,-40.2,606.2,1.6,164,-37.8,-2.4
2017,31,1,31,300,-36.7,606.1,1.6,153,-38,1.2
2017,31,1,31,400,-35.3,606,1.7,156,-38,2.9
2017,31,1,31,500,444,606,0.6,166,-38,10.2
2017,31,1,31,600,444,606,0.9,168,-38,10.7
2017,31,1,31,700,444,605.9,1.1,148,-37.8,10.6
2017,31,1,31,800,-31.6,605.8,1.9,132,-37.6,5.7
2017,31,1,31,900,-32.5,605.7,2.3,110,-37.1,4.8
2017,31,1,31,1000,-29.9,605.6,2.3,102,-37,7
2017,31,1,31,1100,-29.3,605.5,2.1,110,-36.7,7.4
2017,31,1,31,1200,-29.4,605.5,1.8,116,-36.4,6.8
2017,31,1,31,1300,444,605.3,0.8,107,-36.1,10.4
2017,31,1,31,1400,444,605.1,0.7,98,-36,11.2
2017,31,1,31,1500,444,605,0.8,84,-35.8,11.7
2017,31,1,31,1600,-29,604.9,5.3,95,-35.8,6.8
2017,31,1,31,1700,-30.9,605,1.3,66,-35.8,5
2017,31,1,31,1800,-34,604.9,2.1,53,-36,1.9
2017,31,1,31,1900,-37.1,605,1.3,43,-36.1,-1
2017,31,1,31,2000,-38.8,605,1.5,44,-36.3,-2.5
2017,31,1,31,2100,-42.3,605.2,2.4,59,-36.5,-5.8
2017,31,1,31,2200,-42.7,605.1,1.7,34,-36.8,-5.9
2017,31,1,31,2300,-42.9,605.1,1.7,10,-37,-5.9