2017,1,1,1,0,-4.7,985.1,7.8,176,82.8,444
2017,1,1,1,100,-4.7,985.1,7.4,152,82,444
2017,1,1,1,200,-4.6,984.9,7.8,166,83,444
2017,1,1,1,300,-5.4,984.8,7.6,172,86,444
2017,1,1,1,400,-5.9,984.7,7.3,171,81,444
2017,1,1,1,500,-6.8,984.7,7.2,180,80.3,444
2017,1,1,1,600,-6.9,984.5,6.7,184,85,444
2017,1,1,1,700,-6.8,984.6,6.5,185,84,444
2017,1,1,1,800,-5.9,984.5,7.3,178,88,444
2017,1,1,1,900,-6.6,984.3,6.7,173,89,444
2017,1,1,1,1000,-7.3,984.3,6.7,176,89.8,444
2017,1,1,1,1100,-7.5,984.2,6.6,175,90,444
2017,1,1,1,1200,-7.7,984.4,6.2,178,89,444
2017,1,1,1,1300,-7.7,984.2,6.1,177,89,444
2017,1,1,1,1400,-8.1,984.2,5.9,182,88,444
2017,1,1,1,1500,-8.8,984,6.4,181,86.7,444
2017,1,1,1,1600,-8.1,984,6.9,179,78,444
2017,1,1,1,1700,-7.7,983.9,6.7,173,79,444
2017,1,1,1,1800,-8.4,983.9,6.7,184,80,444
2017,1,1,1,1900,-9,983.6,7,180,81.7,444
2017,1,1,1,2000,-8.9,983.7,6.4,179,80,444
2017,1,1,1,2100,-7.8,983.5,6.9,186,80,444
2017,1,1,1,2200,-7.6,983.2,7,191,77,444
2017,1,1,1,2300,-7.5,982.9,7.3,195,79,444
2017,2,1,2,0,-7.5,982.6,7.4,195,81,444
2017,2,1,2,100,-7.5,981.8,7.5,191,82,444
2017,2,1,2,200,-6.8,981.1,7.8,194,81,444
2017,2,1,2,300,-6.8,980.5,8.2,190,80,444
2017,2,1,2,400,-7.5,980.1,7.7,195,79,444
2017,2,1,2,500,-7.3,979.5,7.3,196,80,444
2017,2,1,2,600,-7.3,978.8,7.8,186,85,444
2017,2,1,2,700,-7,978.3,5.1,203,83,444
2017,2,1,2,800,-7.2,977.5,5.3,210,82,444
2017,2,1,2,900,-8.2,976.6,4.7,216,82,444
2017,2,1,2,1000,-8.9,975.8,5.5,206,83,444
2017,2,1,2,1100,-9.4,974.8,6.1,206,84,444
2017,2,1,2,1200,-9.9,974.4,5.5,199,83,444
2017,2,1,2,1300  -,10.3,973.6,5.7,204,83,444
2017,2,1,2,1400  -,11,972.6,5.6,211,88,444
2017,2,1,2,1500  -,10,971.4,6,207,87,444
2017,2,1,2,1600,-8.7,970.1,6.8,219,85,444
2017,2,1,2,1700,-7.9,969.1,6.3,217,88,444
2017,2,1,2,1800,-7.4,968,6.7,222,86,444
2017,2,1,2,1900,-6.6,967,6.8,221,85.6,444
2017,2,1,2,2000,-5.9,965.9,7,218,87,444
2017,2,1,2,2100,-5.5,964.5,6.5,226,86,444
2017,2,1,2,2200,-5.1,963.2,6.3,232,85,444
2017,2,1,2,2300,-4.2,962.4,5.9,224,81,444
2017,3,1,3,0,-3.8,962,4.4,214,85.9,444
2017,3,1,3,100,-3.1,961.2,3.2,203,85,444
2017,3,1,3,200,-2.6,960.4,2.4,198,83,444
2017,3,1,3,0300  4,44,959.8,0.5,198,74,444
2017,3,1,3,400,-2.3,959.6,1.4,142,83,444
2017,3,1,3,500,-2.3,959.3,1.2,100,81.2,444
2017,3,1,3,600,-2.5,959.5,1.7,116,86,444
2017,3,1,3,700,-2.6,959.7,2.4,82,83,444
2017,3,1,3,800,-2.9,959.9,1.7,92,78,444
2017,3,1,3,900,-7.2,960.3,3.2,140,92,444
2017,3,1,3,1000,-4.1,961,3.9,113,93,444
2017,3,1,3,1100,-3.8,961.4,3,95,92,444
2017,3,1,3,1200,-4.3,962,3.3,137,98.4,444
2017,3,1,3,1300,-4.6,962.3,1.8,94,97,444
2017,3,1,3,1400,-4.8,963.1,2.8,47,97,444
2017,3,1,3,1500,-4.4,963.9,0,0,93,444
2017,3,1,3,1600,-4.5,964.6,1,169,93,444
2017,3,1,3,1700  4,44,965.3,0.2,60,83.2,444
2017,3,1,3,1800,-3.9,966.3,1.4,90,79,444
2017,3,1,3,1900,-4.6,967.5,3.6,17,92,444
2017,3,1,3,2000,-4.6,968.5,4.1,3,94,444
2017,3,1,3,2100,-4,969.5,3.4,5,91,444
2017,3,1,3,2200,-4.2,970.9,4.3,5,91.1,444
2017,3,1,3,2300,-4.2,972.1,1.8,12,89,444
2017,4,1,4,0,-3.6,973.2,2.8,44,85.7,444
2017,4,1,4,100,-2.3,974,4.7,18,90,444
2017,4,1,4,200,-1.9,975,12.5,332,91,444
2017,4,1,4,300,-1.2,976.9,10.1,342,92.2,444
2017,4,1,4,400,-1.5,978.5,10.8,346,91,444
2017,4,1,4,500,-2.2,980.2,8.2,1,82.9,444
2017,4,1,4,600,-2.9,981.7,6.8,12,84,444
2017,4,1,4,700,-2.2,983,8,15,89,444
2017,4,1,4,800,-2.2,984.4,7.3,23,91.4,444
2017,4,1,4,900,-2.4,985.8,6.7,32,93,444
2017,4,1,4,1000,-2.5,986.7,7.2,32,93.8,444
2017,4,1,4,1100,-4.2,987.9,7.6,35,92,444
2017,4,1,4,1200,-6,989,6.2,40,86,444
2017,4,1,4,1300,-6.8,990.1,5.1,49,85,444
2017,4,1,4,1400,-7,990.9,5.5,50,85,444
2017,4,1,4,1500,-7.6,991.9,4.3,61,75.7,444
2017,4,1,4,1600,-7.6,992.7,4.5,63,75,444
2017,4,1,4,1700,-7.6,993.4,4.4,75,80,444
2017,4,1,4,1800,-6.6,994.3,4.9,88,79,444
2017,4,1,4,1900,-6.8,995,6.1,73,84,444
2017,4,1,4,2000,-5.3,995.6,5.6,77,79.8,444
2017,4,1,4,2100,-3.1,996,5.7,79,82,444
2017,4,1,4,2200,-2,996.4,5.2,57,76,444
2017,4,1,4,2300,-1.3,996.7,5.8,66,76,444
2017,5,1,5,0,-1.1,997.4,4.5,78,79,444
2017,5,1,5,100,-0.9,997.8,5.5,86,82.2,444
2017,5,1,5,200,-1,997.9,5.4,83,83,444
2017,5,1,5,300,-1,997.8,6,83,85,444
2017,5,1,5,400,-0.6,997.8,4.9,90,83,444
2017,5,1,5,500,-0.8,997.9,4.4,106,87,444
2017,5,1,5,600,-1.2,997.8,5,117,92.9,444
2017,5,1,5,700,-1.2,997.9,4.5,114,93.2,444
2017,5,1,5,800,-1.7,997.8,5.1,105,94.6,444
2017,5,1,5,900,-2.2,997.8,3.7,114,96,444
2017,5,1,5,1000,-2.5,997.9,3.2,125,96,444
2017,5,1,5,1100,-2.7,997.6,3.3,125,96.7,444
2017,5,1,5,1200,-3,997.4,2.9,137,97.1,444
2017,5,1,5,1300,-2.8,997,2.5,137,98.4,444
2017,5,1,5,1400,-3.2,996.8,3.6,146,98,444
2017,5,1,5,1500,-3.4,996.4,2.7,154,97,444
2017,5,1,5,1600,-3.8,996.1,3.4,169,98.2,444
2017,5,1,5,1700,-3.7,995.8,3.1,159,98,444
2017,5,1,5,1800,-3.5,995.7,2.9,156,98,444
2017,5,1,5,1900,-3.3,995.5,4.1,179,97,444
2017,5,1,5,2000,-3.1,995,3.9,176,96,444
2017,5,1,5,2100,-3.1,994.7,3.5,182,95.1,444
2017,5,1,5,2200,-2.9,994.2,3.7,187,93,444
2017,5,1,5,2300,-2.5,993.8,3.7,178,93.9,444
2017,6,1,6,0,-2.1,993.4,3.8,183,93.3,444
2017,6,1,6,100,-1.6,992.8,3.6,181,92,444
2017,6,1,6,200,-1.5,992.2,3.5,183,91,444
2017,6,1,6,300,-1.5,991.7,4.3,189,88.4,444
2017,6,1,6,400,-1.8,991.3,4.3,184,85.5,444
2017,6,1,6,500,-2.2,990.8,3.6,175,87,444
2017,6,1,6,600,-1.8,990.4,3.2,199,85,444
2017,6,1,6,700,-2.3,990,4,156,90,444
2017,6,1,6,800,-2.9,989.8,3.3,168,89.7,444
2017,6,1,6,900,-3.5,989.5,3.2,190,93.5,444
2017,6,1,6,1000,-3.7,989.2,3.4,184,95,444
2017,6,1,6,1100,-3.8,988.9,3.5,160,94,444
2017,6,1,6,1200,-3.8,988.4,3.8,174,92,444
2017,6,1,6,1300,-4.1,988.1,3.2,169,93,444
2017,6,1,6,1400,-4.3,987.8,3.7,177,92.4,444
2017,6,1,6,1500,-4.5,987.5,3.7,168,94,444
2017,6,1,6,1600,-4.9,987.3,3.8,136,93,444
2017,6,1,6,1700,-5.4,987,3.4,150,95,444
2017,6,1,6,1800,-5.5,987.2,3.2,160,93,444
2017,6,1,6,1900,-5.6,987,3.4,130,92.1,444
2017,6,1,6,2000,-5.9,987,3.3,138,90.5,444
2017,6,1,6,2100,-6.3,987,2.6,130,92,444
2017,6,1,6,2200,-6.2,987,2.2,151,91,444
2017,6,1,6,2300,-6.3,986.9,3.1,128,89,444
2017,7,1,7,0,-6,986.9,2,134,87,444
2017,7,1,7,100,-6.2,986.8,2.3,146,89.7,444
2017,7,1,7,200,-5.8,986.7,1,140,87,444
2017,7,1,7,300,-6,986.6,2.5,159,92,444
2017,7,1,7,400,-6.4,986.8,2.8,137,94,444
2017,7,1,7,500,-6.9,986.9,2.2,153,93,444
2017,7,1,7,600,-6.7,987.1,2,162,94.9,444
2017,7,1,7,700,-6.6,987.2,3,179,96,444
2017,7,1,7,800,-7,987.4,3.1,157,96,444
2017,7,1,7,900,-7.1,987.4,3.3,160,95.6,444
2017,7,1,7,1000,-7.2,987.6,3.2,166,96,444
2017,7,1,7,1100,-7,987.6,3.9,172,96,444
2017,7,1,7,1200,-6.8,987.8,4,176,96,444
2017,7,1,7,1300,-7,987.7,4.2,190,96,444
2017,7,1,7,1400,-7.2,987.5,5.1,170,94,444
2017,7,1,7,1500,-7.1,987.4,5.3,167,94,444
2017,7,1,7,1600,-7.1,987.4,5.6,163,94,444
2017,7,1,7,1700,-7.7,987.6,5.5,156,91,444
2017,7,1,7,1800,-8.6,987.7,4.4,166,86.6,444
2017,7,1,7,1900,-8.3,987.8,5.5,155,86,444
2017,7,1,7,2000,-7.5,988,5.5,148,83,444
2017,7,1,7,2100,-6.5,988.2,6.3,151,80,444
2017,7,1,7,2200,-5.9,988.4,6.9,151,78,444
2017,7,1,7,2300,-5.5,988.6,7.9,150,79.9,444
2017,8,1,8,0,-5.3,988.8,8,152,83,444
2017,8,1,8,100,-5,988.9,8.1,154,80,444
2017,8,1,8,200,-5.1,988.9,8.5,156,81,444
2017,8,1,8,300,-5.1,988.9,8.1,159,82.2,444
2017,8,1,8,400,-5.5,989.2,8,163,83.4,444
2017,8,1,8,500,-6.1,989.5,7.9,165,83,444
2017,8,1,8,600,-6.7,989.6,6.9,168,83.4,444
2017,8,1,8,700,-7.3,989.7,5.3,170,85.8,444
2017,8,1,8,800,-6.8,989.8,6.7,162,91,444
2017,8,1,8,900,-7.3,989.8,4.9,185,84.2,444
2017,8,1,8,1000,-8.9,989.9,5.1,195,84,444
2017,8,1,8,1100,-9.9,989.8,4.4,203,86.1,444
2017,8,1,8,1200  -,10.1,989.6,4.9,208,84.8,444
2017,8,1,8,1300  -,10.2,989.2,4.8,212,84,444
2017,8,1,8,1400  -,10.7,988.9,4.8,209,83,444
2017,8,1,8,1500  -,11.2,988.5,4.5,221,83,444
2017,8,1,8,1600  -,11.2,988.4,4.3,210,81.6,444
2017,8,1,8,1700  -,11,988.4,4.4,204,86.8,444
2017,8,1,8,1800  -,10.1,988,3.3,224,86,444
2017,8,1,8,1900,-9.8,987.8,3.5,229,83,444
2017,8,1,8,2000,-9.1,987.6,4.4,220,81,444
2017,8,1,8,2100,-8.5,987.3,5.2,204,79.9,444
2017,8,1,8,2200,-6.8,987.1,4.9,182,78.7,444
2017,8,1,8,2300,-6.4,987.1,5.7,170,81,444
2017,9,1,9,0,-5.9,987.1,5,165,79,444
2017,9,1,9,100,-5.8,986.8,6.3,172,79,444
2017,9,1,9,200,-6.3,986.8,6.1,166,79.4,444
2017,9,1,9,300,-6.4,986.7,6,160,84,444
2017,9,1,9,400,-6.5,986.5,4.5,168,87,444
2017,9,1,9,500,-6.9,986.5,4.1,174,87.2,444
2017,9,1,9,600,-6.6,986.5,4.3,173,86,444
2017,9,1,9,700,-6.5,986.3,4.4,152,87,444
2017,9,1,9,800,-6.3,986.4,3.3,181,86,444
2017,9,1,9,900,-7.7,986.5,3.7,187,84,444
2017,9,1,9,1000  -,10,986.6,3.6,193,84,444
2017,9,1,9,1100  -,11.5,986.6,3.6,193,82,444
2017,9,1,9,1200  -,12,986.6,4.2,191,82,444
2017,9,1,9,1300  -,12.5,986.5,3.8,193,80,444
2017,9,1,9,1400  -,12.9,986.4,3.9,189,80,444
2017,9,1,9,1500  -,12.8,986.5,3.4,200,79,444
2017,9,1,9,1600  -,12.6,986.6,3.8,188,82,444
2017,9,1,9,1700  -,11.8,986.7,2.5,180,82,444
2017,9,1,9,1800  -,11.5,986.7,2.8,187,82,444
2017,9,1,9,1900  -,10.2,986.7,3.6,188,81.2,444
2017,9,1,9,2000,-9.3,986.8,3.9,196,82,444
2017,9,1,9,2100,-8.2,986.8,3.9,192,80,444
2017,9,1,9,2200,-7.3,986.8,4.1,188,77,444
2017,9,1,9,2300,-6.6,986.8,4.7,178,76,444
2017,10,1,10,0,-6.2,986.6,4.6,173,77.4,444
2017,10,1,10,100,-5.8,986.7,4.4,173,76,444
2017,10,1,10,200,-5.7,986.5,5,175,77,444
2017,10,1,10,300,-5.6,986.6,4.5,175,78.3,444
2017,10,1,10,400,-5.9,986.6,4.4,171,82,444
2017,10,1,10,500,-6,986.8,4.3,138,83.2,444
2017,10,1,10,600,-5.6,987.1,3,179,85.8,444
2017,10,1,10,700,-5.5,987.2,5.1,178,85,444
2017,10,1,10,800,-5.8,987.2,5.7,185,81,444
2017,10,1,10,900,-6,987.3,4.2,181,84,444
2017,10,1,10,1000,-6.1,987.3,3.3,208,83,444
2017,10,1,10,1100,-6.2,987.4,3.3,179,82,444
2017,10,1,10,1200,-6.4,987.3,3.4,189,85,444
2017,10,1,10,1300,-6.5,987.4,2.2,151,84,444
2017,10,1,10,1400,-6.5,987.2,2.1,177,82,444
2017,10,1,10,1500,-6.6,987.2,2.7,176,82,444
2017,10,1,10,1600,-6.7,987.2,3.4,185,81,444
2017,10,1,10,1700,-6.5,987.3,1.8,181,83,444
2017,10,1,10,1800  4,44,987.3,0.1,78,72,444
2017,10,1,10,1900,-5.8,987.5,0.2,352,77,444
2017,10,1,10,2000,-5.6,987.7,0.6,271,75,444
2017,10,1,10,2100,-6.4,987.7,3.5,153,81,444
2017,10,1,10,2200,-6.6,988,2.6,139,83,444
2017,10,1,10,2300,-6.6,988.3,2.8,146,81.3,444
2017,11,1,11,0,-6.4,988.5,2.2,167,76,444
2017,11,1,11,100,-5.8,988.5,1.1,174,74,444
2017,11,1,11,200,-5.8,988.8,1.3,190,73.7,444
2017,11,1,11,300,-7.3,989.1,4.5,158,85.3,444
2017,11,1,11,400,-7.4,989.2,3.9,153,85,444
2017,11,1,11,500,-7.4,989.4,3.4,151,85,444
2017,11,1,11,600,-7.4,989.7,3.1,163,86,444
2017,11,1,11,700,-7.6,989.8,3.1,175,88,444
2017,11,1,11,800,-7.6,990.2,2.2,175,88,444
2017,11,1,11,900,-7.4,990.5,1.4,200,86,444
2017,11,1,11,1000,-7.6,990.8,1.6,197,87,444
2017,11,1,11,1100,-7.7,991.2,1.8,189,88,444
2017,11,1,11,1200,-7.7,991.6,2,192,89,444
2017,11,1,11,1300,-7.7,991.7,2.2,204,90,444
2017,11,1,11,1400,-7.7,991.8,3.1,189,88,444
2017,11,1,11,1500,-7.5,992,2.5,165,89,444
2017,11,1,11,1600,-6.7,992.3,1.7,134,84,444
2017,11,1,11,1700,-6.4,992.7,1.9,131,84,444
2017,11,1,11,1800,-6.1,993,2.3,142,85,444
2017,11,1,11,1900,-5.9,993.1,4.1,141,90.1,444
2017,11,1,11,2000,-5.9,993.5,4.9,142,91,444
2017,11,1,11,2100,-5.6,993.6,5.6,147,89.3,444
2017,11,1,11,2200,-5.1,993.8,6.6,147,86,444
2017,11,1,11,2300,-4.5,994.1,7.2,143,85,444
2017,12,1,12,0,-4.3,994.3,7.4,150,88.9,444
2017,12,1,12,100,-4.2,994.3,7.4,146,89,444
2017,12,1,12,200,-4.1,994.2,8,149,91,444
2017,12,1,12,300,-4.1,994.2,7.7,150,92,444
2017,12,1,12,400,-3.9,994.1,7.6,151,93,444
2017,12,1,12,500,-3.6,994.1,7.3,152,93,444
2017,12,1,12,600,-3.2,994.2,7.1,148,94.2,444
2017,12,1,12,700,-3.1,994.2,7.7,151,96,444
2017,12,1,12,800,-2.7,994.2,6.7,146,99,444
2017,12,1,12,900,-2.4,994.3,5.7,144,97.5,444
2017,12,1,12,1000,-4.7,994.4,4.2,144,92,444
2017,12,1,12,1100,-5.6,994.6,4.6,153,92,444
2017,12,1,12,1200,-6.5,994.7,4.8,140,89,444
2017,12,1,12,1300,-7.4,994.6,4.9,155,90,444
2017,12,1,12,1400,-7,994.3,5.6,142,92,444
2017,12,1,12,1500,-5.8,994.1,6.8,141,94,444
2017,12,1,12,1600,-5.2,993.9,7.3,136,95,444
2017,12,1,12,1700,-4.7,993.7,7.6,137,93.8,444
2017,12,1,12,1800,-4.1,993.7,8.5,134,94,444
2017,12,1,12,1900,-3.7,993.6,8.8,131,91,444
2017,12,1,12,2000,-3.6,993.7,9.4,126,91,444
2017,12,1,12,2100,-3.4,993.7,10,129,93,444
2017,12,1,12,2200,-3.3,993.7,10.1,131,93.1,444
2017,12,1,12,2300,-2.9,993.5,10.3,130,92,444
2017,13,1,13,0,-2.6,993.6,10.3,132,93,444
2017,13,1,13,100,-2,993.8,9.7,128,93,444
2017,13,1,13,200,-1.4,993.8,9,126,95,444
2017,13,1,13,300,-0.9,993.8,8.1,128,96.1,444
2017,13,1,13,400,-0.3,993.9,7,123,97,444
2017,13,1,13,500,-0.2,994,6.2,108,95.1,444
2017,13,1,13,600,-0.2,994.1,6,112,96.3,444
2017,13,1,13,700,-0.2,994.3,6,111,96,444
2017,13,1,13,800,-0.2,994.6,5.3,101,95,444
2017,13,1,13,900,-0.8,994.8,4.9,107,99,444
2017,13,1,13,1000,-1,995.1,5.1,112,98.9,444
2017,13,1,13,1100,-1.1,995.4,4.8,109,99,444
2017,13,1,13,1200,-1.3,995.9,4.3,112,99,444
2017,13,1,13,1300,-1.3,995.9,4.1,109,99,444
2017,13,1,13,1400,-1.3,995.9,3.9,110,99,444
2017,13,1,13,1500,-1.2,996,4,105,98.5,444
2017,13,1,13,1600,-1,996.2,4.3,92,98.5,444
2017,13,1,13,1700,-0.9,996.5,4.6,88,99,444
2017,13,1,13,1800,-1,996.9,4.8,79,96,444
2017,13,1,13,1900,-1.3,997.3,4.5,86,93,444
2017,13,1,13,2000,-0.7,997.5,4.7,84,81.1,444
2017,13,1,13,2100,-1.4,997.7,4,103,86,444
2017,13,1,13,2200,-1,998,5.1,104,81.2,444
2017,13,1,13,2300,-1,998.1,5.1,112,87,444
2017,14,1,14,0,-1.3,998.2,6.1,115,90,444
2017,14,1,14,100,-1,998.4,5.7,126,90.3,444
2017,14,1,14,200,-0.9,998.3,5.6,112,82,444
2017,14,1,14,300,-1.1,998.2,5.2,119,87.4,444
2017,14,1,14,400,-1,998.2,5.1,113,87.6,444
2017,14,1,14,500,-1,998.4,4.2,119,90,444
2017,14,1,14,600,-1.1,998.4,4.1,143,95,444
2017,14,1,14,700,-1.5,998,4.4,160,97,444
2017,14,1,14,800,-1.5,997.8,5.2,165,96.9,444
2017,14,1,14,900,-1.7,997.8,7.8,155,97,444
2017,14,1,14,1000,-1.8,997.8,7.1,143,96,444
2017,14,1,14,1100,-2.9,998.1,6.9,121,94,444
2017,14,1,14,1200,-3.1,998,6.7,133,93,444
2017,14,1,14,1300,-3.5,998.1,5.8,144,96,444
2017,14,1,14,1400,-3.8,998.1,6.3,151,97,444
2017,14,1,14,1500,-3.7,997.9,6.9,158,96,444
2017,14,1,14,1600,-4.6,997.7,6.6,158,94,444
2017,14,1,14,1700,-5.3,997.9,7.1,161,87,444
2017,14,1,14,1800,-7,997.8,7.2,156,81.7,444
2017,14,1,14,1900,-8.3,998,6,161,79,444
2017,14,1,14,2000,-8.8,998,5.2,163,80,444
2017,14,1,14,2100,-8.7,997.9,4.8,170,78,444
2017,14,1,14,2200,-8.3,997.9,4.3,171,74,444
2017,14,1,14,2300,-7.8,997.7,4.6,178,73.3,444
2017,15,1,15,0,-7.4,997.5,5,174,75,444
2017,15,1,15,100,-7,997.3,4.5,167,71.9,444
2017,15,1,15,200,-6.7,996.9,3.8,172,73,444
2017,15,1,15,300,-6.6,996.4,3.5,186,74,444
2017,15,1,15,400,-6.6,996.1,3.4,196,75.8,444
2017,15,1,15,500,-7,995.7,3.2,201,77,444
2017,15,1,15,600,-7.9,995.4,3.1,223,77.1,444
2017,15,1,15,700,-8.3,995.4,2.9,205,77,444
2017,15,1,15,800,-9.3,995.1,3.1,215,77,444
2017,15,1,15,0900  -,10.3,994.6,2.7,225,77,444
2017,15,1,15,1000  -,10.7,994.2,2.6,224,77,444
2017,15,1,15,1100  -,11.7,993.9,2.5,258,81.1,444
2017,15,1,15,1200  -,13.6,993.5,2.7,256,87,444
2017,15,1,15,1300  -,13.7,993.2,0.8,286,77,444
2017,15,1,15,1400  -,14.4,992.8,1.5,256,76,444
2017,15,1,15,1500  -,15.2,992.1,2.5,287,78,444
2017,15,1,15,1600  4,44,991.9,1.1,298,75.9,444
2017,15,1,15,1700  -,15.2,991.5,2.2,308,76,444
2017,15,1,15,1800  -,14.3,991.1,2.5,317,77.5,444
2017,15,1,15,1900  -,12.7,990.9,3.3,301,78,444
2017,15,1,15,2000  -,10.8,990.8,1.6,308,76,444
2017,15,1,15,2100  -,10.7,990.5,2.7,315,77.8,444
2017,15,1,15,2200  -,11.1,990.3,3.1,330,76.1,444
2017,15,1,15,2300  -,10,989.9,3,333,76,444
2017,16,1,16,0000  -,10,989.7,3.8,313,76,444
2017,16,1,16,100,-9.6,989.5,3.3,311,78,444
2017,16,1,16,200,-8.2,989.5,2.6,325,89.4,444
2017,16,1,16,300,-7.7,989.2,1.2,278,88,444
2017,16,1,16,400,-7.6,989.3,0.8,196,90,444
2017,16,1,16,500,-8.4,989.1,1.7,227,91,444
2017,16,1,16,600,-9.8,989.8,2.8,213,91.8,444
2017,16,1,16,0700  -,11,990.3,2.5,165,93,444
2017,16,1,16,0800  -,11.4,990.5,1.8,166,92,444
2017,16,1,16,0900  -,11.8,990.8,2.1,207,91,444
2017,16,1,16,1000  -,12.4,991.4,2.1,193,90,444
2017,16,1,16,1100  -,13.1,992,1.5,180,88.6,444
2017,16,1,16,1200  -,12.7,992.5,1.5,181,88,444
2017,16,1,16,1300  -,13.1,992.9,0.7,136,88,444
2017,16,1,16,1400  -,14,993.5,0.1,155,86.3,444
2017,16,1,16,1500  -,13.5,993.6,0,0,85,444
2017,16,1,16,1600  -,14,994.1,0,0,84,444
2017,16,1,16,1700  -,13.5,994.3,0,0,81,444
2017,16,1,16,1800  -,13.3,994.8,0,0,79,444
2017,16,1,16,1900  4,44,995.5,0,0,79,444
2017,16,1,16,2000  4,44,996,0,0,79,444
2017,16,1,16,2100  -,10.5,996.3,1.7,177,79,444
2017,16,1,16,2200,-9.9,996.9,1.6,156,77,444
2017,16,1,16,2300  -,11.4,997.1,2.2,147,74,444
2017,17,1,17,0000  -,11.6,997.3,2.6,146,76.7,444
2017,17,1,17,0100  -,10.8,997.5,3.1,143,75,444
2017,17,1,17,0200  -,10.6,997.8,2.4,128,74,444
2017,17,1,17,300,-6.7,997.8,2.1,182,73,444
2017,17,1,17,400,-8.6,997.8,2.9,156,77,444
2017,17,1,17,500,-9.2,998,4.2,147,80,444
2017,17,1,17,600,-8.7,998.2,3.3,146,77.4,444
2017,17,1,17,700,-9.4,998.4,2.6,144,78,444
2017,17,1,17,0800  -,10.4,998.7,3.1,139,77,444
2017,17,1,17,0900  -,11.8,998.7,3.8,123,78,444
2017,17,1,17,1000  -,12.6,998.8,2.9,126,78,444
2017,17,1,17,1100  -,13.3,999.1,3.4,110,77.3,444
2017,17,1,17,1200  -,13.9,999.1,3.7,105,76,444
2017,17,1,17,1300  -,14.6,999.2,3.4,92,73,444
2017,17,1,17,1400  -,15.7,999,3,102,72,444
2017,17,1,17,1500  -,15.9,999,2.9,102,70,444
2017,17,1,17,1600  -,15.3,998.9,3.2,111,74,444
2017,17,1,17,1700  -,14.1,998.8,3.2,86,69,444
2017,17,1,17,1800  -,14.1,998.9,2.8,97,71,444
2017,17,1,17,1900  -,12.4,999,1.9,77,66,444
2017,17,1,17,2000  -,11.6,999,1.5,96,66,444
2017,17,1,17,2100  -,11.4,999.1,1.7,116,70,444
2017,17,1,17,2200  -,10.6,999.1,1.3,123,69,444
2017,17,1,17,2300,-9.9,998.9,2.3,124,70,444
2017,18,1,18,0,-9,998.8,1.8,116,69.8,444
2017,18,1,18,100,-8.9,998.6,2.2,122,71,444
2017,18,1,18,200,-8.6,998.5,2.1,94,60,444
2017,18,1,18,300,-8.1,998.2,1.4,86,56,444
2017,18,1,18,400,-8.2,998,1.1,120,69,444
2017,18,1,18,500,-8.9,997.8,1.4,118,72.5,444
2017,18,1,18,600,-8.9,997.7,1,116,71,444
2017,18,1,18,700,-9.3,997.5,1.1,65,56,444
2017,18,1,18,0800  -,10.2,997.5,0.9,118,73,444
2017,18,1,18,0900  -,11,997.3,1.5,67,80,444
2017,18,1,18,1000  -,12.4,997.2,0.7,30,76.2,444
2017,18,1,18,1100  -,13.4,997.4,1.7,137,85,444
2017,18,1,18,1200  -,14,997.2,2.4,100,84,444
2017,18,1,18,1300  -,13.9,997,0.9,52,77,444
2017,18,1,18,1400  -,14.9,996.7,1.9,57,68,444
2017,18,1,18,1500  -,15.6,996.5,0.1,274,79,444
2017,18,1,18,1600  4,44,996.1,0,0,78,444
2017,18,1,18,1700  -,15.3,996,0.9,126,73,444
2017,18,1,18,1800  -,13.5,996.1,0.4,173,72,444
2017,18,1,18,1900  -,12.4,996.1,0.2,23,68.7,444
2017,18,1,18,2000  -,10.3,996.1,0,0,68,444
2017,18,1,18,2100,-9.4,996,0,0,70.5,444
2017,18,1,18,2200,-9.1,996,0.6,28,71,444
2017,18,1,18,2300,-8.4,996,0.6,30,71,444
2017,19,1,19,0,-8.2,995.9,0.5,348,73.5,444
2017,19,1,19,100,-7.9,995.8,0.9,336,74,444
2017,19,1,19,0200  4,44,995.6,0,0,64.7,444
2017,19,1,19,300,-6.7,995.6,0.1,360,67.6,444
2017,19,1,19,400,-7.2,995.4,0.5,98,67,444
2017,19,1,19,500,-6.9,995.4,0.1,98,72,444
2017,19,1,19,600,-7.5,995.5,0.7,121,77,444
2017,19,1,19,700,-6.9,995.5,0,0,71.7,444
2017,19,1,19,800,-8.2,995.6,1.1,31,80,444
2017,19,1,19,900,-8.1,995.7,0.4,29,79,444
2017,19,1,19,1000,-8.3,995.8,0.3,72,79,444
2017,19,1,19,1100,-8.3,995.7,0.4,347,83,444
2017,19,1,19,1200,-9.3,996,0.7,169,76.1,444
2017,19,1,19,1300  -,10.3,996.2,1.1,145,75,444
2017,19,1,19,1400,-9.9,996.2,0.2,333,76.5,444
2017,19,1,19,1500,-9.3,996.2,0.2,184,75,444
2017,19,1,19,1600  -,11.6,996.3,0.8,324,75,444
2017,19,1,19,1700  -,11,996.5,1,289,75.1,444
2017,19,1,19,1800  -,12.2,996.7,1.7,219,76,444
2017,19,1,19,1900  -,12.4,996.9,2,216,78.1,444
2017,19,1,19,2000  -,12,997.1,1.8,235,78,444
2017,19,1,19,2100  -,12.2,997.4,3.7,241,80,444
2017,19,1,19,2200  -,11.5,997.5,2.9,250,83,444
2017,19,1,19,2300  -,10.5,997.7,1.5,269,79,444
2017,20,1,20,0,-9.3,997.8,3.3,252,77.8,444
2017,20,1,20,100,-8.5,997.7,4.3,265,72,444
2017,20,1,20,200,-8.4,997.7,4.4,268,74,444
2017,20,1,20,300,-8.1,997.5,4.6,274,73,444
2017,20,1,20,400,-8.3,997.3,4.6,272,72,444
2017,20,1,20,500,-8,997.4,3.5,269,75.3,444
2017,20,1,20,600,-9,997.4,2.5,280,76,444
2017,20,1,20,0700  -,10,997.4,2.5,289,76,444
2017,20,1,20,0800  -,11.5,997.3,2.2,282,79,444
2017,20,1,20,0900  -,12,997.4,2.2,274,83,444
2017,20,1,20,1000  -,12.1,997.6,2,271,83.6,444
2017,20,1,20,1100  -,11.6,997.6,2.5,296,78,444
2017,20,1,20,1200  -,13.8,997.5,2,270,82,444
2017,20,1,20,1300  -,14.7,997.4,2,292,78,444
2017,20,1,20,1400  -,16.1,997.3,1.7,242,79,444
2017,20,1,20,1500  -,16.3,997.1,1.6,253,75,444
2017,20,1,20,1600  -,17.2,997,1.4,263,72,444
2017,20,1,20,1700  -,17.8,997,1.6,295,72,444
2017,20,1,20,1800  -,17.1,996.9,1.8,242,83,444
2017,20,1,20,1900  -,15.8,996.8,0.7,220,77,444
2017,20,1,20,2000  -,14,996.7,0.7,181,80,444
2017,20,1,20,2100  -,13.1,996.6,0.7,158,83,444
2017,20,1,20,2200  -,12.4,996.4,1.5,108,76.5,444
2017,20,1,20,2300  -,12,996,1.7,101,73,444
2017,21,1,21,0000  -,11.3,995.6,2.1,123,84,444
2017,21,1,21,0100  -,10.8,995.2,2.2,128,85.6,444
2017,21,1,21,0200  -,10.5,994.6,2.5,132,86,444
2017,21,1,21,0300  -,10.3,994.1,2.5,121,87,444
2017,21,1,21,0400  -,10,993.3,2.6,125,85,444
2017,21,1,21,0500  -,10.9,992.8,2.7,124,85,444
2017,21,1,21,0600  -,11.6,992.3,3.1,142,86.2,444
2017,21,1,21,0700  -,11.8,992,3,148,85,444
2017,21,1,21,0800  -,12.1,991.6,2.8,148,75.9,444
2017,21,1,21,0900  -,13.6,991.1,2.3,159,74,444
2017,21,1,21,1000  -,15,990.9,2.2,159,73.4,444
2017,21,1,21,1100  -,16.2,990.3,2.5,169,76,444
2017,21,1,21,1200  -,17.1,989.5,2.5,175,75,444
2017,21,1,21,1300  -,18.1,988.6,2.7,187,75,444
2017,21,1,21,1400  -,18.5,987.7,3.2,192,76,444
2017,21,1,21,1500  -,17.9,986.9,3.5,198,78,444
2017,21,1,21,1600  -,18.6,986.1,2.8,204,76,444
2017,21,1,21,1700  -,17,985.6,3.4,191,76,444
2017,21,1,21,1800  -,16.3,984.9,3.9,200,76.9,444
2017,21,1,21,1900  -,15.5,984.3,4.2,192,78,444
2017,21,1,21,2000  -,14.4,983.7,3.8,202,79,444
2017,21,1,21,2100  -,13.9,983,5.2,194,78,444
2017,21,1,21,2200  -,12.9,982.3,4.4,196,74,444
2017,21,1,21,2300  -,12.3,981.6,5.4,201,74,444
2017,22,1,22,0000  -,12.1,980.9,6.3,198,76.6,444
2017,22,1,22,0100  -,11.8,980.3,6.1,195,76,444
2017,22,1,22,0200  -,11.3,979.7,5.7,199,75,444
2017,22,1,22,0300  -,11,979,5.2,199,74,444
2017,22,1,22,0400  -,10.8,978.6,5.4,202,73,444
2017,22,1,22,0500  -,11,978.2,5.6,196,73.4,444
2017,22,1,22,0600  -,11.2,978,4.2,208,74,444
2017,22,1,22,0700  -,12,977.8,4.2,211,75,444
2017,22,1,22,0800  -,12.8,977.4,4.3,204,75.5,444
2017,22,1,22,0900  -,14.2,977.3,3.5,211,75,444
2017,22,1,22,1000  -,15,977.1,3.8,210,76,444
2017,22,1,22,1100  -,16,976.8,3.5,216,75,444
2017,22,1,22,1200  -,16.5,976.6,3.5,211,76,444
2017,22,1,22,1300  -,17.4,976.4,2.4,230,73.9,444
2017,22,1,22,1400  -,18.9,976.4,3.2,241,74,444
2017,22,1,22,1500  -,18.6,976.3,3.2,239,75,444
2017,22,1,22,1600  -,18.8,976,3.5,242,74.7,444
2017,22,1,22,1700  -,18.4,976,3.2,225,75,444
2017,22,1,22,1800  -,17.6,976.1,3.2,250,76.9,444
2017,22,1,22,1900  -,16.6,976.4,2.9,246,78,444
2017,22,1,22,2000  -,15.1,976.6,3.6,244,78,444
2017,22,1,22,2100  -,14,977,2.4,253,75.6,444
2017,22,1,22,2200  -,13,977.4,2.1,248,74,444
2017,22,1,22,2300  -,11.9,977.9,2.2,270,75.1,444
2017,23,1,23,0000  -,11,978.3,2.5,286,77,444
2017,23,1,23,100,-9.9,978.9,1.4,273,72,444
2017,23,1,23,200,-9.6,979.3,1.5,297,72,444
2017,23,1,23,300,-9.4,979.7,2.2,324,74.2,444
2017,23,1,23,400,-9.4,980.4,2.4,328,74.2,444
2017,23,1,23,500,-9.6,980.7,1.4,9,73,444
2017,23,1,23,0600  -,10.5,981.5,1.9,22,73,444
2017,23,1,23,0700  -,11,982.1,2.4,22,74,444
2017,23,1,23,0800  -,12,982.6,2.1,47,75,444
2017,23,1,23,0900  -,11.9,983.3,1.8,38,70.9,444
2017,23,1,23,1000  -,12.6,984,2.1,20,80,444
2017,23,1,23,1100,-9.7,984.7,3.5,17,84.8,444
2017,23,1,23,1200,-6.8,985.5,5,6,88,444
2017,23,1,23,1300,-6.4,986.3,4.1,355,91,444
2017,23,1,23,1400,-7.6,987,3,339,88,444
2017,23,1,23,1500,-9,987.9,4,339,83,444
2017,23,1,23,1600  -,10.6,988.8,3.3,335,81.6,444
2017,23,1,23,1700,-9.1,989.7,1.7,313,93,444
2017,23,1,23,1800  -,10.1,990.7,3.2,318,84,444
2017,23,1,23,1900,-9.7,991.7,2,305,88,444
2017,23,1,23,2000,-8.2,992.5,1.1,335,81,444
2017,23,1,23,2100,-7.5,993.4,1.6,326,80.3,444
2017,23,1,23,2200,-6.1,994.1,2.7,321,78,444
2017,23,1,23,2300,-4.7,995,1.8,307,79,444
2017,24,1,24,0,-3.2,995.7,3,308,81,444
2017,24,1,24,100,-2.3,996.2,3.2,319,80,444
2017,24,1,24,200,-1.7,996.9,2.6,322,80,444
2017,24,1,24,300,-1.6,997.5,2,289,79,444
2017,24,1,24,400,-1.2,997.9,2.5,318,70,444
2017,24,1,24,500,-2.5,998.4,1.4,4,74,444
2017,24,1,24,600,-3.7,998.8,1.8,350,75.3,444
2017,24,1,24,700,-5,999.3,1.3,344,74,444
2017,24,1,24,800,-5.5,999.8,1.6,354,86,444
2017,24,1,24,900,-5.3,1000,1.8,15,88,444
2017,24,1,24,1000,-4.9,1000.3,1.3,44,88,444
2017,24,1,24,1100,-5,1000.5,1.8,46,89,444
2017,24,1,24,1200,-5.1,1000.7,1.3,68,87,444
2017,24,1,24,1300,-5.2,1000.7,1.8,47,90,444
2017,24,1,24,1400,-5.2,1000.6,2.4,34,91,444
2017,24,1,24,1500,-5,1000.6,2.5,22,91,444
2017,24,1,24,1600,-5.1,1000.6,2.6,22,89,444
2017,24,1,24,1700,-7.2,1000.5,2.5,42,80,444
2017,24,1,24,1800,-8.3,1000.4,2.7,46,84,444
2017,24,1,24,1900,-7.6,1000.3,3.9,28,84.8,444
2017,24,1,24,2000,-8.2,1000.2,3.8,23,83,444
2017,24,1,24,2100,-7.3,999.9,3.1,15,75,444
2017,24,1,24,2200,-6.7,999.7,2.5,32,69,444
2017,24,1,24,2300,-6.9,999.4,2.7,47,64,444
2017,25,1,25,0,-7.7,999.1,3,48,68.9,444
2017,25,1,25,100,-7.6,998.6,2.8,45,68,444
2017,25,1,25,200,-6.9,998.1,2.7,38,73,444
2017,25,1,25,300,-6.4,997.5,2.7,43,80,444
2017,25,1,25,400,-5.4,996.8,3.2,41,81,444
2017,25,1,25,500,-5.2,996.3,3.3,25,86,444
2017,25,1,25,600,-5,996.1,3.4,18,85,444
2017,25,1,25,700,-5.2,995.6,3.5,20,86,444
2017,25,1,25,800,-5.2,995.5,3.6,5,87,444
2017,25,1,25,900,-5.5,995.3,2.7,356,88,444
2017,25,1,25,1000,-5.8,994.9,2.7,355,90,444
2017,25,1,25,1100,-6,994.6,3.2,305,90.6,444
2017,25,1,25,1200,-7.3,994.6,3,267,97.7,444
2017,25,1,25,1300,-8.7,994.4,3.4,264,96,444
2017,25,1,25,1400,-9.5,994.1,4.2,239,92,444
2017,25,1,25,1500  -,10.9,994.3,3.3,265,88,444
2017,25,1,25,1600  -,14.2,994.1,2.8,274,79.5,444
2017,25,1,25,1700  -,14.8,994,2.3,298,77.8,444
2017,25,1,25,1800  -,14.7,993.9,2.9,286,79,444
2017,25,1,25,1900  -,12.8,993.7,4.1,280,84,444
2017,25,1,25,2000  -,11.1,993.9,5.8,274,88.5,444
2017,25,1,25,2100,-9.7,994,5.7,272,89.2,444
2017,25,1,25,2200,-9.3,994.2,5.6,268,81,444
2017,25,1,25,2300,-9.2,994.5,5.7,254,78,444
2017,26,1,26,0,-9.2,994.7,6.5,267,80,444
2017,26,1,26,0100  -,10,995.1,5.5,240,81,444
2017,26,1,26,200,-9.6,995.4,5.2,244,83,444
2017,26,1,26,300,-9.3,995.4,5.7,248,82,444
2017,26,1,26,400,-9.2,995.7,5.9,254,80,444
2017,26,1,26,500,-8.8,996,4.9,253,84,444
2017,26,1,26,600,-8.6,996.1,4.7,250,86,444
2017,26,1,26,700,-8.9,996.5,5,271,89,444
2017,26,1,26,800,-9,996.8,4.6,259,90,444
2017,26,1,26,900,-9.8,997.2,4.2,264,91,444
2017,26,1,26,1000  -,10,997.7,3.8,277,93,444
2017,26,1,26,1100  -,10.2,997.9,3.7,244,94,444
2017,26,1,26,1200  -,10.4,998.1,3.2,245,95,444
2017,26,1,26,1300  -,10.6,998,1.8,275,94,444
2017,26,1,26,1400  -,11.2,998.1,1.2,276,93,444
2017,26,1,26,1500  -,12.1,998.1,1.3,322,93,444
2017,26,1,26,1600  -,13.3,998.1,1.3,1,89,444
2017,26,1,26,1700  -,14,998.3,1.4,6,83,444
2017,26,1,26,1800  -,14.9,998.6,1.4,357,79,444
2017,26,1,26,1900  -,14.3,998.7,2,32,79,444
2017,26,1,26,2000  -,13.9,998.7,2.3,15,79,444
2017,26,1,26,2100  -,12.8,998.9,1.9,12,80,444
2017,26,1,26,2200  -,12.8,999,3.4,17,79,444
2017,26,1,26,2300  -,12,999,3.9,21,79,444
2017,27,1,27,0000  -,11,999,3.3,16,81,444
2017,27,1,27,0100  -,11.4,998.7,3.9,39,79,444
2017,27,1,27,0200  -,11.3,998.5,3.7,41,80.8,444
2017,27,1,27,0300  -,11.2,998.3,3.9,46,82,444
2017,27,1,27,0400  -,11.3,998.4,3.4,30,81.8,444
2017,27,1,27,0500  -,10.8,998,2.3,56,85,444
2017,27,1,27,0600  -,11.5,998.1,3.6,35,87,444
2017,27,1,27,0700  -,12.2,998.1,3.1,41,87.1,444
2017,27,1,27,0800  -,12.1,998.1,2.2,69,88,444
2017,27,1,27,0900  -,12.3,998.1,3,63,89.4,444
2017,27,1,27,1000  -,12.4,998,3.6,75,89,444
2017,27,1,27,1100  -,12.8,997.6,2.9,92,90,444
2017,27,1,27,1200  -,13.3,997.3,2.6,95,89.9,444
2017,27,1,27,1300  -,13,996.7,3.2,93,89,444
2017,27,1,27,1400  -,12.9,996.5,3.3,116,90,444
2017,27,1,27,1500  -,12.8,996.4,3.4,91,88,444
2017,27,1,27,1600  -,13,996,2.8,101,87,444
2017,27,1,27,1700  -,12.5,995.6,2.1,102,86,444
2017,27,1,27,1800  -,12.2,995.5,3,99,85,444
2017,27,1,27,1900  -,12.1,995.2,3.7,122,85,444
2017,27,1,27,2000  -,11.3,994.9,3.6,131,85,444
2017,27,1,27,2100  -,11.1,994.5,3.7,145,83.8,444
2017,27,1,27,2200  -,10.7,994.4,3.8,137,83,444
2017,27,1,27,2300  -,10.8,994.1,4.5,136,80,444
2017,28,1,28,0000  -,10.6,993.7,4.7,142,78.7,444
2017,28,1,28,0100  -,10.4,993.2,4.9,142,77,444
2017,28,1,28,0200  -,10.2,992.7,5.3,151,76.4,444
2017,28,1,28,300,-9.9,992.1,5.7,156,77,444
2017,28,1,28,400,-9.9,991.7,5.8,168,78,444
2017,28,1,28,0500  -,10.4,991.3,5.2,165,77.5,444
2017,28,1,28,0600  -,10.7,991.2,4.8,156,80,444
2017,28,1,28,0700  -,11.2,990.9,5.8,179,79,444
2017,28,1,28,0800  -,11.5,990.3,5.4,184,81,444
2017,28,1,28,0900  -,12,990,5,181,81,444
2017,28,1,28,1000  -,12.5,989.6,4.4,198,83.5,444
2017,28,1,28,1100  -,12.8,989.1,4.6,188,83,444
2017,28,1,28,1200  -,13.1,988.7,3.8,193,84.2,444
2017,28,1,28,1300  -,13.3,988.2,3.2,191,84,444
2017,28,1,28,1400  -,13.7,987.6,4,209,85,444
2017,28,1,28,1500  -,14,987.1,3.9,193,85.7,444
2017,28,1,28,1600  -,14,986.7,3.2,230,85,444
2017,28,1,28,1700  -,13.8,986.4,4.1,237,85,444
2017,28,1,28,1800  -,13.4,986.1,4.5,219,82,444
2017,28,1,28,1900  -,13.3,985.8,4.5,215,82.6,444
2017,28,1,28,2000  -,13.8,985.6,4.9,230,81.6,444
2017,28,1,28,2100  -,14.1,985.3,5.7,252,85,444
2017,28,1,28,2200  -,14.1,985.1,5,274,83,444
2017,28,1,28,2300  -,13.2,984.7,6.1,274,80,444
2017,29,1,29,0000  -,12.6,984.3,5.7,282,79.8,444
2017,29,1,29,0100  -,10.8,983.9,2.2,302,82.2,444
2017,29,1,29,0200  -,11.2,983.6,5.7,265,78.9,444
2017,29,1,29,0300  -,11.4,983.5,4.6,258,78.2,444
2017,29,1,29,0400  -,11.8,983.3,4.3,261,73,444
2017,29,1,29,0500  -,13.4,983.2,2.6,290,69.9,444
2017,29,1,29,0600  -,15.5,983.1,3.1,305,73,444
2017,29,1,29,0700  -,15.5,983,2.7,293,73.9,444
2017,29,1,29,0800  -,18.1,982.9,2.5,325,73.7,444
2017,29,1,29,0900  -,18.5,982.8,3.8,315,76,444
2017,29,1,29,1000  -,19.5,982.7,3.7,315,77,444
2017,29,1,29,1100  -,20.7,982.6,2.7,335,77,444
2017,29,1,29,1200  -,21,982.5,3.3,342,77.2,444
2017,29,1,29,1300  -,21.5,982.5,1.4,35,74.8,444
2017,29,1,29,1400  -,21.5,982.1,3.9,359,83,444
2017,29,1,29,1500  -,21.6,981.8,2.9,18,82,444
2017,29,1,29,1600  -,20.6,981.3,1.9,39,75,444
2017,29,1,29,1700  -,18.1,981.3,2.6,34,79.6,444
2017,29,1,29,1800  -,12.9,981.3,2.9,68,84.2,444
2017,29,1,29,1900,-9.9,981.1,4.1,29,87,444
2017,29,1,29,2000,-9.6,981.4,4.2,355,88,444
2017,29,1,29,2100  -,10,981.5,3.6,1,85,444
2017,29,1,29,2200  -,11.1,981.8,3.2,8,80.4,444
2017,29,1,29,2300  -,10.9,982.2,2,31,79.3,444
2017,30,1,30,0,-8.8,982.3,2.3,354,81,444
2017,30,1,30,100,-8.5,982.6,3.4,354,80.7,444
2017,30,1,30,200,-6.9,983,2.9,331,80,444
2017,30,1,30,300,-7,983.4,2.8,332,80.2,444
2017,30,1,30,400,-5.5,983.7,3.8,330,82,444
2017,30,1,30,500,-5.3,984.1,4.1,332,79,444
2017,30,1,30,600,-7,984.7,3.1,353,82.9,444
2017,30,1,30,700,-9.9,985.3,4.1,359,80,444
2017,30,1,30,800,-8.6,985.6,2.6,16,87,444
2017,30,1,30,900,-6.1,985.9,3.7,4,87,444
2017,30,1,30,1000,-8.9,986.4,2.8,358,85.5,444
2017,30,1,30,1100,-9.6,986.7,1.2,2,85,444
2017,30,1,30,1200,-7.1,987.1,3.8,354,88,444
2017,30,1,30,1300,-7.2,987.6,3.8,350,89,444
2017,30,1,30,1400,-7,987.9,3,353,89,444
2017,30,1,30,1500,-7,988.2,3.3,348,88,444
2017,30,1,30,1600,-8.6,988.7,2.3,2,89,444
2017,30,1,30,1700,-7.4,989.1,2.4,7,87,444
2017,30,1,30,1800,-9.7,989.5,1.4,18,79,444
2017,30,1,30,1900  -,11.1,990.1,1.6,239,83,444
2017,30,1,30,2000  -,10.2,990.6,0,0,70.6,444
2017,30,1,30,2100  -,10.2,991,0.8,188,84,444
2017,30,1,30,2200,-9.6,991.4,0.2,151,78,444
2017,30,1,30,2300,-9.3,991.9,0.3,179,73.6,444
2017,31,1,31,0,-9.4,992.3,1.1,187,82,444
2017,31,1,31,100,-8.2,992.4,1.1,170,80.7,444
2017,31,1,31,200,-8.4,992.4,2.1,180,87,444
2017,31,1,31,300,-8.4,992.5,2.4,201,87,444
2017,31,1,31,400,-8.9,992.5,3,170,84.3,444
2017,31,1,31,0500  -,10.3,992.9,2.7,183,87,444
2017,31,1,31,600,-9.9,993.2,3.2,191,84.6,444
2017,31,1,31,0700  -,10.7,993.4,4,193,83,444
2017,31,1,31,0800  -,12.7,993.6,4.4,188,84,444
2017,31,1,31,0900  -,12.8,993.8,3.9,171,84,444
2017,31,1,31,1000  -,13.2,993.9,3.9,186,86,444
2017,31,1,31,1100  -,13.2,994,4.8,183,88,444
2017,31,1,31,1200  -,12.9,994.1,5.2,184,88,444
2017,31,1,31,1300  -,12.5,994.3,4.8,179,89,444
2017,31,1,31,1400  -,12.3,994.4,4.7,179,92,444
2017,31,1,31,1500  -,12.2,994.5,4.6,181,92,444
2017,31,1,31,1600  -,11.8,994.5,4.5,177,91,444
2017,31,1,31,1700  -,11.8,994.5,4.9,162,89,444
2017,31,1,31,1800  -,12,995,3.5,166,87,444
2017,31,1,31,1900  -,11.5,995.2,3.3,182,87,444
2017,31,1,31,2000  -,10.5,995.4,2.9,180,87,444
2017,31,1,31,2100,-9.8,995.5,2.3,167,84,444
2017,31,1,31,2200,-9.1,995.7,1.7,117,79,444
2017,31,1,31,2300,-9.1,995.6,2.1,100,69,444