2017,1,1,1,0,-9.8,806.5,1.8,60,67.6,444
2017,1,1,1,100,-10.3,806.6,1,31,61.5,444
2017,1,1,1,200,-11.4,806.7,0.9,16,74,444
2017,1,1,1,300,-12.6,806.8,0.3,71,74,444
2017,1,1,1,400,-13.3,806.7,0.4,113,73,444
2017,1,1,1,500,444,806.8,0.7,99,75.4,444
2017,1,1,1,600,-14.7,807.1,1.2,154,76,444
2017,1,1,1,700,-16.3,807.3,1.2,125,74,444
2017,1,1,1,800,-17.4,807.5,0.6,138,75,444
2017,1,1,1,900,-16.3,807.7,0.8,134,71,444
2017,1,1,1,1000,-16.8,807.9,1.7,131,74.6,444
2017,1,1,1,1100,444,808.1,0.9,133,70,444
2017,1,1,1,1200,-15.6,808.4,1.9,125,69,444
2017,1,1,1,1300,-15.4,808.7,2.8,128,70,444
2017,1,1,1,1400,-16,809,4.7,127,70,444
2017,1,1,1,1500,-16.1,809.1,4.9,114,71.1,444
2017,1,1,1,1600,-15.4,809.4,3.9,120,69,444
2017,1,1,1,1700,-14.7,809.7,4.3,122,64,444
2017,1,1,1,1800,-13.6,810.4,3,142,64,444
2017,1,1,1,1900,-13.6,810.6,3.7,155,63,444
2017,1,1,1,2000,-13,810.7,4,161,67,444
2017,1,1,1,2100,-12,811.1,4.3,173,65,444
2017,1,1,1,2200,-11.4,811.3,4.3,173,67,444
2017,1,1,1,2300,-11.8,811.6,5.2,171,67,444
2017,2,1,2,0,-12.3,811.9,3.8,164,67,444
2017,2,1,2,100,-12.6,812.1,3.9,154,69,444
2017,2,1,2,200,-13.3,812,3.2,151,71,444
2017,2,1,2,300,-14.1,812.2,2.8,150,72,444
2017,2,1,2,400,-14.3,812.5,1.5,232,70,444
2017,2,1,2,500,-15.7,812.8,1.7,174,71,444
2017,2,1,2,600,-16.8,813.1,4.2,183,75,444
2017,2,1,2,700,-17.6,813.3,4.1,164,75,444
2017,2,1,2,800,-16.9,813.4,3.4,162,72.5,444
2017,2,1,2,900,-16.7,813.6,2.8,174,72,444
2017,2,1,2,1000,-15.9,813.8,2.6,162,70,444
2017,2,1,2,1100,-15.6,813.7,2.3,146,71,444
2017,2,1,2,1200,-14.4,814.2,1,193,69,444
2017,2,1,2,1300,-13.7,814.2,1.2,156,68,444
2017,2,1,2,1400,-12.4,814.2,1.1,158,66,444
2017,2,1,2,1500,-11.1,814.1,2.5,147,64,444
2017,2,1,2,1600,-10.3,814.1,1.7,143,61,444
2017,2,1,2,1700,-9.2,814.2,1.3,147,53,444
2017,2,1,2,1800,-9.3,814.2,0.8,121,67,444
2017,2,1,2,1900,444,814.4,0.1,121,62.4,444
2017,2,1,2,2000,444,814.3,0.1,134,65,444
2017,2,1,2,2100,444,814.3,0,0,64,444
2017,2,1,2,2200,-7.8,814.3,0.5,330,71,444
2017,2,1,2,2300,-8,814.2,0.7,357,77,444
2017,3,1,3,0,-8.6,814.1,1.3,328,79,444
2017,3,1,3,100,-8.5,814,1.6,318,83,444
2017,3,1,3,200,-8.7,813.7,2.4,321,85,444
2017,3,1,3,300,-8.6,813.6,2.5,335,85,444
2017,3,1,3,400,-8.5,813.2,2.7,332,87,444
2017,3,1,3,500,-8.4,812.8,2.4,353,88,444
2017,3,1,3,600,-8.4,812.5,2.7,360,89,444
2017,3,1,3,700,-8.2,812.4,3.2,350,89,444
2017,3,1,3,800,-8.5,812,2.9,1,89,444
2017,3,1,3,900,-8.3,811.6,3.1,6,89,444
2017,3,1,3,1000,-8.1,811.2,3.9,1,89,444
2017,3,1,3,1100,-7.9,810.6,3.6,22,87,444
2017,3,1,3,1200,-7.6,810.2,4.6,9,85.4,444
2017,3,1,3,1300,-7.7,809.7,4.4,10,87,444
2017,3,1,3,1400,-7.6,809.5,4,17,85,444
2017,3,1,3,1500,-7.2,809,4,14,84,444
2017,3,1,3,1600,-7.3,808.7,4,8,84,444
2017,3,1,3,1700,-7.4,808.4,4.8,2,82.2,444
2017,3,1,3,1800,-7.4,808.3,4,357,83,444
2017,3,1,3,1900,-7.4,808.2,3.8,335,76,444
2017,3,1,3,2000,-6.9,808.1,2.7,324,76,444
2017,3,1,3,2100,-5.9,808.2,1.2,299,73,444
2017,3,1,3,2200,-5.9,808.1,1.1,289,78.3,444
2017,3,1,3,2300,-7,808.3,1.3,239,81,444
2017,4,1,4,0,-6.6,808.5,0.5,203,80.3,444
2017,4,1,4,100,444,808.6,0.1,109,78,444
2017,4,1,4,200,-7.6,808.6,1.1,93,86,444
2017,4,1,4,300,-7.8,808.5,1.8,63,85.4,444
2017,4,1,4,400,-9.1,808.7,2.3,50,87,444
2017,4,1,4,500,-10.4,809.1,7.4,24,87.2,444
2017,4,1,4,600,-11.4,809.7,6.5,28,86,444
2017,4,1,4,700,-11.8,810.1,6.5,25,87,444
2017,4,1,4,800,-12.3,810.5,5.9,38,86,444
2017,4,1,4,900,-12.6,810.9,5.9,32,85,444
2017,4,1,4,1000,-12.9,811.2,6,44,83.5,444
2017,4,1,4,1100,-13,811.4,6.1,42,83,444
2017,4,1,4,1200,-12.9,811.7,5.9,52,83,444
2017,4,1,4,1300,-12.6,812,4.9,57,82,444
2017,4,1,4,1400,-12.6,812.3,5,57,80,444
2017,4,1,4,1500,-12.2,812.4,4.5,59,78.8,444
2017,4,1,4,1600,-11.5,812.6,3.5,65,78,444
2017,4,1,4,1700,-11,812.3,4.3,88,76,444
2017,4,1,4,1800,-10.4,812.2,3.5,102,77,444
2017,4,1,4,1900,-10.8,812.2,5.5,106,78,444
2017,4,1,4,2000,-10.8,812.3,4.5,119,80,444
2017,4,1,4,2100,-10.3,812.2,4.6,119,74,444
2017,4,1,4,2200,-10.1,812,3.7,130,75.2,444
2017,4,1,4,2300,-10.2,811.6,3.6,141,77,444
2017,5,1,5,0,-11.1,811.3,2.6,182,80,444
2017,5,1,5,100,-11,810.8,4.2,175,80.3,444
2017,5,1,5,200,-10.9,810.6,4.2,169,81,444
2017,5,1,5,300,-12.4,809.9,3.9,174,82.3,444
2017,5,1,5,400,-13.2,809.4,3.4,178,82,444
2017,5,1,5,500,-13.3,809,4.6,173,79,444
2017,5,1,5,600,-15.4,808.6,4.9,179,79.4,444
2017,5,1,5,700,-14.4,808.6,6.6,168,75,444
2017,5,1,5,800,-15.1,808.2,7.1,167,75.1,444
2017,5,1,5,900,-15.2,808.2,6.8,160,74,444
2017,5,1,5,1000,-15.1,808,7.4,162,73,444
2017,5,1,5,1100,-14.4,807.6,8.4,158,71.6,444
2017,5,1,5,1200,-14,807.3,8.2,159,71.7,444
2017,5,1,5,1300,-12.9,807.1,8.8,159,71,444
2017,5,1,5,1400,-12.6,806.8,8.6,159,71,444
2017,5,1,5,1500,-12.2,806.3,9.4,159,71,444
2017,5,1,5,1600,-11.8,805.8,9.8,159,71.6,444
2017,5,1,5,1700,-11.4,805.3,10.3,157,71,444
2017,5,1,5,1800,-10.9,805.1,9.2,151,71,444
2017,5,1,5,1900,-10.6,804.9,8.7,150,70,444
2017,5,1,5,2000,-10.3,804.7,7.7,154,70,444
2017,5,1,5,2100,-10.1,804.2,7.6,158,70,444
2017,5,1,5,2200,-10.1,803.8,8.2,154,69,444
2017,5,1,5,2300,-10.2,803.3,8,152,70.7,444
2017,6,1,6,0,-10.5,802.7,7.4,156,71.4,444
2017,6,1,6,100,-10.9,802.2,6.4,148,71,444
2017,6,1,6,200,-11.7,801.9,6.4,147,70,444
2017,6,1,6,300,-12.6,801.4,6.6,149,71,444
2017,6,1,6,400,-13.7,801.1,6,157,70.9,444
2017,6,1,6,500,-14.5,800.5,6.6,157,71,444
2017,6,1,6,600,-15.8,800.2,6.4,149,71,444
2017,6,1,6,700,-16.5,799.8,8.5,155,71,444
2017,6,1,6,800,-17.2,799.8,8.2,154,71,444
2017,6,1,6,900,-17.8,799.5,8.2,151,70.5,444
2017,6,1,6,1000,-18.1,799.3,7.9,146,70,444
2017,6,1,6,1100,-18,799.2,8,141,69,444
2017,6,1,6,1200,-17.6,799,8,138,69,444
2017,6,1,6,1300,-17.2,798.7,9,136,69,444
2017,6,1,6,1400,-16.9,798.9,7.5,122,70.4,444
2017,6,1,6,1500,-16.4,799,7.8,125,70,444
2017,6,1,6,1600,-15.8,799.2,7.5,125,70,444
2017,6,1,6,1700,-15.3,799.4,6.4,128,70,444
2017,6,1,6,1800,-14.7,799.5,6.7,128,70,444
2017,6,1,6,1900,-14.2,799.7,6.4,127,69,444
2017,6,1,6,2000,-13.8,799.9,6,129,68.7,444
2017,6,1,6,2100,-13.6,800.1,5.3,125,69,444
2017,6,1,6,2200,-13.5,800.4,4.8,120,69,444
2017,6,1,6,2300,-13.5,800.6,4.9,121,70.3,444
2017,7,1,7,0,-13.9,800.5,5.9,114,71,444
2017,7,1,7,100,-14.5,800.9,5.4,115,72,444
2017,7,1,7,200,-15.1,801.3,5.4,117,71,444
2017,7,1,7,300,-16.1,801.5,4.8,113,73,444
2017,7,1,7,400,-16.8,801.7,5.6,115,72.4,444
2017,7,1,7,500,-18.2,801.9,5.5,114,73,444
2017,7,1,7,600,-19,802.4,4.4,125,72,444
2017,7,1,7,700,-19,803.1,5.2,125,70.6,444
2017,7,1,7,800,-19.6,803.5,5.7,122,70,444
2017,7,1,7,900,-21.4,804.2,4.8,120,71,444
2017,7,1,7,1000,-19.2,804.6,6.3,131,69,444
2017,7,1,7,1100,-19.3,805.3,4,128,69,444
2017,7,1,7,1200,-19.1,805.6,3.9,146,69,444
2017,7,1,7,1300,-18.7,805.8,5.8,152,69.3,444
2017,7,1,7,1400,-17.4,805.9,6.1,149,66,444
2017,7,1,7,1500,-16.9,806,8.3,145,65,444
2017,7,1,7,1600,-16.3,806,8,148,63,444
2017,7,1,7,1700,-15.4,805.8,9.7,145,67,444
2017,7,1,7,1800,-14.9,806.1,9.8,140,67.8,444
2017,7,1,7,1900,-14.8,806.1,10.3,134,68,444
2017,7,1,7,2000,-14.9,806.4,10.4,134,70,444
2017,7,1,7,2100,-14.8,806.8,9.1,127,67,444
2017,7,1,7,2200,-14.9,807.2,9.7,124,63,444
2017,7,1,7,2300,-15.8,807.2,7.7,125,68.8,444
2017,8,1,8,0,-16,807.3,7.3,127,72,444
2017,8,1,8,100,-16.9,807,7.8,135,66,444
2017,8,1,8,200,-17.5,807.1,7.7,134,66.7,444
2017,8,1,8,300,-18.2,807.1,6.7,140,68,444
2017,8,1,8,400,-18.9,807,7.3,138,68,444
2017,8,1,8,500,-19.5,807.1,6.8,136,68,444
2017,8,1,8,600,-20.2,807,7.4,123,69,444
2017,8,1,8,700,-20.7,807,7.2,124,69.3,444
2017,8,1,8,800,-20.5,807.4,7.2,121,71,444
2017,8,1,8,900,-21.3,807.5,5.6,134,70,444
2017,8,1,8,1000,-21.4,807.7,5.4,133,69,444
2017,8,1,8,1100,-21.7,808,5.1,138,71,444
2017,8,1,8,1200,-20,808,5.7,134,71.2,444
2017,8,1,8,1300,-19.8,808.3,5.4,137,70,444
2017,8,1,8,1400,-18.1,808.4,5.1,120,67,444
2017,8,1,8,1500,-16.9,808.6,4.1,123,64,444
2017,8,1,8,1600,-17.1,808.8,4.6,127,61.7,444
2017,8,1,8,1700,-17.3,809.1,3.4,105,64.3,444
2017,8,1,8,1800,-16.3,809.5,1.2,133,66,444
2017,8,1,8,1900,-17.2,809.9,2.1,72,69,444
2017,8,1,8,2000,-15.9,810.3,2.6,43,68,444
2017,8,1,8,2100,-15.2,810.6,2.1,122,52.5,444
2017,8,1,8,2200,-15.1,810.9,2.9,106,61,444
2017,8,1,8,2300,-15.2,811.1,3.5,112,61,444
2017,9,1,9,0,-15.2,811.4,3.4,105,65.2,444
2017,9,1,9,100,-15.1,811.4,2.5,108,66,444
2017,9,1,9,200,-15.2,811.4,2.5,123,66.2,444
2017,9,1,9,300,-15.3,811.5,2,131,69,444
2017,9,1,9,400,-15.8,811.6,2.1,111,73,444
2017,9,1,9,500,-16.5,811.7,2.7,121,70.6,444
2017,9,1,9,600,-18,811.7,3,120,72,444
2017,9,1,9,700,-19.6,811.9,1.6,128,72,444
2017,9,1,9,800,-20.5,812,1.1,132,66,444
2017,9,1,9,900,-21.2,812.1,1.5,166,66,444
2017,9,1,9,1000,-22.6,812.2,2.4,156,68.7,444
2017,9,1,9,1100,-20.3,812.3,1.7,147,71,444
2017,9,1,9,1200,-18.8,812.3,2.9,132,71,444
2017,9,1,9,1300,-18.1,812.1,3.2,121,70,444
2017,9,1,9,1400,-17,811.9,4,113,65,444
2017,9,1,9,1500,-16.6,811.9,3.3,120,66.8,444
2017,9,1,9,1600,-15.7,811.7,4.4,120,61,444
2017,9,1,9,1700,-15.4,811.6,4.4,117,61,444
2017,9,1,9,1800,-15.2,811.6,3.3,104,61,444
2017,9,1,9,1900,-15.3,811.6,3.1,92,63.8,444
2017,9,1,9,2000,-15.2,811.5,3.3,118,62,444
2017,9,1,9,2100,-14.8,811.5,3,95,60,444
2017,9,1,9,2200,-14.6,811.4,2.6,81,62,444
2017,9,1,9,2300,-14.8,811.3,3,88,63,444
2017,10,1,10,0,-14.9,811.3,2.8,76,65.6,444
2017,10,1,10,100,-14.9,811.1,2.4,79,67,444
2017,10,1,10,200,-15.2,811,2.7,76,69,444
2017,10,1,10,300,-15.3,811,2.6,90,70,444
2017,10,1,10,400,-15.5,811,1.9,85,72,444
2017,10,1,10,500,-15.8,811,1.7,101,73.8,444
2017,10,1,10,600,-15.8,810.9,1.1,122,74.4,444
2017,10,1,10,700,-15.9,810.8,3.2,100,71,444
2017,10,1,10,800,-15.9,810.9,2.8,113,73,444
2017,10,1,10,900,-15.8,810.9,0.6,109,75,444
2017,10,1,10,1000,-15.3,810.9,0.1,94,73,444
2017,10,1,10,1100,-15.3,811,1.2,97,74.2,444
2017,10,1,10,1200,-15.5,811,4.5,114,69,444
2017,10,1,10,1300,-16.4,811.2,3.9,107,72,444
2017,10,1,10,1400,-16.6,811.2,4,97,71,444
2017,10,1,10,1500,-15.6,811.1,4,96,68,444
2017,10,1,10,1600,-15,811.3,5.5,108,65,444
2017,10,1,10,1700,-14.6,811.5,5.4,109,62,444
2017,10,1,10,1800,-14.9,811.4,5.6,110,64,444
2017,10,1,10,1900,-14.5,811.7,3.8,82,63,444
2017,10,1,10,2000,-14.4,811.8,4.4,89,65,444
2017,10,1,10,2100,-14.1,812,3.8,88,63,444
2017,10,1,10,2200,-14,812.1,3.6,104,65,444
2017,10,1,10,2300,-14.1,812.2,3.6,103,66.4,444
2017,11,1,11,0,-14.2,812.3,4,120,68,444
2017,11,1,11,100,-14.4,812.3,4,122,67,444
2017,11,1,11,200,-14.5,812.4,3.5,125,67,444
2017,11,1,11,300,-14.8,812.4,3.4,128,69,444
2017,11,1,11,400,-15.9,812.6,4.8,138,74,444
2017,11,1,11,500,-15.8,812.8,4.5,130,76,444
2017,11,1,11,600,-15.7,812.9,4.9,106,73,444
2017,11,1,11,700,-15.9,813,4.4,108,73,444
2017,11,1,11,800,-16.1,813.1,3.9,115,74,444
2017,11,1,11,900,-16.2,813.3,3.3,128,74,444
2017,11,1,11,1000,-16.2,813.4,3.3,136,74,444
2017,11,1,11,1100,-16.2,813.4,3.9,142,73,444
2017,11,1,11,1200,-16.1,813.4,4,126,72,444
2017,11,1,11,1300,-16.1,813.5,3.9,114,72,444
2017,11,1,11,1400,-16,813.6,3.9,111,71,444
2017,11,1,11,1500,-16,813.5,4.7,113,69,444
2017,11,1,11,1600,-15.8,813.5,4.4,124,70.2,444
2017,11,1,11,1700,-15.6,813.5,4.6,114,70,444
2017,11,1,11,1800,-15.3,813.5,4.3,109,70,444
2017,11,1,11,1900,-15.1,813.6,4.5,112,68.2,444
2017,11,1,11,2000,-15,813.5,4,114,65,444
2017,11,1,11,2100,-14.7,813.6,3.5,114,64,444
2017,11,1,11,2200,-14.5,813.7,3.1,114,65,444
2017,11,1,11,2300,-14.4,813.7,3,114,67,444
2017,12,1,12,0,-14.5,813.6,3.3,121,69,444
2017,12,1,12,100,-14.6,813.6,3.3,129,71.8,444
2017,12,1,12,200,-14.8,813.4,4,137,74,444
2017,12,1,12,300,-14.6,813.3,3.2,119,76,444
2017,12,1,12,400,-14.9,813.3,3.8,96,76.5,444
2017,12,1,12,500,-15.8,813.5,5.8,112,77,444
2017,12,1,12,600,-16.4,813.7,5.1,113,75,444
2017,12,1,12,700,-16.6,813.6,5.5,123,74,444
2017,12,1,12,800,-16.7,813.7,5.4,136,72,444
2017,12,1,12,900,-17,813.7,3.7,143,70.8,444
2017,12,1,12,1000,-17,813.5,5.1,147,67,444
2017,12,1,12,1100,-19.2,813.6,4.2,146,69,444
2017,12,1,12,1200,-18,813.3,4,152,72,444
2017,12,1,12,1300,-16.9,813.1,6.6,141,71,444
2017,12,1,12,1400,-16.4,813.1,5.9,100,66,444
2017,12,1,12,1500,-15.7,812.9,7.3,126,71,444
2017,12,1,12,1600,-14.9,812.9,8.3,113,67,444
2017,12,1,12,1700,-14.8,813.2,8,105,60.6,444
2017,12,1,12,1800,-15,813.4,8.4,127,67,444
2017,12,1,12,1900,-14.8,813.4,7.3,124,61,444
2017,12,1,12,2000,-14.9,813.5,6.1,130,58,444
2017,12,1,12,2100,-14.9,813.6,4.6,126,59,444
2017,12,1,12,2200,-15,813.6,5.5,133,63,444
2017,12,1,12,2300,-15.4,813.6,5.1,127,63,444
2017,13,1,13,0,-15.5,813.6,4,137,65,444
2017,13,1,13,100,-16,813.5,2.4,149,67.7,444
2017,13,1,13,200,-17,813.6,2.7,168,71,444
2017,13,1,13,300,-18.1,813.6,2.9,168,72,444
2017,13,1,13,400,-19,813.6,2.9,166,71,444
2017,13,1,13,500,-20.2,813.7,2.5,165,70.7,444
2017,13,1,13,600,-21.6,813.5,2.6,131,72.9,444
2017,13,1,13,700,-23.1,813.5,1.9,127,74,444
2017,13,1,13,800,-23.9,813.5,1.5,138,73,444
2017,13,1,13,900,-23.5,813.4,2.3,128,70,444
2017,13,1,13,1000,-21.4,813.7,4.2,127,68.9,444
2017,13,1,13,1100,-22,813.8,4.7,123,69.4,444
2017,13,1,13,1200,-21.7,814,4.7,126,69,444
2017,13,1,13,1300,-21,814.1,6.5,126,69,444
2017,13,1,13,1400,-20.1,814.2,6.1,128,69,444
2017,13,1,13,1500,-18.9,814.3,5.8,135,70.4,444
2017,13,1,13,1600,-17.9,814.4,5.8,115,73,444
2017,13,1,13,1700,-18,814.7,4.5,58,74.8,444
2017,13,1,13,1800,-17.7,815.2,4.6,41,74,444
2017,13,1,13,1900,-16.1,815.7,5.2,43,72,444
2017,13,1,13,2000,-15.3,816,4.9,29,70.3,444
2017,13,1,13,2100,-15.1,816.4,4.2,32,70,444
2017,13,1,13,2200,-14.9,816.7,2.9,35,68.6,444
2017,13,1,13,2300,-14.6,817.1,1.4,37,66.8,444
2017,14,1,14,0,-15.4,817.3,3.3,13,76,444
2017,14,1,14,100,-15.6,817.4,1.5,359,75,444
2017,14,1,14,200,-15.3,817.4,0.2,347,71,444
2017,14,1,14,300,-15.8,817.5,1.4,230,78.1,444
2017,14,1,14,400,-16.3,817.5,0.9,74,72.6,444
2017,14,1,14,500,-16.5,817.6,1.8,116,72,444
2017,14,1,14,600,-16.6,817.6,1.7,123,74,444
2017,14,1,14,700,-16.9,817.5,1.5,122,75,444
2017,14,1,14,800,-17.3,817.4,2.6,127,75,444
2017,14,1,14,900,-17.5,817.3,1.6,136,76.8,444
2017,14,1,14,1000,-18.3,817.2,2.5,133,74,444
2017,14,1,14,1100,-18.6,817,2.1,125,73,444
2017,14,1,14,1200,-18.6,816.8,2.6,136,70,444
2017,14,1,14,1300,-18.2,816.5,3.5,119,68.2,444
2017,14,1,14,1400,-17.8,816.2,6.1,111,69,444
2017,14,1,14,1500,-17.3,815.9,4.4,122,67.1,444
2017,14,1,14,1600,-16.8,815.5,3.9,117,66,444
2017,14,1,14,1700,-16.6,815.3,3.6,114,66,444
2017,14,1,14,1800,-16.7,815,3.3,116,64.8,444
2017,14,1,14,1900,-16.5,814.7,3.8,116,64,444
2017,14,1,14,2000,-16.5,814.4,3.8,121,64.5,444
2017,14,1,14,2100,-16.7,814.2,3.2,99,69,444
2017,14,1,14,2200,-17.1,814,3.5,78,73,444
2017,14,1,14,2300,-17.6,813.7,3.4,30,71.9,444
2017,15,1,15,0,-18.1,813.6,3.4,18,76,444
2017,15,1,15,100,-18.1,813.2,2.8,27,79.5,444
2017,15,1,15,200,-18.3,812.8,3.6,38,81,444
2017,15,1,15,300,-18.2,812.6,3.2,68,81,444
2017,15,1,15,400,-18.1,812.2,3.6,51,81,444
2017,15,1,15,500,-18.1,811.9,3.8,55,80,444
2017,15,1,15,600,-18.9,811.8,3.7,46,81.2,444
2017,15,1,15,700,-19.6,811.7,1.6,68,82,444
2017,15,1,15,800,-18.2,811.5,3.4,78,80,444
2017,15,1,15,900,-18,811.3,3.6,87,81,444
2017,15,1,15,1000,-17.8,811.2,4.2,81,81,444
2017,15,1,15,1100,-17.6,811.2,4.3,65,81.2,444
2017,15,1,15,1200,-17.6,810.9,4.9,52,83,444
2017,15,1,15,1300,-17.4,810.7,5.2,50,81.2,444
2017,15,1,15,1400,-17.2,810.3,6,45,79,444
2017,15,1,15,1500,-17.1,810.1,5.7,43,79,444
2017,15,1,15,1600,-16.9,810,6.2,40,77.8,444
2017,15,1,15,1700,-16.5,810.1,6.6,38,76,444
2017,15,1,15,1800,-16.2,810.2,6.8,37,74,444
2017,15,1,15,1900,-15.8,810.4,6.3,38,75,444
2017,15,1,15,2000,-15.8,810.7,6.3,29,74,444
2017,15,1,15,2100,-15.6,810.8,5.9,22,73,444
2017,15,1,15,2200,-15.5,811,5.8,11,74,444
2017,15,1,15,2300,-15.3,811.2,6.2,8,76,444
2017,16,1,16,0,-15.4,811.5,5.5,15,77,444
2017,16,1,16,100,-15.5,811.7,5.2,15,79,444
2017,16,1,16,200,-16,811.9,4.4,3,79,444
2017,16,1,16,300,-16.4,812.1,4.7,18,80,444
2017,16,1,16,400,-16.9,812.3,4,22,80,444
2017,16,1,16,500,-17.4,812.7,2.9,34,81,444
2017,16,1,16,600,-17.7,812.9,2.9,42,81,444
2017,16,1,16,700,-18.8,813.2,2.6,52,81,444
2017,16,1,16,800,-19.6,813.5,3,59,80,444
2017,16,1,16,900,-20.5,813.9,2.5,65,78,444
2017,16,1,16,1000,-19.6,814.1,2.2,55,79,444
2017,16,1,16,1100,-19.4,814.3,2.1,56,77,444
2017,16,1,16,1200,-18.7,814.5,1.7,64,76,444
2017,16,1,16,1300,-18.9,814.6,2.3,111,74,444
2017,16,1,16,1400,-18.9,814.7,3,115,75,444
2017,16,1,16,1500,-17.9,814.7,3.2,104,75,444
2017,16,1,16,1600,-17.9,814.8,3.8,104,74,444
2017,16,1,16,1700,-17.3,814.8,3.9,101,72,444
2017,16,1,16,1800,-16.9,814.8,4.9,110,73,444
2017,16,1,16,1900,-16.4,814.9,4.2,108,71.5,444
2017,16,1,16,2000,-16.3,814.9,3.9,114,73,444
2017,16,1,16,2100,-16.4,814.8,3.8,126,73,444
2017,16,1,16,2200,-16.4,814.6,4.3,128,72,444
2017,16,1,16,2300,-16.4,814.6,4,129,73,444
2017,17,1,17,0,-16.6,814.4,3.9,123,73.5,444
2017,17,1,17,100,-17.1,814.2,2.6,137,72,444
2017,17,1,17,200,-18.2,814,2.8,136,74,444
2017,17,1,17,300,-20.5,813.6,2.3,140,76.3,444
2017,17,1,17,400,-21.1,813.3,3.8,128,74,444
2017,17,1,17,500,-21.8,813,3.9,126,74,444
2017,17,1,17,600,-23.2,813,3.7,121,75,444
2017,17,1,17,700,-23.9,812.9,2.7,129,72,444
2017,17,1,17,800,-24.5,812.7,3.2,127,71.1,444
2017,17,1,17,900,-24.2,812.6,3,133,71,444
2017,17,1,17,1000,-24.3,812.3,2.8,128,71,444
2017,17,1,17,1100,-23.2,812.2,3.5,134,70,444
2017,17,1,17,1200,-22,812,3.1,142,69,444
2017,17,1,17,1300,-21.7,811.4,4.5,124,67,444
2017,17,1,17,1400,-21.2,811,5.3,122,68,444
2017,17,1,17,1500,-20.4,810.6,5.8,123,69,444
2017,17,1,17,1600,-19.6,810.4,4.3,106,68,444
2017,17,1,17,1700,-18.8,810.3,3.6,100,68,444
2017,17,1,17,1800,-18.2,810,3.3,95,69,444
2017,17,1,17,1900,-17.8,809.9,2.6,74,70.3,444
2017,17,1,17,2000,-16.9,809.9,2,60,71,444
2017,17,1,17,2100,-17,809.8,2.7,53,72,444
2017,17,1,17,2200,-16.8,809.7,1.9,71,72,444
2017,17,1,17,2300,-17,809.6,2.5,67,74.1,444
2017,18,1,18,0,-17,809.5,1.7,73,73.5,444
2017,18,1,18,100,-16.8,809.3,2.6,89,75,444
2017,18,1,18,200,-16.2,809.1,3.8,102,73,444
2017,18,1,18,300,-16,808.8,3.7,113,70,444
2017,18,1,18,400,-16.2,808.6,3.9,118,72.7,444
2017,18,1,18,500,-16.6,808.6,3.3,113,73.6,444
2017,18,1,18,600,-16.6,808.3,3.6,116,73,444
2017,18,1,18,700,-16.8,808.2,2.8,119,72,444
2017,18,1,18,800,-16.9,808.2,2.3,123,78,444
2017,18,1,18,900,-16.7,808.1,2.4,104,80.2,444
2017,18,1,18,1000,-16.8,808,3.1,108,81,444
2017,18,1,18,1100,-16.6,807.9,4.1,113,80,444
2017,18,1,18,1200,-16.5,807.9,3,104,79,444
2017,18,1,18,1300,-16.4,807.9,3.9,106,79,444
2017,18,1,18,1400,-16.2,807.7,4.6,101,77.9,444
2017,18,1,18,1500,-15.7,807.8,5,96,76,444
2017,18,1,18,1600,-15.3,807.8,5,95,75.7,444
2017,18,1,18,1700,-15.2,807.7,4.5,102,74,444
2017,18,1,18,1800,-14.9,807.8,4.8,104,74,444
2017,18,1,18,1900,-14.5,808.1,4.7,103,72,444
2017,18,1,18,2000,-14.3,808.3,4.7,108,72,444
2017,18,1,18,2100,-13.9,808.5,3.2,108,70.5,444
2017,18,1,18,2200,-13.7,808.5,4,122,70.6,444
2017,18,1,18,2300,-13.6,808.6,1.8,97,72,444
2017,19,1,19,0,-13.5,808.8,1.1,116,74,444
2017,19,1,19,100,-13.6,808.8,0.9,109,74,444
2017,19,1,19,200,-15.2,809,1.8,128,77.1,444
2017,19,1,19,300,-16.1,809.1,0.1,136,75.4,444
2017,19,1,19,400,444,809.3,0.2,142,77,444
2017,19,1,19,500,444,809.7,0,0,77,444
2017,19,1,19,600,444,809.9,0,0,81,444
2017,19,1,19,700,-20.2,810.2,1.2,73,80.5,444
2017,19,1,19,800,-19.9,810.6,0.5,86,81,444
2017,19,1,19,900,-19.4,811.1,1.4,34,81,444
2017,19,1,19,1000,-19.5,811.4,2.7,21,82,444
2017,19,1,19,1100,-19.9,811.8,2.3,28,81,444
2017,19,1,19,1200,-19.3,812.1,2.5,58,79.8,444
2017,19,1,19,1300,-16.8,812.5,2.4,35,81,444
2017,19,1,19,1400,-16.3,812.7,3.8,32,77.6,444
2017,19,1,19,1500,-17.2,813,1.7,37,76,444
2017,19,1,19,1600,-15.8,813.2,4.7,32,78,444
2017,19,1,19,1700,-15.9,813.6,3,30,80,444
2017,19,1,19,1800,-15.1,813.8,3.5,352,76,444
2017,19,1,19,1900,-15.1,814,4.5,24,76.2,444
2017,19,1,19,2000,-14.6,814.3,3.2,23,75,444
2017,19,1,19,2100,-14.4,814.6,3.4,12,75,444
2017,19,1,19,2200,-14.1,814.7,2.8,17,74,444
2017,19,1,19,2300,-13.9,814.8,2.1,32,73,444
2017,20,1,20,0,-13.7,814.9,1.6,54,73.8,444
2017,20,1,20,100,-13.8,815.1,1.9,53,76,444
2017,20,1,20,200,-14,815.3,2.2,75,81,444
2017,20,1,20,300,-14.2,815.3,2.5,75,82,444
2017,20,1,20,400,-14.3,815.3,2.1,74,83,444
2017,20,1,20,500,-14.5,815.3,2.3,75,83.4,444
2017,20,1,20,600,-14.7,815.4,1.7,74,84,444
2017,20,1,20,700,-14.9,815.5,1.4,70,84,444
2017,20,1,20,800,-15.1,815.6,1.1,80,84,444
2017,20,1,20,900,-15.2,815.8,1,91,84,444
2017,20,1,20,1000,-15.2,815.7,1.7,75,83.7,444
2017,20,1,20,1100,-15.1,815.8,1.3,122,82,444
2017,20,1,20,1200,-15.1,815.8,0.9,89,81.4,444
2017,20,1,20,1300,-15.3,815.6,2.1,40,80,444
2017,20,1,20,1400,-15,815.5,1.6,37,79,444
2017,20,1,20,1500,-14.7,815.3,1.5,89,78.2,444
2017,20,1,20,1600,-14.7,815,2,70,78,444
2017,20,1,20,1700,-15.1,815,2.8,33,72.8,444
2017,20,1,20,1800,-14.7,815.1,2,16,64,444
2017,20,1,20,1900,-14,814.9,1.3,5,66,444
2017,20,1,20,2000,-13.3,814.7,1,2,64.6,444
2017,20,1,20,2100,-13.4,814.5,1.9,13,63,444
2017,20,1,20,2200,-13.8,814.3,2.3,331,62.9,444
2017,20,1,20,2300,444,814,1,301,64,444
2017,21,1,21,0,-14,813.7,1.2,308,73,444
2017,21,1,21,100,-15.5,813.5,1.7,288,77,444
2017,21,1,21,200,-15.6,813.1,1,232,78,444
2017,21,1,21,300,-16.9,812.7,0.6,176,82.2,444
2017,21,1,21,400,-18.2,812.3,0.7,166,84,444
2017,21,1,21,500,-18.2,812.1,0.2,228,86,444
2017,21,1,21,600,-18.9,811.7,0.5,212,83,444
2017,21,1,21,700,-18,811.4,1.3,211,86,444
2017,21,1,21,800,-20.3,811.1,0.5,71,80.6,444
2017,21,1,21,900,-19.3,810.8,0,0,80,444
2017,21,1,21,1000,-19,810.4,0,0,79,444
2017,21,1,21,1100,-18.9,810.1,0.7,13,80,444
2017,21,1,21,1200,-18.3,809.7,0.5,22,78,444
2017,21,1,21,1300,-18.5,809.5,1.6,3,78.6,444
2017,21,1,21,1400,-17.9,809.1,1.8,14,77,444
2017,21,1,21,1500,-17.4,808.7,0.9,2,75,444
2017,21,1,21,1600,-17.1,808.2,1.5,16,73,444
2017,21,1,21,1700,-16.6,807.9,1.4,353,72,444
2017,21,1,21,1800,-16.2,807.5,1.8,335,72,444
2017,21,1,21,1900,-16.1,807.2,1.9,342,73,444
2017,21,1,21,2000,-16,807,2.9,356,76,444
2017,21,1,21,2100,-15.7,806.5,3.7,344,75,444
2017,21,1,21,2200,-15.5,806.6,4.1,318,78,444
2017,21,1,21,2300,-15.3,806.2,4.2,320,78,444
2017,22,1,22,0,-15.2,806.1,4.3,318,81,444
2017,22,1,22,100,-15.3,805.9,3.7,324,80,444
2017,22,1,22,200,-15.4,805.6,3.6,330,79,444
2017,22,1,22,300,-17.2,805.3,3.1,337,81,444
2017,22,1,22,400,-17.4,805.1,3.3,352,82,444
2017,22,1,22,500,-19.5,804.9,2.6,23,79,444
2017,22,1,22,600,-20.5,804.9,2.8,24,80,444
2017,22,1,22,700,-21.6,805.1,2.4,24,79,444
2017,22,1,22,800,-20.5,805.1,2.4,11,80.1,444
2017,22,1,22,900,-20.2,805,3.6,20,80,444
2017,22,1,22,1000,-20,805,3.6,36,79,444
2017,22,1,22,1100,-20.9,805,4.3,44,78,444
2017,22,1,22,1200,-20.3,805.1,4.7,41,79,444
2017,22,1,22,1300,-19.4,805.2,4.8,42,78.4,444
2017,22,1,22,1400,-18.6,805,5.2,50,77,444
2017,22,1,22,1500,-17.9,804.9,5.7,51,77,444
2017,22,1,22,1600,-17.5,805.1,5.8,61,75.4,444
2017,22,1,22,1700,-17.1,805.1,5.3,61,74,444
2017,22,1,22,1800,-16.7,805.2,5.6,69,71,444
2017,22,1,22,1900,-16.3,805.1,6.8,69,68.6,444
2017,22,1,22,2000,-16.4,805.2,7,64,74,444
2017,22,1,22,2100,-15.7,805.2,7.7,66,76,444
2017,22,1,22,2200,-15.8,805.3,8.1,64,77.3,444
2017,22,1,22,2300,-15.7,805.4,8,63,77.8,444
2017,23,1,23,0,-15.9,805.6,8.5,61,77,444
2017,23,1,23,100,-16.4,805.8,7.4,67,78,444
2017,23,1,23,200,-17,806.1,7.9,70,78,444
2017,23,1,23,300,-18,806.2,7.6,75,77.8,444
2017,23,1,23,400,-18.6,806.6,7.5,72,79.4,444
2017,23,1,23,500,-19,806.9,7.6,75,80,444
2017,23,1,23,600,-19.2,807.2,8.6,65,79.5,444
2017,23,1,23,700,-19.6,807.8,7.5,68,80,444
2017,23,1,23,800,-18.7,808.1,8.1,65,80,444
2017,23,1,23,900,-19.9,808.5,6.8,70,79,444
2017,23,1,23,1000,-19.7,809,7,72,80,444
2017,23,1,23,1100,-19.6,809.5,5.6,92,76.2,444
2017,23,1,23,1200,-22.4,809.8,6.1,111,73,444
2017,23,1,23,1300,-22.6,810.1,5.8,111,73,444
2017,23,1,23,1400,-20.5,810.4,6.1,115,73,444
2017,23,1,23,1500,-19.8,810.5,8.3,115,74,444
2017,23,1,23,1600,-19.5,811,8.4,112,72.5,444
2017,23,1,23,1700,-18.6,811.4,7.6,108,68,444
2017,23,1,23,1800,-18,811.5,5.8,118,68,444
2017,23,1,23,1900,-17.1,811.5,6.1,127,69,444
2017,23,1,23,2000,-16.4,811.6,7.1,127,69,444
2017,23,1,23,2100,-16,811.5,7.6,109,71.4,444
2017,23,1,23,2200,-16.6,812,6.5,74,75,444
2017,23,1,23,2300,-17.2,812.4,5,81,75,444
2017,24,1,24,0,-17.2,812.9,3.6,112,74,444
2017,24,1,24,100,-18.2,813,3.1,125,75.2,444
2017,24,1,24,200,-18.8,813,3.9,127,74,444
2017,24,1,24,300,-19.4,813.3,4,121,74,444
2017,24,1,24,400,-18.9,813.5,4.8,120,77,444
2017,24,1,24,500,-19.1,813.6,4.8,129,75,444
2017,24,1,24,600,-20.4,813.9,4.9,128,74,444
2017,24,1,24,700,-21.1,813.9,5.6,128,73,444
2017,24,1,24,800,-22.5,814.2,4.9,132,73,444
2017,24,1,24,900,-22.8,814.3,4.8,132,74,444
2017,24,1,24,1000,-22.1,814.5,5.4,129,75,444
2017,24,1,24,1100,-21.2,814.5,5,140,70,444
2017,24,1,24,1200,-21.3,814.4,6,138,71,444
2017,24,1,24,1300,-20.4,814.5,6.4,136,70,444
2017,24,1,24,1400,-19.2,814.7,6.8,132,70,444
2017,24,1,24,1500,-18.5,814.7,6.6,122,70,444
2017,24,1,24,1600,-17.5,814.8,6.3,120,71,444
2017,24,1,24,1700,-17.2,814.8,6.2,127,69,444
2017,24,1,24,1800,-16.6,814.7,6.5,129,68,444
2017,24,1,24,1900,-16.2,814.6,6.2,129,67.8,444
2017,24,1,24,2000,-15.8,814.6,5.5,127,65,444
2017,24,1,24,2100,-15.7,814.4,4.8,136,66,444
2017,24,1,24,2200,-15.7,814.2,4.7,133,65,444
2017,24,1,24,2300,-16.1,813.7,4.6,144,69,444
2017,25,1,25,0,-16.9,813.4,3.8,131,70,444
2017,25,1,25,100,-18.1,813.1,3.7,133,70,444
2017,25,1,25,200,-19.3,812.8,3.6,129,71,444
2017,25,1,25,300,-20.4,812.5,3.8,127,72,444
2017,25,1,25,400,-21.4,811.9,4.8,128,72,444
2017,25,1,25,500,-21.5,811.8,4.3,126,71,444
2017,25,1,25,600,-22.5,811.6,3.8,120,71,444
2017,25,1,25,700,-24,811.3,2.5,121,70,444
2017,25,1,25,800,-24.2,810.8,5.2,125,70,444
2017,25,1,25,900,-25.2,810.7,4.5,111,70,444
2017,25,1,25,1000,-25.6,810.4,5,118,70,444
2017,25,1,25,1100,-25.9,810.3,4.7,111,70,444
2017,25,1,25,1200,-25.4,809.9,4.8,120,70.4,444
2017,25,1,25,1300,-25,809.8,5.2,117,70,444
2017,25,1,25,1400,-23.9,809.5,5.3,117,70,444
2017,25,1,25,1500,-22.8,809,5.5,114,71,444
2017,25,1,25,1600,-21.6,808.7,5.8,116,72.2,444
2017,25,1,25,1700,-20.3,808.4,5.7,116,72,444
2017,25,1,25,1800,-19.1,808.1,5.7,110,70,444
2017,25,1,25,1900,-18.1,807.9,5.8,105,70,444
2017,25,1,25,2000,-17.5,807.8,5.6,106,70,444
2017,25,1,25,2100,-17,807.5,5,108,71,444
2017,25,1,25,2200,-16.8,807.5,5,108,72,444
2017,25,1,25,2300,-16.9,807.4,4.7,101,74,444
2017,26,1,26,0,-16.6,807.1,4.4,93,74,444
2017,26,1,26,100,-16.4,807.1,3.7,89,74,444
2017,26,1,26,200,-16.6,806.9,4.1,89,73,444
2017,26,1,26,300,-16.4,806.8,4.9,78,69,444
2017,26,1,26,400,-16.7,806.8,5.1,75,71,444
2017,26,1,26,500,-16.9,806.8,5.4,75,76,444
2017,26,1,26,600,-17.3,806.7,5.8,70,77,444
2017,26,1,26,700,-17.7,806.8,4.9,70,78,444
2017,26,1,26,800,-17.8,806.8,4.9,74,79,444
2017,26,1,26,900,-17.9,806.7,5.1,75,79,444
2017,26,1,26,1000,-18.3,806.7,5,76,79,444
2017,26,1,26,1100,-18.9,806.8,3.8,100,77,444
2017,26,1,26,1200,-20,806.8,4.7,112,77,444
2017,26,1,26,1300,-20.1,806.7,4.4,106,77,444
2017,26,1,26,1400,-19.2,806.4,6.1,104,75,444
2017,26,1,26,1500,-18.5,806.3,5.8,108,75,444
2017,26,1,26,1600,-18.5,806.4,6.4,115,75,444
2017,26,1,26,1700,-18.1,806.4,6.3,116,73,444
2017,26,1,26,1800,-17.9,806.3,6.3,114,71,444
2017,26,1,26,1900,-17.2,806.3,6.6,113,69,444
2017,26,1,26,2000,-17.6,806.3,6.7,116,73,444
2017,26,1,26,2100,-17.7,806.5,5.5,118,69.9,444
2017,26,1,26,2200,-17.7,806.5,6.8,123,70,444
2017,26,1,26,2300,-18.1,806.4,6.7,122,70,444
2017,27,1,27,0,-18.6,806.7,5.3,124,72,444
2017,27,1,27,100,-18.5,806.7,6,123,72,444
2017,27,1,27,200,-19.4,806.6,5.9,129,72.2,444
2017,27,1,27,300,-20.5,806.5,6.7,129,70,444
2017,27,1,27,400,-21.7,806.7,5.2,134,71,444
2017,27,1,27,500,-22.9,806.6,6,121,71,444
2017,27,1,27,600,-24,806.6,6.4,125,70,444
2017,27,1,27,700,-24.6,806.7,5.9,125,68.9,444
2017,27,1,27,800,-24.7,806.7,5.6,128,68,444
2017,27,1,27,900,-24.9,806.5,6.3,133,69,444
2017,27,1,27,1000,-25.2,806.4,8.2,128,69,444
2017,27,1,27,1100,-24.9,806.1,9.7,121,70,444
2017,27,1,27,1200,-24.9,806,9.4,130,71,444
2017,27,1,27,1300,-24,806.2,8.3,121,70,444
2017,27,1,27,1400,-23.2,806.1,7.6,127,69,444
2017,27,1,27,1500,-22.3,806,6.8,129,69,444
2017,27,1,27,1600,-21.5,806,6.5,135,69,444
2017,27,1,27,1700,-20.7,805.8,6.2,134,69,444
2017,27,1,27,1800,-19.8,805.7,5.9,135,69,444
2017,27,1,27,1900,-19.4,805.6,6.1,117,69.5,444
2017,27,1,27,2000,-19,805.3,4.7,115,69,444
2017,27,1,27,2100,-18.6,805,3.4,96,69.4,444
2017,27,1,27,2200,-18.2,804.7,4,87,73,444
2017,27,1,27,2300,-17.1,804.3,2.9,62,71,444
2017,28,1,28,0,-16.4,803.9,0.8,91,71,444
2017,28,1,28,100,-16.7,803.7,1.6,66,74,444
2017,28,1,28,200,-16.9,803,1.7,55,76,444
2017,28,1,28,300,-17.1,802.6,0.9,48,78,444
2017,28,1,28,400,-17.4,802,1.3,49,80,444
2017,28,1,28,500,-17.7,801.6,1.5,28,80.2,444
2017,28,1,28,600,-18,801.2,1.4,20,81,444
2017,28,1,28,700,-18.1,800.9,1.2,17,81,444
2017,28,1,28,800,-18.3,800.4,1.3,28,81,444
2017,28,1,28,900,-18.6,799.9,2.7,31,81,444
2017,28,1,28,1000,-18.9,799.3,3.3,27,80.3,444
2017,28,1,28,1100,-19.3,799.1,2.8,15,80,444
2017,28,1,28,1200,-19.5,798.8,2.4,8,80,444
2017,28,1,28,1300,-18.7,798.4,2.5,3,79,444
2017,28,1,28,1400,-18.7,797.9,2.8,9,76.5,444
2017,28,1,28,1500,-18.8,797.7,3.4,4,77.5,444
2017,28,1,28,1600,-18.3,797.3,1.7,300,75,444
2017,28,1,28,1700,-18.3,797.1,1.9,255,73,444
2017,28,1,28,1800,-18.4,797,2.6,200,64,444
2017,28,1,28,1900,-19.5,797,1.9,182,67.5,444
2017,28,1,28,2000,-19.1,796.8,2.1,164,63.6,444
2017,28,1,28,2100,-19.2,796.7,1.9,151,65,444
2017,28,1,28,2200,-19.2,796.7,1.3,124,64.4,444
2017,28,1,28,2300,-19.8,796.7,1.3,149,65,444
2017,29,1,29,0,-21,796.7,1.9,174,68,444
2017,29,1,29,100,-22,796.5,1.2,126,68,444
2017,29,1,29,200,-23.2,796.3,1.5,151,67,444
2017,29,1,29,300,-24.7,796.3,0.9,143,66.3,444
2017,29,1,29,400,-25.5,796.4,1.2,144,70,444
2017,29,1,29,500,-28.1,796.5,1.5,144,74,444
2017,29,1,29,600,-27.6,796.5,1.4,145,72,444
2017,29,1,29,700,-29.3,796.6,1.9,130,70.8,444
2017,29,1,29,800,-28.5,796.7,1,159,69.3,444
2017,29,1,29,900,-28.8,796.9,1.8,149,74,444
2017,29,1,29,1000,-29.1,797,1.7,128,78,444
2017,29,1,29,1100,-27.8,797.2,2.6,123,78,444
2017,29,1,29,1200,-26.6,797.4,3.3,114,76.5,444
2017,29,1,29,1300,-24.7,797.4,3.5,114,75.3,444
2017,29,1,29,1400,-23.4,797.4,3.1,102,74,444
2017,29,1,29,1500,-21.4,797.5,2.4,115,74,444
2017,29,1,29,1600,-20.3,797.6,2.3,93,76,444
2017,29,1,29,1700,-19.3,797.8,1.7,82,73.4,444
2017,29,1,29,1800,-18.7,798,1.6,70,74.6,444
2017,29,1,29,1900,-17.9,798,2.3,47,72.8,444
2017,29,1,29,2000,-17.9,798.3,2.3,32,75,444
2017,29,1,29,2100,-17.3,798.4,2.2,16,73,444
2017,29,1,29,2200,-17.1,798.4,2.2,41,75.7,444
2017,29,1,29,2300,-17.1,798.7,1.8,29,74,444
2017,30,1,30,0,-17.5,798.9,2.1,34,77.6,444
2017,30,1,30,100,-18.1,799.1,1.5,46,78.2,444
2017,30,1,30,200,-18.3,799.1,2.1,52,80,444
2017,30,1,30,300,-18.5,799.1,2,75,81,444
2017,30,1,30,400,-19,799.4,1.6,106,80,444
2017,30,1,30,500,-19.2,799.6,0.8,94,80.6,444
2017,30,1,30,600,-19.8,799.9,2.9,89,81.1,444
2017,30,1,30,700,-20.7,800.1,2.8,86,81,444
2017,30,1,30,800,-21.8,800.5,1.3,89,79,444
2017,30,1,30,900,-22,800.5,2.7,121,78,444
2017,30,1,30,1000,-22,800.4,4.7,106,76.2,444
2017,30,1,30,1100,-22.1,800.5,5,111,75.5,444
2017,30,1,30,1200,-23.1,800.7,4.5,107,75,444
2017,30,1,30,1300,-23.1,800.9,2.6,118,74,444
2017,30,1,30,1400,-21.5,801,3.7,104,72,444
2017,30,1,30,1500,-21,800.7,4.3,106,72.3,444
2017,30,1,30,1600,-21.2,800.3,6.1,122,71,444
2017,30,1,30,1700,-21.4,800.4,7.3,117,71,444
2017,30,1,30,1800,-20.9,800.6,6,114,71,444
2017,30,1,30,1900,-19.8,800.6,5.8,120,70,444
2017,30,1,30,2000,-19.5,800.5,6.2,119,71.1,444
2017,30,1,30,2100,-18.9,800.4,8,108,71,444
2017,30,1,30,2200,-18.9,800.4,7.6,109,72,444
2017,30,1,30,2300,-18.7,800.6,6.8,103,72.9,444
2017,31,1,31,0,-18.9,800.7,4.6,107,73,444
2017,31,1,31,100,-19,800.8,4.5,112,74,444
2017,31,1,31,200,-19.7,800.5,6.2,114,75,444
2017,31,1,31,300,-20.8,800.2,5.5,124,75,444
2017,31,1,31,400,-21.5,800.2,4.7,118,80.3,444
2017,31,1,31,500,-21.5,800.3,6.6,104,78,444
2017,31,1,31,600,-22.6,800.6,5.8,105,76,444
2017,31,1,31,700,-22.4,800.7,7,108,76.1,444
2017,31,1,31,800,-22.5,800.9,6.7,108,76,444
2017,31,1,31,900,-22.2,800.9,6.5,105,76,444
2017,31,1,31,1000,-22.6,800.8,6.7,110,74,444
2017,31,1,31,1100,-22.4,800.9,6.1,108,75,444
2017,31,1,31,1200,-22,800.7,7.4,112,75,444
2017,31,1,31,1300,-21.6,800.7,7.8,112,74,444
2017,31,1,31,1400,-21.1,800.7,8.6,112,75,444
2017,31,1,31,1500,-20.9,800.9,7.9,106,74,444
2017,31,1,31,1600,-20.2,800.9,8.4,112,72,444
2017,31,1,31,1700,-19.4,801.2,7.6,105,72,444
2017,31,1,31,1800,-18.9,801.3,7.2,110,72,444
2017,31,1,31,1900,-18.4,801.6,5.5,111,72,444
2017,31,1,31,2000,-17.8,801.7,6.6,118,73,444
2017,31,1,31,2100,-17.1,801.4,7.3,120,74,444
2017,31,1,31,2200,-16.7,801.4,7.9,113,75,444
2017,31,1,31,2300,-16.4,801.8,6.4,96,76,444