2017,1,1,1,0,-4.3,988.8,5.8,188.6,83.9,-0.1
2017,1,1,1,100,-4,988.8,5.5,179,82.9,0
2017,1,1,1,200,-3.7,988.6,5.1,170.9,80.3,0.2
2017,1,1,1,300,-3.7,988.6,5.1,182.3,82.5,0
2017,1,1,1,400,-3.7,988.6,5.7,177.2,81.2,0.1
2017,1,1,1,500,-3.9,988.4,5.4,179,83,0.1
2017,1,1,1,600,-4.2,988.3,5.5,176,86.6,0.1
2017,1,1,1,700,-4.4,988.5,5.6,171.3,87.8,0.1
2017,1,1,1,800,-5,988.5,6,176.8,88.6,0.1
2017,1,1,1,900,-5.2,988.4,5.7,176.8,90,0.1
2017,1,1,1,1000,-5.4,988.4,5.5,170,91,0.1
2017,1,1,1,1100,-5.3,988.4,4.3,174.5,90.5,0.1
2017,1,1,1,1200,-5.3,988.4,4.2,177.2,90.4,0.1
2017,1,1,1,1300,-5.1,988.2,4.6,175.7,90.7,0.2
2017,1,1,1,1400,-5.5,988,4.6,173.6,90.7,0.1
2017,1,1,1,1500,-5.4,987.8,5,171.7,90.9,0.1
2017,1,1,1,1600,-5.5,987.6,5.7,176.6,91.1,0.1
2017,1,1,1,1700,-5.6,987.7,5.3,182.9,90.6,0
2017,1,1,1,1800,-5.5,987.6,4.9,173.4,90.6,0.1
2017,1,1,1,1900,-5.6,987.5,5.2,181.9,90.7,0
2017,1,1,1,2000,-5.7,987.4,5.9,186,90.2,-0.1
2017,1,1,1,2100,-5.4,987.4,5.6,181.3,89.4,-0.1
2017,1,1,1,2200,-5.3,987.1,5.9,176.8,88,0
2017,1,1,1,2300,-5.2,986.9,5.7,172.3,88.2,0
2017,2,1,2,0,-5.3,986.7,6.4,177.8,87.8,0
2017,2,1,2,100,-5.2,986.4,5.5,174.9,88.3,0
2017,2,1,2,200,-5.4,986.1,6.1,176.1,86.8,0
2017,2,1,2,300,-5.2,985.6,6.5,191.6,86.8,-0.2
2017,2,1,2,400,-6.1,985.3,6.7,191.8,85,-0.1
2017,2,1,2,500,-6.3,985,7.6,188.9,87.7,-0.1
2017,2,1,2,600,-6.7,984.7,7.8,191.7,83.3,-0.1
2017,2,1,2,700,-7,984.3,6.9,193.5,82.3,-0.2
2017,2,1,2,800,-7.3,983.9,7.6,196.8,83.9,-0.1
2017,2,1,2,900,-7.3,983.5,7.3,197.1,84.5,-0.1
2017,2,1,2,1000,-8,982.9,8.2,193.9,84.8,0
2017,2,1,2,1100,-8.6,982.2,6.7,197.1,85.2,0.1
2017,2,1,2,1200,-9.2,981.5,6.7,192,87.1,0.1
2017,2,1,2,1300,-9.8,981,4.5,216.2,88,0.3
2017,2,1,2,1400  -,10.9,980.1,4.2,245.4,84.9,0.1
2017,2,1,2,1500  -,10.5,979.2,4.7,243.7,79.8,0.5
2017,2,1,2,1600  -,10.2,978.3,4.1,244,75,0.1
2017,2,1,2,1700,-9.9,977.6,3.6,260.3,73.5,0.4
2017,2,1,2,1800,-8.4,977,3.1,237.5,69,0.3
2017,2,1,2,1900,-9,975.9,2.8,237.3,73.1,0.7
2017,2,1,2,2000,-8.1,974.9,3.3,253.4,69.6,0.7
2017,2,1,2,2100,-5.7,974,5.4,245.5,66.7,0.2
2017,2,1,2,2200,-3.9,973.1,6.2,239.8,63.2,0.2
2017,2,1,2,2300,-3.4,971.9,6.2,251,64.3,0.3
2017,3,1,3,0,-2.2,970.8,7.4,258.6,61.9,0.6
2017,3,1,3,100,-1.8,970.2,6.7,267.5,67,0.9
2017,3,1,3,200,-0.9,969.2,6.6,261.6,66.4,3.8
2017,3,1,3,300,-0.6,968,9.5,250.3,67.5,4
2017,3,1,3,400,-1.6,967.2,9.2,268.6,83.2,1.5
2017,3,1,3,500,-0.9,967.1,9.5,245.5,80.6,1.1
2017,3,1,3,600,-1.1,966.2,9.9,265.9,85.4,2.3
2017,3,1,3,700,-1,965.9,8.7,272,84.5,3.3
2017,3,1,3,800,-0.9,965.5,9.3,275,73.3,2.6
2017,3,1,3,900,-1.1,965.3,9,272.2,83.5,0.9
2017,3,1,3,1000,-1.2,964.9,9.1,267,89.8,0.8
2017,3,1,3,1100,-1.9,964.8,10,277.2,93.9,0.6
2017,3,1,3,1200,-1.5,965.1,9.7,279.9,96.3,0.7
2017,3,1,3,1300,-1.6,965.1,9.6,278.9,95.2,0.7
2017,3,1,3,1400,-1.7,965.4,10,277.4,97.2,0.6
2017,3,1,3,1500,-1.8,965.6,10.8,278.2,96.9,0.6
2017,3,1,3,1600,-0.9,966.3,4.7,233,98.1,1.3
2017,3,1,3,1700,-1.3,967.2,5.3,278.8,98.3,1.1
2017,3,1,3,1800,-1.8,968,3.4,187,95.6,0.7
2017,3,1,3,1900,-2.3,968.8,4.9,214.7,94.1,0.7
2017,3,1,3,2000,-2.2,969.8,3,243.2,94.8,1.2
2017,3,1,3,2100,-2.3,970.6,3.2,236.6,93.8,3.8
2017,3,1,3,2200,-2,971.4,2.6,249.2,92.6,3.1
2017,3,1,3,2300,-1.6,972,1.7,331.9,92.3,3.2
2017,4,1,4,0,-1.7,972.7,3.6,340.1,92.7,3.1
2017,4,1,4,100,-1.8,973.3,4.9,356.1,92.4,3
2017,4,1,4,200,-1.8,974,5.8,345.7,92.6,3.1
2017,4,1,4,300,-1.8,974.8,5.9,356.3,90.9,3.2
2017,4,1,4,400,-1.8,975.7,5.9,357.4,89.4,3.2
2017,4,1,4,500,-1.5,976.5,6.3,16,88.4,3.3
2017,4,1,4,600,-1.9,977.5,5.9,25.9,89.4,0.5
2017,4,1,4,700,-2.6,978.3,6,23.9,89.4,0.5
2017,4,1,4,800,-5.2,979.4,5,45.2,90.6,0.6
2017,4,1,4,900,-4.4,980.6,4.9,50.4,89.6,0.7
2017,4,1,4,1000,-5.6,981.5,4.8,56.6,91.8,0.4
2017,4,1,4,1100,-5.4,982.8,4.4,66.2,91.9,0.3
2017,4,1,4,1200,-5.3,983.6,4,68.9,91,0.4
2017,4,1,4,1300,-5,984.5,4.3,59.3,91.3,0.3
2017,4,1,4,1400,-4.8,985.5,4.1,65.4,92.2,0.3
2017,4,1,4,1500,-4.8,986.3,4.5,72,92.4,0.3
2017,4,1,4,1600,-3.7,987.3,5,67.7,91.8,0.2
2017,4,1,4,1700,-3.6,988.3,4.9,73.8,90.7,0.2
2017,4,1,4,1800,-3.3,989.3,4.7,68.7,91.8,0.3
2017,4,1,4,1900,-2.7,990.4,5.1,64.4,90,0.4
2017,4,1,4,2000,-2.4,991.4,4.8,63.7,90.8,0.4
2017,4,1,4,2100,-2,992.5,4.6,65.3,89.8,0.5
2017,4,1,4,2200,-1.8,993.5,3.5,75.7,88.6,0.6
2017,4,1,4,2300,-1.3,994.4,3.5,90,87.9,2.5
2017,5,1,5,0,-0.8,995.4,2.9,112.6,89,3.6
2017,5,1,5,100,-0.5,996.1,2.9,145.8,88,3.8
2017,5,1,5,200,-0.5,996.7,3.5,148.6,86.6,3.8
2017,5,1,5,300,-0.7,997.3,3.2,159,87.1,3.5
2017,5,1,5,400,-1.7,997.7,5.2,182.3,92,2.8
2017,5,1,5,500,-2,998.1,4.7,180.1,91.6,2.8
2017,5,1,5,600,-2,998.3,4,178.8,93.4,2.9
2017,5,1,5,700,-2.9,998.6,4,184.2,93.1,2.5
2017,5,1,5,800,-3,998.9,5.7,183.4,94.7,2.7
2017,5,1,5,900,-3,999.2,6.2,177.1,96.2,0.4
2017,5,1,5,1000,-3.2,999.2,6.1,193.8,96.8,0.3
2017,5,1,5,1100,-3.5,999.3,6.5,187.8,95.8,0.3
2017,5,1,5,1200,-3.3,999.2,6.1,179.1,96.1,0.4
2017,5,1,5,1300,-3.5,999.1,5.4,183.5,96.6,0.4
2017,5,1,5,1400,-4.5,999.1,5.8,190.5,95.3,0.3
2017,5,1,5,1500,-4.3,998.8,6.4,187.9,95.2,0.3
2017,5,1,5,1600,-3.8,998.7,5.2,189.9,94.6,0.3
2017,5,1,5,1700,-4.2,998.5,5.8,195.2,94.9,0.3
2017,5,1,5,1800,-4.3,998.2,5.8,189.3,94.3,0.2
2017,5,1,5,1900,-4.5,998.1,5.6,190.5,92.9,0.1
2017,5,1,5,2000,-4.5,997.7,5.6,188.4,93.2,0.1
2017,5,1,5,2100,-4.3,997.4,4.3,175.9,92.1,0.2
2017,5,1,5,2200,-4.1,997,1.8,163.7,91.1,0.3
2017,5,1,5,2300,-3.5,996.6,1.4,199.4,90.9,2
2017,6,1,6,0,-3.5,996.2,0.4,152.6,89.1,3.2
2017,6,1,6,100,-4.4,995.5,3,197.2,90,2.4
2017,6,1,6,200,-4.3,994.8,2,171.4,90.8,2.5
2017,6,1,6,300,-4,994,1.4,134.9,88.1,2.7
2017,6,1,6,400,-4.5,993.6,1.5,67.9,90.8,2.5
2017,6,1,6,500,-4.8,992.8,1.9,10.4,93.5,2.5
2017,6,1,6,600,-4.9,992.3,3.3,354.3,95.5,0.1
2017,6,1,6,700,-4.8,991.8,3.7,5.9,94.8,0.1
2017,6,1,6,800,-5.7,991.3,4.5,4.6,94.7,0.1
2017,6,1,6,900,-6.8,990.7,2.6,26.5,90.8,0.4
2017,6,1,6,1000,-8.1,990.1,3.5,24.1,90.5,0.5
2017,6,1,6,1100,-8.7,989.5,4,25.7,91,0.6
2017,6,1,6,1200,-9.4,989.1,4.2,15.9,92.1,0.3
2017,6,1,6,1300,-8.9,988.5,3.7,22.7,92,0.2
2017,6,1,6,1400,-8.1,987.9,3.3,31.6,92.6,0.4
2017,6,1,6,1500,-9,987.3,3.4,45.5,90,0.5
2017,6,1,6,1600,-9.7,987.1,2.1,56.1,87.9,0.9
2017,6,1,6,1700,-8.6,986.9,2.1,46.3,91.3,0.7
2017,6,1,6,1800,-6.4,986.6,2,53.5,92,0.3
2017,6,1,6,1900,-6.2,986.4,3.4,62.4,92.9,0.3
2017,6,1,6,2000,-5.8,986.4,2.9,32.3,90.7,0.3
2017,6,1,6,2100,-5.2,986.3,2.1,4.3,88.6,0.6
2017,6,1,6,2200,-4.8,986.1,3.2,351.1,89.8,0.4
2017,6,1,6,2300,-3.6,986.1,4.4,328.4,90.8,0.4
2017,7,1,7,0,-2.5,986.1,4.1,311.2,90,2.2
2017,7,1,7,100,-1.1,986.1,4.2,308.1,89,3.5
2017,7,1,7,200,-0.9,986,4.2,316.6,87.9,3.7
2017,7,1,7,300,-0.7,986.1,2.8,292.2,84.1,3.9
2017,7,1,7,400,-1.2,986.3,3.5,298.6,84.5,3.4
2017,7,1,7,500,-2.5,986.5,4.1,323,87.9,2.9
2017,7,1,7,600,-3.2,986.8,3.4,328.4,87,2.8
2017,7,1,7,700,-3.8,987,3.6,334.3,85.2,2.9
2017,7,1,7,800,-4.4,987.1,3.3,321.9,79.3,2.9
2017,7,1,7,900,-5.9,987.7,2.7,321.8,82.3,2.6
2017,7,1,7,1000,-7.1,988.3,2.1,192.5,87.8,1
2017,7,1,7,1100,-6.8,988.8,2.8,165.8,83.7,1
2017,7,1,7,1200,-8.1,989.2,7.8,172.1,90.2,0.3
2017,7,1,7,1300,-7.5,989.7,4.9,173.7,88.7,0.3
2017,7,1,7,1400,-7.6,990.2,6.1,210.1,87.5,0.3
2017,7,1,7,1500,-7.4,990.4,6.7,215.9,89,0.3
2017,7,1,7,1600,-5.3,990.6,5.8,190.2,91.2,0.1
2017,7,1,7,1700,-4.9,990.9,8.3,182.6,94.4,0.1
2017,7,1,7,1800,-4.7,991.6,5.8,166.8,92.4,0.1
2017,7,1,7,1900,-4.8,992.1,6.2,182.2,94,0.1
2017,7,1,7,2000,-4.7,992.2,8.7,207.1,92.4,0.1
2017,7,1,7,2100,-4.8,992.5,10.8,209.7,91.3,0.2
2017,7,1,7,2200,-5.1,992.8,10.6,206.2,90.5,0.1
2017,7,1,7,2300,-5.1,993,11.8,204.2,88.4,0.1
2017,8,1,8,0,-5.2,992.7,12.3,201.9,88.5,0.1
2017,8,1,8,100,-5,992.7,11.7,203,87.5,0
2017,8,1,8,200,-4.9,992.4,12.3,205.6,85.5,0.1
2017,8,1,8,300,-5.2,992.4,12,208.7,88.9,0.1
2017,8,1,8,400,-4.9,992.3,10.9,206.3,90.6,0.1
2017,8,1,8,500,-4.2,992.7,10.4,193,92.1,0.1
2017,8,1,8,600,-4.6,993,10.4,181.2,90.7,0.1
2017,8,1,8,700,-4.5,993.2,11.2,184.9,87.6,0.1
2017,8,1,8,800,-4.5,993.2,10.1,180.1,87.7,0.2
2017,8,1,8,900,-4.6,993.3,10.6,183.7,86.9,0.1
2017,8,1,8,1000,-4.3,993.7,7.7,181.9,89.2,0.1
2017,8,1,8,1100,-4.4,993.8,7.8,175.2,86.8,0.2
2017,8,1,8,1200,-4.4,993.8,6.4,178.7,91.7,0.2
2017,8,1,8,1300,-4.3,993.5,7.3,178.5,89.2,0.2
2017,8,1,8,1400,-4.5,993.3,6,182.1,92.4,0.2
2017,8,1,8,1500,-5.2,993.2,7.8,188.8,93.9,0.1
2017,8,1,8,1600,-5.3,993,6.2,189.4,90.1,0.1
2017,8,1,8,1700,-5.4,993.4,5.7,180.4,86.4,0.2
2017,8,1,8,1800,-6.5,993.1,4,189.2,86.7,-0.1
2017,8,1,8,1900,-7.6,993.1,5.2,195.5,89.2,0
2017,8,1,8,2000,-7,993,3.9,194.8,86.6,-0.2
2017,8,1,8,2100,-5.8,992.9,5.3,188.2,86.3,-0.1
2017,8,1,8,2200,-5.7,992.6,5.7,184.8,77.1,-0.1
2017,8,1,8,2300,-5.1,992.3,7.8,189.6,72,0.1
2017,9,1,9,0,-5,992.2,8.6,207.1,74.5,0.3
2017,9,1,9,100,-5,992.1,7.1,205.8,76.8,0.3
2017,9,1,9,200,-4.5,991.7,6.6,200.6,76.3,0.2
2017,9,1,9,300,-4,991.5,6.9,202.8,74.7,0.8
2017,9,1,9,400,-4.1,991.3,7.2,199.7,75.9,0.2
2017,9,1,9,500,-4.2,991.2,7.5,201,79.3,0.2
2017,9,1,9,600,-4.1,991.1,6.9,209.8,82,0.3
2017,9,1,9,700,-4.6,991.1,6.7,205.6,83.2,0.3
2017,9,1,9,800,-4.5,991.1,6.6,207.9,78.1,0.3
2017,9,1,9,900,-4.8,990.9,7.9,207.2,77,0.3
2017,9,1,9,1000,-5.5,991,7.4,208.3,78.6,0.4
2017,9,1,9,1100,-5.7,990.9,7,199.3,73.9,0.2
2017,9,1,9,1200,-6.6,990.8,7.1,200.4,78.7,0.3
2017,9,1,9,1300,-7.5,990.7,6.8,203.8,79.8,0.3
2017,9,1,9,1400,-8.8,990.7,6.1,201.1,81.8,0.3
2017,9,1,9,1500,-8.6,990.6,6.4,194.6,78.2,0.2
2017,9,1,9,1600,-8.6,990.7,5.1,190.4,79.1,0.2
2017,9,1,9,1700,-8.5,990.8,6.5,193.8,79.6,0.2
2017,9,1,9,1800,-8.6,991,6.2,186.8,78,0.1
2017,9,1,9,1900,-8.4,991,6.4,191.5,77.5,0
2017,9,1,9,2000,-7.9,991.2,6,189.1,77.2,0
2017,9,1,9,2100,-7.4,991.5,5.6,198.6,77.7,0
2017,9,1,9,2200,-6.5,991.8,5.8,199,75.6,0
2017,9,1,9,2300,-5.6,991.8,6.9,196.9,73,0
2017,10,1,10,0,-4.7,991.9,6.6,196.6,71.5,0.7
2017,10,1,10,100,-4.2,992,5.9,199.8,73.2,1.6
2017,10,1,10,200,-3.6,992.1,5.1,203.8,70.4,2.1
2017,10,1,10,300,-3.4,991.9,4.7,195.6,69.5,2.4
2017,10,1,10,400,-3.4,991.6,4.4,223.4,77.2,2.7
2017,10,1,10,500,-4,991.7,5.8,216.6,73.2,2.4
2017,10,1,10,600,-4.2,991.6,6.9,199.5,71,0
2017,10,1,10,700,-4.6,991.9,5.8,178.9,73.5,0.1
2017,10,1,10,800,-5.4,991.9,5.1,197.9,74.7,0.2
2017,10,1,10,900,-6,992.1,5.6,195.6,73.8,0.2
2017,10,1,10,1000,-6.6,992.3,5.2,190.5,72.9,0.2
2017,10,1,10,1100,-7.8,992.3,4.1,181.8,75.8,0.3
2017,10,1,10,1200,-9.8,992.3,3,197.3,80.6,0.7
2017,10,1,10,1300  -,11,992.1,2.6,220.5,81.6,0.7
2017,10,1,10,1400  -,11.4,992.1,2.7,216.5,81.7,1.1
2017,10,1,10,1500  -,11.7,992,2.7,212.9,81.2,0.7
2017,10,1,10,1600  -,12,992.1,2.8,235.9,82.8,0.5
2017,10,1,10,1700  -,10.8,992,3.7,205.2,82.4,0.5
2017,10,1,10,1800,-9.7,992.3,5,189,78.2,0
2017,10,1,10,1900,-8.9,992.2,6,200.4,75.9,0.1
2017,10,1,10,2000,-8.2,992.2,6.3,196.3,72.3,0
2017,10,1,10,2100,-7.4,992.3,7.1,197.2,73.5,0
2017,10,1,10,2200,-6.9,992.1,7.4,206.6,74.8,0.1
2017,10,1,10,2300,-6.2,992.4,8.2,198.2,74.6,0
2017,11,1,11,0,-5.5,992.4,9.4,201.5,72.6,0.1
2017,11,1,11,100,-4.8,992.3,9.1,206.1,71.7,0.2
2017,11,1,11,200,-5.4,992.4,8.6,201.5,77.2,0.1
2017,11,1,11,300,-5.5,992.5,9.1,200.5,75.4,0.1
2017,11,1,11,400,-5.4,992.5,9.2,203.3,76.2,0.1
2017,11,1,11,500,-5.2,992.4,8.6,200.4,76.6,0.1
2017,11,1,11,600,-5.4,992.7,7.3,199.8,80.5,0.1
2017,11,1,11,700,-5.4,993,5.4,204.3,80.7,0.1
2017,11,1,11,800,-5.4,993.3,5.8,186.6,85,0
2017,11,1,11,900,-5.5,993.6,5.1,193.2,87.4,0
2017,11,1,11,1000,-5.7,994,5.1,183.6,88.8,0.1
2017,11,1,11,1100,-5.7,994.3,6.4,180.4,85.6,0.1
2017,11,1,11,1200,-6.3,994.5,5.7,201.8,89.4,0.1
2017,11,1,11,1300,-6,994.7,5.4,193.3,82.5,0.1
2017,11,1,11,1400,-6.5,994.6,5.5,219.7,88.1,0.1
2017,11,1,11,1500,-7.9,994.5,3.9,222,88.8,0.3
2017,11,1,11,1600,-8.5,994.6,5.9,203.6,89.5,0
2017,11,1,11,1700,-8,994.7,6,209.6,88.4,0.1
2017,11,1,11,1800,-8.9,995.1,6.2,206.9,87.7,0
2017,11,1,11,1900,-8.8,995.5,6.5,206.1,88,0
2017,11,1,11,2000,-7.8,995.5,7.3,205.7,88,0
2017,11,1,11,2100,-6.6,995.8,7.6,193.3,88.6,0
2017,11,1,11,2200,-7.1,996.2,7.7,185.3,81.9,-0.1
2017,11,1,11,2300,-7.2,996.5,8,174.5,83.1,0
2017,12,1,12,0,-6.6,996.9,7.4,177.7,80.3,0
2017,12,1,12,100,-6.4,996.9,7.5,187,88.6,-0.1
2017,12,1,12,200,-6.6,996.8,8.6,192.7,87.9,-0.1
2017,12,1,12,300,-6.2,996.6,7.7,191.7,87.7,-0.1
2017,12,1,12,400,-5.4,996.7,7.4,181.1,86.4,-0.1
2017,12,1,12,500,-5.3,996.8,8.2,177.7,85.2,0
2017,12,1,12,600,-5.3,996.8,8.9,180.9,86.2,0
2017,12,1,12,700,-6.1,996.8,7.5,176.7,81.3,0.1
2017,12,1,12,800,-6.2,996.7,6.9,178.8,80.7,0.1
2017,12,1,12,900,-6.2,996.5,7.3,178.7,85.8,0.1
2017,12,1,12,1000,-6.1,996.5,8.2,177.5,83.2,0.1
2017,12,1,12,1100,-5.7,996.5,7.9,180.3,91.8,0.1
2017,12,1,12,1200,-5.9,996.6,8.9,181.6,91.6,0.1
2017,12,1,12,1300,-6.3,996.3,9.3,183.8,91.1,0.1
2017,12,1,12,1400,-6.9,996.2,8.7,183,90.6,0.1
2017,12,1,12,1500,-6.8,996,10.7,184.2,90.1,0.1
2017,12,1,12,1600,-6.7,996.1,11.1,184.5,90.3,0.1
2017,12,1,12,1700,-6.8,995.8,11,186.7,90,0
2017,12,1,12,1800  4,44,444,444,444,444,444
2017,12,1,12,1900,-6.5,995.8,11.8,184.9,89.3,0
2017,12,1,12,2000,-6.1,995.9,11.6,185.5,87,0
2017,12,1,12,2100,-7.6,995.6,12.3,196.8,88.8,0
2017,12,1,12,2200,-7.5,995.7,12.2,196.8,88.6,0
2017,12,1,12,2300,-7.3,995.2,13.4,200.9,88.6,0
2017,13,1,13,0,-7,995.1,15,199.3,89.1,0.1
2017,13,1,13,100,-6.3,994.9,15.2,204.1,89.9,0.1
2017,13,1,13,200,-5,994.8,13.7,202.1,91.8,0.1
2017,13,1,13,0300  4,44,444,444,444,444,444
2017,13,1,13,0400  4,44,444,444,444,444,444
2017,13,1,13,0500  4,44,444,444,444,444,444
2017,13,1,13,0600  4,44,444,444,444,444,444
2017,13,1,13,0700  4,44,444,444,444,444,444
2017,13,1,13,0800  4,44,444,444,444,444,444
2017,13,1,13,0900  4,44,444,444,444,444,444
2017,13,1,13,1000,-4.8,996.9,12.4,193.4,95,0.1
2017,13,1,13,1100,-4.8,996.9,12.1,195.7,94.9,0.1
2017,13,1,13,1200,-5.1,997.3,12.3,194.7,94.7,0.1
2017,13,1,13,1300,-5.4,997.5,12.7,197.3,94,0.1
2017,13,1,13,1400,-5.5,997.3,12.8,197.5,94.1,0.1
2017,13,1,13,1500,-5.4,997.6,12.3,194.5,94.1,0.1
2017,13,1,13,1600,-5.3,997.6,12.5,193.7,93.6,0.1
2017,13,1,13,1700,-5.4,997.9,12.8,193.7,93,0.1
2017,13,1,13,1800,-5.4,998,12.9,197.8,90.8,0.1
2017,13,1,13,1900,-5.5,998.3,12.7,195.1,91.2,0.1
2017,13,1,13,2000,-5.4,998.7,11.7,193.9,91.9,0.1
2017,13,1,13,2100,-5.1,998.7,11.8,192.5,91.5,0
2017,13,1,13,2200,-5,999.1,12.2,189.4,90.9,0
2017,13,1,13,2300,-4.8,999.4,12,188.9,91.1,0
2017,14,1,14,0,-4.5,999.4,12.2,189.6,89.5,0
2017,14,1,14,100,-3.9,999.6,12.8,190.6,87.3,0
2017,14,1,14,200,-4,1000,11.4,193,89.3,0.1
2017,14,1,14,300,-4,1000,11.4,189.5,89.5,0.1
2017,14,1,14,400,-4.2,1000.1,10.9,188.6,90,0
2017,14,1,14,500,-4.3,1000.5,10.8,191.4,92.6,0.1
2017,14,1,14,600,-4.1,1000.3,11.2,196,93.5,0.1
2017,14,1,14,700,-4.3,1000.2,12.9,194.2,93.4,0.1
2017,14,1,14,800,-4.8,1000.5,12.7,196.6,93.8,0.1
2017,14,1,14,900,-5.1,1000.9,11.5,197.8,94.1,0.1
2017,14,1,14,1000,-5.2,1000.8,11.9,197.3,94.3,0.1
2017,14,1,14,1100,-5.1,1001,11.9,202.4,94.5,0.1
2017,14,1,14,1200,-4.8,1000.9,11.4,200,95.1,0.2
2017,14,1,14,1300,-4.6,1000.6,11.5,198.4,95.2,0.2
2017,14,1,14,1400,-4.6,1000.5,11.1,200.2,95.4,0.2
2017,14,1,14,1500,-4.5,1000.5,10.9,200.4,95.4,0.2
2017,14,1,14,1600,-4.3,1000.4,9.8,196.8,95.6,0.1
2017,14,1,14,1700,-4.1,1000.5,9.6,195,95.1,0.1
2017,14,1,14,1800,-3.9,1000.5,8.7,189.9,94.9,0.1
2017,14,1,14,1900,-3.8,1000.6,8.1,189.2,94.5,0.1
2017,14,1,14,2000,-3.5,1000.4,6.6,191.2,94.4,0.1
2017,14,1,14,2100,-2.9,1000.4,6,199.6,93.8,0.3
2017,14,1,14,2200,-2.5,1000.2,6.8,184,92.1,0.4
2017,14,1,14,2300,-2.5,1000.1,6.5,173.9,91.3,0.5
2017,15,1,15,0,-2.3,999.9,5.6,173.4,90.3,0.5
2017,15,1,15,100,-2.2,999.5,5.4,170.8,88.8,0.6
2017,15,1,15,200,-2,999.2,4.6,158.8,87.7,0.7
2017,15,1,15,300,-2.1,998.5,4.4,127.4,82.8,0.6
2017,15,1,15,400,-2.2,998.3,2.2,137.6,84.8,1.8
2017,15,1,15,500,-3,998,2.6,153.9,89.2,0.6
2017,15,1,15,600,-3.2,997.9,0.9,155,89.4,0.5
2017,15,1,15,700,-2.8,997.6,0.3,212.4,89.3,2.4
2017,15,1,15,800,-3.5,997.3,0.5,310.9,89.4,0.4
2017,15,1,15,900,-4.1,996.8,1.3,26.4,91.9,0.3
2017,15,1,15,1000,-4.3,996.4,1.8,319.1,95.2,0.3
2017,15,1,15,1100,-4.1,995.8,2.9,332.2,93.5,0.3
2017,15,1,15,1200,-4.1,995.5,3.4,314.5,94.7,0.3
2017,15,1,15,1300,-4.4,994.8,3,343.2,94.9,0.3
2017,15,1,15,1400,-4.3,994.4,3.4,349.6,96.2,0.3
2017,15,1,15,1500,-4.3,993.9,4.2,0.7,96,0.2
2017,15,1,15,1600,-3.9,993.4,4.5,349.6,95.9,0.2
2017,15,1,15,1700,-3.3,993.3,5.1,325.7,94.1,0.3
2017,15,1,15,1800,-3.5,993.1,3.1,332.2,92.1,0.6
2017,15,1,15,1900,-3.9,993,2.3,308,89.6,1.3
2017,15,1,15,2000,-4.2,992.9,2.5,330.6,89.7,1.6
2017,15,1,15,2100,-4.4,993,4,292,88,0.4
2017,15,1,15,2200,-3.7,993.1,2.7,269.1,87.2,1.4
2017,15,1,15,2300,-2.7,993.4,2.5,262,86.9,2.6
2017,16,1,16,0,-2.2,993.2,1.3,270.8,84.9,2.8
2017,16,1,16,100,-2.2,993.3,1.9,245.7,85.7,2.7
2017,16,1,16,200,-2.6,993.2,3.2,264.3,87.5,2.9
2017,16,1,16,300,-2,993.2,3.1,234.7,68.2,2.9
2017,16,1,16,400,-2.1,993.1,1.8,246.3,69.7,3.2
2017,16,1,16,500,-2.8,993.1,3.1,296.9,88.1,3
2017,16,1,16,600,-3.2,993.4,3,280.9,88.3,2.9
2017,16,1,16,700,-3.6,993.7,2.6,287.8,88.8,3
2017,16,1,16,800,-4.7,993.7,2.6,292.1,90,3.1
2017,16,1,16,900,-5.2,994,2.7,289.3,90.4,3.1
2017,16,1,16,1000,-6.8,994.2,3.1,292.4,89.9,2.7
2017,16,1,16,1100,-7.5,994.5,3.9,286.1,89.2,2.4
2017,16,1,16,1200,-7.6,994.9,2.6,215.7,83.5,1.6
2017,16,1,16,1300,-8,995.1,2.6,231.8,69.7,2.2
2017,16,1,16,1400  4,44,995,1.4,162.1,71.7,0.8
2017,16,1,16,1500,-8,995.1,2,91,70.8,3.4
2017,16,1,16,1600,-9.5,995.3,1.4,341.3,81.6,3.5
2017,16,1,16,1700  4,44,995.6,1,293.5,85.3,0.6
2017,16,1,16,1800  -,11,996,2,135.9,77.4,0.6
2017,16,1,16,1900,-9.9,996.5,1.8,140.5,77.5,0.4
2017,16,1,16,2000,-8.7,997.1,1.4,352.1,77.3,0.4
2017,16,1,16,2100,-6.9,997.4,1.4,28.7,74.8,-0.3
2017,16,1,16,2200  4,44,997.5,1.2,347.1,74.4,2.8
2017,16,1,16,2300  4,44,997.6,0.7,69.2,73.5,2.7
2017,17,1,17,0000  4,44,998,1.4,168.2,78.6,2.7
2017,17,1,17,0100  4,44,998.3,0.6,242.9,76.4,2.2
2017,17,1,17,0200  4,44,998.3,1.2,175,69.4,2.5
2017,17,1,17,0300  4,44,998.3,0.8,206.1,60.2,3.1
2017,17,1,17,0400  4,44,998.1,1.3,223.5,67.6,3.6
2017,17,1,17,500,-4.7,998.4,2.7,185.6,70.5,2.6
2017,17,1,17,600,-5.6,998.5,3.9,162.7,76.8,2.8
2017,17,1,17,700,-7.1,998.8,3.7,148.1,80.3,0.7
2017,17,1,17,800,-7.8,999,2,152,79.9,0.3
2017,17,1,17,900,-8.5,999.3,1.4,141.5,81.3,0.3
2017,17,1,17,1000,-9.1,999.4,1.7,111.8,85.4,0.2
2017,17,1,17,1100  -,10.9,999.5,2.2,117.2,87,0.5
2017,17,1,17,1200  -,12.7,999.8,1.1,145.5,86.7,1.7
2017,17,1,17,1300  -,13.5,999.9,2.2,201.9,91.9,1.3
2017,17,1,17,1400  -,14.6,999.7,2,143.8,88.7,0.5
2017,17,1,17,1500  -,14.1,999.5,1.7,139.9,87.1,0.4
2017,17,1,17,1600  -,13.8,999.4,1.5,173.9,86.8,0.7
2017,17,1,17,1700  -,13.6,999.3,1.2,211,86.1,0.1
2017,17,1,17,1800  -,13.7,999.4,2,202.8,85,0.1
2017,17,1,17,1900  -,11.7,999.5,2.9,193.8,82.4,-0.2
2017,17,1,17,2000  -,11.8,999.7,2.7,196.7,82.8,-0.2
2017,17,1,17,2100  -,10.6,999.6,3.6,188.2,78,-0.3
2017,17,1,17,2200,-9.4,999.6,3.6,198.9,75.9,-0.2
2017,17,1,17,2300,-8.3,999.5,4.1,185.7,75.2,-0.2
2017,18,1,18,0,-7.8,999.4,4,155.2,74.5,0
2017,18,1,18,100,-7.4,999.2,4.1,175.4,73.9,0
2017,18,1,18,200,-7,998.9,3.4,187.2,74.1,-0.4
2017,18,1,18,300,-6.4,998.8,3.2,167.5,73.3,0.1
2017,18,1,18,400,-6.1,998.6,2.4,152.4,74.5,0.2
2017,18,1,18,500,-6.2,998.5,2.6,192.8,75.3,-0.2
2017,18,1,18,0600  4,44,998.5,0.8,248.6,76,0.4
2017,18,1,18,0700  4,44,998.4,1.6,242,76.8,2.8
2017,18,1,18,800,-7.1,998.2,2.4,222,79.1,0.5
2017,18,1,18,900,-9,998.1,2.8,217.5,80.2,0.5
2017,18,1,18,1000,-9.7,998.3,1.5,159.5,77.7,0.5
2017,18,1,18,1100  -,10.6,998.1,1.9,157.7,80.8,0.7
2017,18,1,18,1200  -,10.3,997.7,2.9,106.1,80.9,1.4
2017,18,1,18,1300  -,11,997.7,2.8,149.2,82.2,1.4
2017,18,1,18,1400  -,12.9,997.8,0.8,158,80.6,0.1
2017,18,1,18,1500  -,11.7,997.3,1.1,161.6,85.2,1.8
2017,18,1,18,1600  -,14.6,997,2,191.9,82.9,0.1
2017,18,1,18,1700  -,14,996.9,2.3,184.6,88.1,0.3
2017,18,1,18,1800  -,13.9,997.1,2.3,200.7,84.8,0.2
2017,18,1,18,1900  -,13.1,997,1.5,162.9,84.3,-0.1
2017,18,1,18,2000  -,12.6,997.1,1.1,185.2,83.6,-0.2
2017,18,1,18,2100  -,12.7,997.3,1.5,188.3,83.7,-0.5
2017,18,1,18,2200  -,11,997.4,1.9,166,84.2,0
2017,18,1,18,2300  -,10.1,997.3,1.6,158.9,82.9,0.1
2017,19,1,19,0,-9,997.3,2.4,181.1,75.6,-0.3
2017,19,1,19,100,-8.7,997.1,3.2,186.7,75.1,-0.3
2017,19,1,19,200,-8,997,4.2,198.3,68.1,-0.1
2017,19,1,19,300,-7.7,996.9,2.2,171.6,70,0.1
2017,19,1,19,400,-7.8,996.8,2.3,152,73.2,0.1
2017,19,1,19,500,-7.8,996.6,3.2,124.8,72.2,0.1
2017,19,1,19,600,-8.1,996.9,2,106,77.4,0.1
2017,19,1,19,700,-6.9,996.9,0.4,116.7,69.9,0.3
2017,19,1,19,800,-8,997,1.4,249,73.5,0.3
2017,19,1,19,900,-7.7,997.2,0.7,271.4,70,0.5
2017,19,1,19,1000,-8.3,997.3,1.4,26.2,77.9,0.9
2017,19,1,19,1100,-8.8,997.3,0.9,315.5,78.9,0.5
2017,19,1,19,1200,-8.4,997.4,0.7,235.7,77.9,0.7
2017,19,1,19,1300,-9.1,997.5,1.3,189.9,80.8,0.6
2017,19,1,19,1400,-8.3,997.7,0.1,209.5,75.4,0.9
2017,19,1,19,1500,-8.6,997.7,0.2,15.8,74.5,1.3
2017,19,1,19,1600,-8.6,997.7,1.2,26.6,73.6,1.4
2017,19,1,19,1700,-9.3,997.9,2.4,21.4,76.8,0.7
2017,19,1,19,1800,-9.3,998.2,2.3,10.4,76.9,0.4
2017,19,1,19,1900,-8.8,998.4,2,1.7,74.7,0.4
2017,19,1,19,2000,-8.2,998.7,2,346.6,74.2,0.2
2017,19,1,19,2100,-7.6,999,2.5,342.5,78.4,0.4
2017,19,1,19,2200,-7.6,999.3,1.9,324.4,78.5,0.4
2017,19,1,19,2300,-7.2,999.4,2.2,327,77,1
2017,20,1,20,0,-5.5,999.6,1.4,314.6,74.5,1.9
2017,20,1,20,100,-4.9,999.8,1.5,331.7,74.6,2.3
2017,20,1,20,200,-4.3,999.8,1.1,239.8,75.3,2.1
2017,20,1,20,300,-4.7,999.9,1.8,199,76,2.2
2017,20,1,20,400,-5.9,999.7,2.4,166.6,77.6,2.4
2017,20,1,20,500,-5.7,999.8,1.1,143.7,75,2.5
2017,20,1,20,600,-6.1,999.8,1.3,136.8,76,2.5
2017,20,1,20,700,-6.9,999.8,1.2,134.3,74.8,0
2017,20,1,20,800,-7.3,999.9,1.5,32.1,76.7,0.7
2017,20,1,20,900,-7.9,999.9,1.2,33.2,81,1
2017,20,1,20,1000,-8.2,999.9,1.3,335.3,88.4,1.1
2017,20,1,20,1100,-9.5,999.8,1.6,339.3,93.2,1
2017,20,1,20,1200  -,11.5,999.7,2.5,337.3,95.1,2.4
2017,20,1,20,1300  -,13.4,999.3,1.7,347,88.8,0.7
2017,20,1,20,1400  -,12.9,999.1,0.7,343.7,88,0.2
2017,20,1,20,1500  -,12.2,998.7,0.5,342,87.6,0.1
2017,20,1,20,1600  -,11.8,998.3,1.3,6.7,88.2,0
2017,20,1,20,1700  -,11.1,998.1,2.3,5.8,88.1,-0.2
2017,20,1,20,1800  -,10,997.9,1.9,3.2,88.4,-0.2
2017,20,1,20,1900,-9.1,997.5,2,341.2,88,-0.1
2017,20,1,20,2000,-8,997.4,0.3,357.7,87.7,0.9
2017,20,1,20,2100,-7.2,997,0.9,305.3,81.9,1.7
2017,20,1,20,2200,-6.2,996.8,0.9,265.3,83.4,0.1
2017,20,1,20,2300,-5.2,996.3,0.5,16.2,74.1,0.5
2017,21,1,21,0,-4.8,995.7,1,339.6,80.6,0.4
2017,21,1,21,100,-3.9,995.1,2.3,236.6,76.1,2.4
2017,21,1,21,200,-3.4,994.5,4.9,209.8,74.1,2.9
2017,21,1,21,300,-4.2,993.9,3.8,188.1,78.5,2.5
2017,21,1,21,400,-5.1,993.3,3.1,167.1,82.1,0
2017,21,1,21,500,-5.6,993,3.2,141.9,83.6,0.1
2017,21,1,21,600,-5.9,993.1,3.9,155.1,79.9,0
2017,21,1,21,700,-7.5,992.9,3.8,154.1,84.5,0.1
2017,21,1,21,800,-8.9,992.6,3.8,152.4,84.1,0.2
2017,21,1,21,0900  -,11,992.4,3.8,129.4,82.7,0.2
2017,21,1,21,1000  -,12.3,992.2,2,146.6,83.4,0.2
2017,21,1,21,1100  -,13.3,991.8,2,143.4,83.2,0.4
2017,21,1,21,1200  -,14.1,991.4,1.8,145.8,83.9,0.9
2017,21,1,21,1300  -,14.8,990.7,1.1,168,84.2,-0.4
2017,21,1,21,1400  -,16.5,990.1,2.6,214.4,83.9,0.7
2017,21,1,21,1500  -,17,989.4,2.3,181.9,83.9,0.2
2017,21,1,21,1600  -,18.4,988.8,2.3,191.3,85.7,0.5
2017,21,1,21,1700  -,16.7,988.3,2.7,149.5,88.2,0.2
2017,21,1,21,1800  -,15.6,988.1,2,190.2,85.8,0
2017,21,1,21,1900  -,14.9,987.7,2.6,190.1,84.5,-0.2
2017,21,1,21,2000  -,13.9,987.3,2.8,180.3,82,-0.2
2017,21,1,21,2100  -,13.7,986.9,3.1,177,83.3,-0.1
2017,21,1,21,2200  -,12.6,986.4,2.9,176.3,82.2,0
2017,21,1,21,2300  -,12.3,986,2.6,175.9,82.4,-0.1
2017,22,1,22,0000  -,11.5,985.3,2.4,183.3,80.2,-0.3
2017,22,1,22,0100  -,10.8,984.6,2.2,167.9,77.8,0
2017,22,1,22,200,-9.6,983.9,1.4,218.3,76.8,0.1
2017,22,1,22,300,-8.9,983.2,1.9,231.3,77,0.5
2017,22,1,22,400,-8.3,982.6,1.6,228.5,79,2.3
2017,22,1,22,0500  4,44,982.1,1,222.3,75.1,0.2
2017,22,1,22,0600  4,44,981.6,0.1,74.8,66.4,3.1
2017,22,1,22,700,-8.1,981.4,1.5,12.5,79.1,2
2017,22,1,22,800,-9.4,981,2.4,352,82.8,0.3
2017,22,1,22,0900  -,10.5,980.5,2.9,355.3,82.9,0.4
2017,22,1,22,1000  -,11.3,980.1,3,344,82.7,0.7
2017,22,1,22,1100  -,12.4,979.8,2.7,6.3,79.7,0.7
2017,22,1,22,1200  -,13.5,979.3,3.4,17.2,84.2,0.8
2017,22,1,22,1300  -,13.8,978.9,3.1,21.6,77.8,1
2017,22,1,22,1400  -,13.2,978.6,3.8,28.5,73.1,0.7
2017,22,1,22,1500  -,14.7,978.4,2.9,24.5,71.5,0.6
2017,22,1,22,1600  -,14.7,978.1,2.8,33.9,72.9,0.4
2017,22,1,22,1700  -,13.1,977.6,2.8,33.8,83.5,0.6
2017,22,1,22,1800  -,13.3,977.5,3.1,17.6,84.1,0.3
2017,22,1,22,1900  -,13.3,977.5,2.9,356.8,83.2,0.1
2017,22,1,22,2000  -,10.5,977.5,3.2,4.3,84.6,0.2
2017,22,1,22,2100,-9.4,977.5,3.5,15.3,84.9,0.1
2017,22,1,22,2200,-7.8,977.6,1.9,15.7,87.6,0
2017,22,1,22,2300,-6.8,977.8,1.6,41.5,83.6,-0.2
2017,23,1,23,0,-6,978.1,1.5,45.8,81,1.9
2017,23,1,23,100,-4.8,978.3,1.1,39.4,83.4,2.2
2017,23,1,23,0200  4,44,978.5,0.3,248.9,77,3.5
2017,23,1,23,300,-4.4,978.8,1.6,78.4,81.7,3.1
2017,23,1,23,400,-4.1,979.2,1.2,125.5,83,3.2
2017,23,1,23,500,-4.7,979.5,3.1,172.9,84.2,1.8
2017,23,1,23,600,-4.7,979.8,3.8,141.7,78.7,0.3
2017,23,1,23,700,-4.3,981.1,2.3,29.6,79.7,0.4
2017,23,1,23,800,-4.4,981.9,3.1,41.5,69.6,1.1
2017,23,1,23,900,-4.3,982.1,4,77.1,79.8,0.8
2017,23,1,23,1000,-4.7,982.3,6,63.3,87.8,0.4
2017,23,1,23,1100,-8,983.1,5.5,2.4,85.8,0.2
2017,23,1,23,1200,-8.6,984.4,3.6,331.4,84.9,0.6
2017,23,1,23,1300,-5.5,985.3,1.9,37.5,87.2,2
2017,23,1,23,1400,-8.4,985.9,1.1,73.4,85,0.7
2017,23,1,23,1500,-9,987,3.2,320.9,90.6,1.2
2017,23,1,23,1600,-7.9,987.8,3.3,42.4,87.7,1.1
2017,23,1,23,1700,-7.1,988.4,4.2,56.7,83.8,0.6
2017,23,1,23,1800,-8.5,989.1,4.9,50.1,83.5,0.3
2017,23,1,23,1900,-8.5,990,4.2,32.7,85.9,0.6
2017,23,1,23,2000,-5.2,991.1,5.2,9.3,85.1,0.3
2017,23,1,23,2100,-3.3,991.7,4.7,35.3,82.2,0.2
2017,23,1,23,2200,-2.5,992.6,5.8,34.3,77.4,1.1
2017,23,1,23,2300,-1.9,993.1,7,33.1,75.1,3.9
2017,24,1,24,0,-2,993.7,7.2,42.2,78.2,1.3
2017,24,1,24,100,-1.8,994,8.7,40.7,75.3,3.8
2017,24,1,24,200,-1.8,994.3,9.8,36.1,75.7,3.4
2017,24,1,24,300,-1.7,995.1,8.9,30.8,77.5,3.6
2017,24,1,24,400,-1.9,995.6,8.1,27.2,83.6,3.4
2017,24,1,24,500,-2,996.2,6,21.8,84.4,3.4
2017,24,1,24,600,-2.5,996.5,5.4,28,84.5,0.2
2017,24,1,24,700,-2.9,997.3,3.3,29.5,79.8,0.3
2017,24,1,24,800,-6,997.6,4.4,187,81.8,-0.1
2017,24,1,24,900,-7.6,997.6,6,171.5,83.9,0
2017,24,1,24,1000,-7.7,998,4.9,164.6,82.7,0.1
2017,24,1,24,1100,-8,998.2,4.2,173.2,83.8,0.1
2017,24,1,24,1200,-9.9,998.8,3.1,181.5,85.1,0.4
2017,24,1,24,1300  -,10.9,999.1,2.6,193.3,83.5,0.6
2017,24,1,24,1400  -,11.3,999.2,1.8,180.5,82.6,0.6
2017,24,1,24,1500  4,44,999.4,0.8,191.4,82.6,-0.3
2017,24,1,24,1600  -,12.7,999.4,1.7,182.1,87.2,0.7
2017,24,1,24,1700  -,12.8,999.5,1.5,193.7,86.4,0.2
2017,24,1,24,1800  -,12.7,999.7,1,158.8,82.6,0.1
2017,24,1,24,1900  4,44,999.8,0.3,263.1,84.4,1.3
2017,24,1,24,2000  -,12.3,999.7,1.5,200.1,85.2,-0.5
2017,24,1,24,2100  -,11.7,999.7,1.3,151.7,82.8,0.1
2017,24,1,24,2200  -,10.7,999.6,1.4,114,85.3,0
2017,24,1,24,2300,-9.2,999.3,0.9,53.7,77.4,0
2017,25,1,25,0000  4,44,444,444,444,444,444
2017,25,1,25,100,-8.6,998.7,1.7,175.3,84.5,-0.2
2017,25,1,25,200,-8.4,998.5,2.3,164.9,83.4,0
2017,25,1,25,300,-8.3,998,2.6,124,84.2,0
2017,25,1,25,400,-8.8,997.6,1.9,82.3,88,0.1
2017,25,1,25,500,-9,997.9,2.4,163.1,90.7,0
2017,25,1,25,600,-9.3,997.9,1.7,115.2,93,0
2017,25,1,25,700,-9.6,998,2,153.6,93.4,0
2017,25,1,25,0800  -,10,997.9,0.7,217.4,91.2,0.1
2017,25,1,25,0900  -,11.5,998.3,3,165.4,91.5,0
2017,25,1,25,1000  -,11.7,998.3,1,121.7,86.7,0.4
2017,25,1,25,1100  -,12.3,998.5,0.6,263.7,88.8,1.4
2017,25,1,25,1200  -,14.3,998.5,1.1,294,86.3,1.8
2017,25,1,25,1300  -,16,998.5,2.1,319,83.6,1.2
2017,25,1,25,1400  -,16.2,998.3,1.5,326.2,81.9,0.9
2017,25,1,25,1500  -,15.9,997.9,1.6,343.3,85,1.4
2017,25,1,25,1600  -,16.4,998.3,0.9,283.9,82.9,0.4
2017,25,1,25,1700  -,15.9,998.3,1,326.7,80.5,0.6
2017,25,1,25,1800  -,15.6,998.1,1.3,302.5,82.4,0.3
2017,25,1,25,1900  -,15.1,997.9,2.1,1.6,81.7,0
2017,25,1,25,2000  -,13.2,997.9,2.1,2.4,82.2,0.1
2017,25,1,25,2100  -,11,997.9,2.4,353.1,82.8,0.3
2017,25,1,25,2200,-9.9,998.1,3.3,351.9,77.9,0.1
2017,25,1,25,2300,-8.9,998.2,3,341.9,75.9,0.1
2017,26,1,26,0,-7.8,998.2,2.1,304.6,77.5,0.1
2017,26,1,26,100,-6.4,998.2,1,302.3,74.3,0.6
2017,26,1,26,200,-6,998.3,1.4,338,75.1,1.7
2017,26,1,26,300,-5.5,998.2,1.1,318.2,74.2,2.4
2017,26,1,26,400,-6.5,998.3,1.4,179.5,78.4,1.4
2017,26,1,26,500,-6,998.5,0.4,33.6,74.6,1.6
2017,26,1,26,600,-6.1,998.5,0.9,109.7,81.6,2.3
2017,26,1,26,700,-7.3,998.5,2.4,71.9,77.9,1.1
2017,26,1,26,800,-8.8,998.5,1.9,58.6,76.2,1
2017,26,1,26,0900  -,10.6,998.6,2.5,356.7,77.6,1.2
2017,26,1,26,1000  -,10.4,998.5,2.3,27.7,74.9,1.1
2017,26,1,26,1100  -,12.1,998.5,2.7,30.8,79,1.1
2017,26,1,26,1200  -,13.4,998.4,2,44.6,79.6,1.2
2017,26,1,26,1300  -,13.3,998.3,2.6,44.3,85,1.4
2017,26,1,26,1400  -,13.3,998.2,1.3,73.2,82.7,1.1
2017,26,1,26,1500  -,13.3,997.9,0.5,55.9,82.5,1.6
2017,26,1,26,1600  -,15.1,997.8,2.5,66.6,80.7,0.6
2017,26,1,26,1700  -,15.1,997.9,2.1,66.8,82.6,0.1
2017,26,1,26,1800  -,13,997.8,2.6,70.9,92.6,0.1
2017,26,1,26,1900  -,10.1,998,0.9,12.3,92.2,0
2017,26,1,26,2000,-9.9,998,0.8,350.2,90.3,0.1
2017,26,1,26,2100,-9.2,998,0.8,37,84.4,-0.2
2017,26,1,26,2200,-9,997.8,1,115.5,82.2,0.2
2017,26,1,26,2300,-7.8,998,0.9,90.4,79.3,0.3
2017,27,1,27,0,-7.3,997.9,1.6,85.3,79.8,0.2
2017,27,1,27,100,-6.7,998,1.6,64.8,81.5,0.1
2017,27,1,27,200,-6,997.7,1.7,86.4,79,0.3
2017,27,1,27,300,-5.6,997.4,1.9,71.8,82.4,1.1
2017,27,1,27,400,-5.5,997.2,1.9,127.1,83.7,0.3
2017,27,1,27,500,-5.5,997.5,1.4,127.2,82.6,0.1
2017,27,1,27,600,-6.8,997.5,2.2,146.4,85.7,0.1
2017,27,1,27,700,-7.5,997.6,2.7,147.5,85.8,0.2
2017,27,1,27,800,-8.5,997.8,3.1,145.6,85.6,0.2
2017,27,1,27,900,-9.5,997.7,3.1,134.8,85.1,0.2
2017,27,1,27,1000  -,10.9,997.9,5.1,178.3,90,0
2017,27,1,27,1100  -,11.7,997.7,3.9,164.6,91.3,0.1
2017,27,1,27,1200  -,12.2,997.8,4,166.9,87.8,0.2
2017,27,1,27,1300  -,13.5,998.1,3.6,173.3,87.2,0.2
2017,27,1,27,1400  -,14,998,5.4,174.9,83.8,0.3
2017,27,1,27,1500  -,14.9,998.2,5.6,168.1,83.2,0.3
2017,27,1,27,1600  -,13.2,998.2,5.5,163.6,88.6,0.1
2017,27,1,27,1700  -,11.9,998.2,8.2,171.4,88.7,0.1
2017,27,1,27,1800  -,12,998.3,7.7,173.8,86.7,0.5
2017,27,1,27,1900  -,10.8,998.3,8.9,189.4,87.8,0.4
2017,27,1,27,2000  -,11.2,998.2,9.9,196.5,86.1,0.4
2017,27,1,27,2100  -,12.2,998.1,11.9,184,84,0.2
2017,27,1,27,2200  -,14.8,998.6,10.5,185.6,81.5,0.1
2017,27,1,27,2300  -,13.8,998.4,8.4,193,82.5,0.1
2017,28,1,28,0000  -,12.4,998.1,8.8,197.7,83.8,0.1
2017,28,1,28,0100  -,11.6,997.6,8.6,197.3,83.9,0
2017,28,1,28,0200  -,11.2,997.3,8.8,198.9,83.6,0.1
2017,28,1,28,0300  -,11.5,997,8.7,199.8,83.2,0
2017,28,1,28,0400  -,11.2,996.4,8.1,202.6,82.4,-0.1
2017,28,1,28,0500  -,10.6,996.1,7.3,203.4,80.8,-0.1
2017,28,1,28,0600  -,10.5,995.7,5.6,209.6,78,0
2017,28,1,28,0700  -,10.6,995.5,4.9,213.6,76.6,0.3
2017,28,1,28,0800  -,11,994.9,4.6,204.2,73.8,0.4
2017,28,1,28,0900  -,11.8,994.6,5.3,207.3,71.4,0.4
2017,28,1,28,1000  -,12.2,994,4.3,224,72.6,0.7
2017,28,1,28,1100  -,12,993.5,3.4,230.5,68.7,2
2017,28,1,28,1200  -,14,992.9,2.9,172,75.2,1.7
2017,28,1,28,1300  -,15.1,992.6,1.6,287.8,76.8,1.4
2017,28,1,28,1400  -,16.8,991.9,2,300,87.4,1.6
2017,28,1,28,1500  -,17.6,991.3,2.7,335.3,86.8,1.8
2017,28,1,28,1600  -,18,990.6,2.1,352,84,0.9
2017,28,1,28,1700  -,17.4,990.4,2.1,357.5,82.5,0.9
2017,28,1,28,1800  -,17.9,990.1,1.6,267.8,78.3,0.2
2017,28,1,28,1900  -,17.2,989.8,1.7,313,78.2,0.3
2017,28,1,28,2000  -,16.2,989.2,1.2,288.3,76.8,-0.1
2017,28,1,28,2100  -,14.3,989,0.4,277,74.7,0
2017,28,1,28,2200  -,13.4,988.7,1.1,314.8,74.3,0
2017,28,1,28,2300  -,11.7,988.1,1.7,340.7,71.5,0.1
2017,29,1,29,0000  -,11.1,987.7,2,327.1,68.5,0.2
2017,29,1,29,100,-9.6,987,1.2,4.9,69,-0.1
2017,29,1,29,200,-9.4,986.3,2.2,21.2,72.8,0
2017,29,1,29,300,-8.7,985.5,2.1,45.8,73,0.1
2017,29,1,29,400,-9.2,985,2.8,53,74.1,0.1
2017,29,1,29,500,-9.5,984.5,3.3,33.1,77,0
2017,29,1,29,600,-9.9,983.8,3,42.5,80.3,0.1
2017,29,1,29,0700  -,10.3,983.2,2.2,50.5,81.2,0.2
2017,29,1,29,0800  -,10.2,982.9,1.1,44.6,82.1,0
2017,29,1,29,0900  -,11.6,982.6,2,62.8,84.6,1.3
2017,29,1,29,1000  -,12,982.2,2.4,55.7,89.2,1.9
2017,29,1,29,1100  -,13.3,982.1,3.5,2.8,87.8,1
2017,29,1,29,1200  -,11.5,981.9,3.6,38.6,81.6,2.7
2017,29,1,29,1300  4,44,981.6,2.3,64.5,444,444
2017,29,1,29,1400  -,14.1,981.6,3.4,40.7,88.1,2.2
2017,29,1,29,1500  -,13.2,981.3,3.4,63.4,85.6,2.6
2017,29,1,29,1600  -,13.8,981.1,3,66.9,87,1.5
2017,29,1,29,1700  -,14.5,981.2,3.7,56.1,88.4,0.7
2017,29,1,29,1800  -,14.1,981.3,2.9,25.1,87,0.5
2017,29,1,29,1900  -,15.1,981.5,2.5,28.2,82.9,0.1
2017,29,1,29,2000  -,10.3,981.8,1.4,43.7,77.2,0.1
2017,29,1,29,2100,-9.7,981.7,3.2,71.4,80.9,0.9
2017,29,1,29,2200,-6.3,981.9,3.7,50.5,76.2,0.5
2017,29,1,29,2300,-6.8,982,2.8,7.5,79.3,0.1
2017,30,1,30,0,-6.5,982.2,2.2,357,75.1,0.1
2017,30,1,30,100,-5.6,982.5,3.7,347.2,74.4,0.7
2017,30,1,30,200,-4.4,982.8,2.6,342.2,74.4,0.5
2017,30,1,30,300,-4.3,983.2,1.9,327,72.3,0.2
2017,30,1,30,0400  4,44,983.6,1.2,235,71.8,3.6
2017,30,1,30,0500  4,44,984.1,0.4,148.6,67,4.1
2017,30,1,30,600,-6.4,984.8,2.5,163.4,77.4,2.3
2017,30,1,30,700,-6.4,985.4,1.6,100.6,76.4,0.6
2017,30,1,30,800,-8.4,986.1,2,164.9,81.3,0.5
2017,30,1,30,900,-9.2,986.4,3.4,157.2,80.5,0.7
2017,30,1,30,1000  -,11.1,986.8,3.7,169.2,77,0.4
2017,30,1,30,1100  -,12.4,987.4,3.4,158.1,74.6,0.5
2017,30,1,30,1200  -,13.4,987.9,2.8,136.2,75.1,1.2
2017,30,1,30,1300  -,15.5,988.6,2.3,136.4,77.2,0.8
2017,30,1,30,1400  -,16.5,989,2.6,156.4,77.9,0.7
2017,30,1,30,1500  -,16.5,989.4,3.6,158,80.9,0.7
2017,30,1,30,1600  -,16.8,989.9,2.9,158.5,77.2,0.4
2017,30,1,30,1700  -,17.1,990.3,2.8,166.8,76.4,0.3
2017,30,1,30,1800  -,17,990.9,2.9,173.3,76,0.2
2017,30,1,30,1900  -,16.2,991.4,4.2,164,77.3,0.1
2017,30,1,30,2000  -,15.3,991.8,5.1,169,78.7,0.1
2017,30,1,30,2100  -,15.1,992.5,5.1,177.2,80,0
2017,30,1,30,2200  -,14.9,993.2,5.5,164.3,77,0
2017,30,1,30,2300  -,14.7,993.8,5.1,159.5,75.8,0
2017,31,1,31,0000  -,14.1,994.3,6.1,168.6,76.7,0
2017,31,1,31,0100  -,13.6,994.5,7.5,179.9,77.4,-0.1
2017,31,1,31,0200  -,13.6,994.6,7.8,181.6,77.3,-0.2
2017,31,1,31,0300  -,14,994.7,8.9,177.7,77.1,-0.1
2017,31,1,31,0400  -,14.1,995.1,8.6,173.5,77.2,0
2017,31,1,31,0500  -,15,995.7,7.8,167.7,76.3,0
2017,31,1,31,0600  -,16,995.9,8.3,166.8,74.8,0
2017,31,1,31,0700  -,15.9,996.1,8.3,173.5,76.8,0
2017,31,1,31,0800  -,16,996.5,7,179.1,76.2,0.1
2017,31,1,31,0900  -,16.4,996.8,6.8,182.2,77.5,0.1
2017,31,1,31,1000  -,17.1,996.9,6.2,186,78.3,0.1
2017,31,1,31,1100  -,17.5,997.2,6.4,186.1,78.1,0
2017,31,1,31,1200  -,17.5,997.2,5.9,184.9,78.6,0.3
2017,31,1,31,1300  -,18,997.3,6.5,177,80.2,0.2
2017,31,1,31,1400  -,18.9,997.4,5.9,168.8,79.7,0.2
2017,31,1,31,1500  -,19.7,997.6,4.6,155.1,79.6,0.2
2017,31,1,31,1600  -,21.1,997.9,4.7,160.2,77.4,0.1
2017,31,1,31,1700  -,21.1,998.1,1.5,178.4,76.7,0
2017,31,1,31,1800  -,20.5,998.2,3.7,180.7,76.5,0
2017,31,1,31,1900  -,20.5,998.4,4.7,177.5,76.4,0
2017,31,1,31,2000  -,20.2,998.7,3.8,163,75.6,0
2017,31,1,31,2100  -,19.7,998.7,2.9,178.3,75.5,-0.1
2017,31,1,31,2200  -,18.8,999,2.2,192.5,75.6,-0.4
2017,31,1,31,2300  -,17.9,998.8,1.4,187.2,75.8,-0.5