2017,1,1,1,0,-4.1,979.3,6.4,134,73,444
2017,1,1,1,100,-4.1,979.1,6.3,128,72,444
2017,1,1,1,200,-4.2,978.9,6.2,130,73,444
2017,1,1,1,300,-4.5,978.9,6.4,137,74,444
2017,1,1,1,400,-4.3,978.7,5.6,133,74,444
2017,1,1,1,500,-5.1,978.8,5,126,80,444
2017,1,1,1,600,-5.1,978.8,4.5,145,72,444
2017,1,1,1,700,-4.5,979,6.1,138,81,444
2017,1,1,1,800,-4.6,978.9,6.9,144,84,444
2017,1,1,1,900,-4.9,979,6.1,142,86,444
2017,1,1,1,1000,-4.9,979.1,6.4,144,85,444
2017,1,1,1,1100,-5.2,979,6.4,137,86,444
2017,1,1,1,1200,-5.1,978.9,6.4,139,85,444
2017,1,1,1,1300,-5.2,978.7,5.9,141,86,444
2017,1,1,1,1400,-5.2,978.6,6.1,139,84,444
2017,1,1,1,1500,-5,978.5,6,143,82,444
2017,1,1,1,1600,-5.1,978.2,6.3,147,80,444
2017,1,1,1,1700,-5.2,978.3,6.5,138,75,444
2017,1,1,1,1800,-4.6,978,6.5,141,71,444
2017,1,1,1,1900,-4.5,977.9,6.2,146,68,444
2017,1,1,1,2000,-4.2,977.6,6.2,147,69,444
2017,1,1,1,2100,-3.9,977.4,6.2,157,66,444
2017,1,1,1,2200,-3.7,977.2,6.4,152,77,444
2017,1,1,1,2300,-3.5,976.6,7.1,160,61,444
2017,2,1,2,0,-3.9,976.1,7.6,164,67,444
2017,2,1,2,100,-4,975.5,7.5,153,76,444
2017,2,1,2,200,-3.9,974.8,7.7,159,75,444
2017,2,1,2,300,-4.1,974.2,7.5,157,74,444
2017,2,1,2,400,-4.2,973.6,7.4,159,72,444
2017,2,1,2,500,-4.2,972.9,7,162,71,444
2017,2,1,2,600,-4.3,972.2,6.9,168,70,444
2017,2,1,2,700,-5.5,971.6,6.4,168,80,444
2017,2,1,2,800,-5.4,970.6,6.8,175,69,444
2017,2,1,2,900,-5.5,969.9,6.3,176,78,444
2017,2,1,2,1000,-5.6,968.5,6.4,180,86,444
2017,2,1,2,1100,-5.5,967.7,6,178,85,444
2017,2,1,2,1200,-5.3,966.5,6.5,179,86,444
2017,2,1,2,1300,-4.8,965.6,6.4,170,88,444
2017,2,1,2,1400,-4.4,965,5.4,166,86,444
2017,2,1,2,1500,-4.1,963.9,4.1,175,81,444
2017,2,1,2,1600,-3.8,962.9,3.8,168,73,444
2017,2,1,2,1700,-3.3,962.1,3.3,159,72,444
2017,2,1,2,1800,-2.8,961.5,2.7,124,66,444
2017,2,1,2,1900,-1.8,961,1.8,65,68,444
2017,2,1,2,2000,-1.7,960.8,1.7,7,67,444
2017,2,1,2,2100,-1.2,960.3,3,45,73,444
2017,2,1,2,2200,-0.8,959.7,2.1,64,67,444
2017,2,1,2,2300,-0.5,959.4,3.2,360,62,444
2017,3,1,3,0,0,959.1,3.8,66,72,444
2017,3,1,3,100,-0.1,959,3.2,50,82,444
2017,3,1,3,200,0.6,958.4,0.8,12,444,444
2017,3,1,3,300,0.1,957.9,3.2,50,74,444
2017,3,1,3,0400  4,44,957.7,0.1,94,41,444
2017,3,1,3,500,0.4,957.6,0.7,359,61,444
2017,3,1,3,600,-1.1,957.9,3.7,14,86,444
2017,3,1,3,700,-3.6,958.2,2.9,65,89,444
2017,3,1,3,800,-3.5,958.4,1.9,69,68,444
2017,3,1,3,900,-5.1,958.8,1.5,62,83,444
2017,3,1,3,1000,-3.9,959.2,3.4,359,86,444
2017,3,1,3,1100,-2.3,959.7,3.6,352,85,444
2017,3,1,3,1200,-3.5,960.6,5,314,91,444
2017,3,1,3,1300,-4.7,962,5.7,321,89,444
2017,3,1,3,1400,-4.5,963,4.5,334,92,444
2017,3,1,3,1500,-4.1,963.8,7,336,90,444
2017,3,1,3,1600,-4,964.7,4.2,2,86,444
2017,3,1,3,1700,-3.3,965.4,5.4,33,89,444
2017,3,1,3,1800,-1.8,965.8,7.9,4,88,444
2017,3,1,3,1900,-0.9,966.8,8.1,1,86,444
2017,3,1,3,2000,-1,967.8,7.7,345,86,444
2017,3,1,3,2100,-1,969.2,9.1,336,83,444
2017,3,1,3,2200,-1.3,970.8,11.6,327,87,444
2017,3,1,3,2300,-1,972.5,12.6,320,85,444
2017,4,1,4,0,-0.7,974.1,13.3,320,83,444
2017,4,1,4,100,-1.2,976.6,13.2,308,84,444
2017,4,1,4,200,-0.9,978.4,10.3,321,80,444
2017,4,1,4,300,-1.1,980.3,8.4,331,77,444
2017,4,1,4,400,-1.3,981.8,7.3,328,77,444
2017,4,1,4,500,-1.6,983.7,5.6,349,444,444
2017,4,1,4,600,-2.5,985.2,5.6,9,81,444
2017,4,1,4,700,-2.8,986.6,5.7,358,83,444
2017,4,1,4,800,-4,988,4.3,5,84,444
2017,4,1,4,900,-4.5,989.1,4,10,87,444
2017,4,1,4,1000,-6.1,989.9,3.3,31,444,444
2017,4,1,4,1100,-6.2,990.7,3.4,14,88,444
2017,4,1,4,1200,-7.5,991.5,2.9,38,89,444
2017,4,1,4,1300,-7.8,992.2,3,58,85,444
2017,4,1,4,1400,-7.5,993,3.8,60,82,444
2017,4,1,4,1500,-7.5,993.9,3.6,57,444,444
2017,4,1,4,1600,-7,994.4,3.5,75,65,444
2017,4,1,4,1700,-5.4,994.8,2.6,78,57,444
2017,4,1,4,1800,-4.2,995.2,2.5,102,36,444
2017,4,1,4,1900,-2.9,995.8,2,106,29,444
2017,4,1,4,2000,-2.7,996.2,3.4,124,46,444
2017,4,1,4,2100,-2.2,996.5,4,107,56,444
2017,4,1,4,2200,-2.8,996.8,4.3,102,49,444
2017,4,1,4,2300,-2.2,997,3.3,107,50,444
2017,5,1,5,0,-1.8,997.2,3.2,123,57,444
2017,5,1,5,100,-1.2,997.1,3.5,118,55,444
2017,5,1,5,200,-0.7,996.8,3.5,125,66,444
2017,5,1,5,300,0,996.5,4,92,64,444
2017,5,1,5,400,-0.1,996.3,4,92,66,444
2017,5,1,5,500,-0.2,996.3,3.6,102,66,444
2017,5,1,5,600,-2.4,996.2,6.2,98,83,444
2017,5,1,5,700,-1.8,996,4.1,89,78,444
2017,5,1,5,800,-0.9,995.9,4.2,102,444,444
2017,5,1,5,900,-2.2,995.6,4,113,78,444
2017,5,1,5,1000,-2.7,995.3,3.2,115,81,444
2017,5,1,5,1100,-3.1,995,4,131,88,444
2017,5,1,5,1200,-3.5,994.6,4.9,121,91,444
2017,5,1,5,1300,-4.1,994.2,4.8,140,444,444
2017,5,1,5,1400,-4.9,993.7,4.8,155,90,444
2017,5,1,5,1500,-5.2,993.3,4.2,150,88,444
2017,5,1,5,1600,-5.1,992.7,4.3,149,90,444
2017,5,1,5,1700,-5,992.2,3.8,173,68,444
2017,5,1,5,1800,-5.3,992,3.9,145,444,444
2017,5,1,5,1900,-4.7,991.7,4.8,134,70,444
2017,5,1,5,2000,-4,991.3,4.8,136,68,444
2017,5,1,5,2100,-3.5,990.8,5.1,129,64,444
2017,5,1,5,2200,-2.9,990.3,5,122,60,444
2017,5,1,5,2300,-2.6,990,5.2,132,444,444
2017,6,1,6,0,-2.5,989.6,5.2,138,67,444
2017,6,1,6,100,-2.4,988.9,5.7,130,66,444
2017,6,1,6,200,-2.3,988.3,5.4,126,64,444
2017,6,1,6,300,-2.3,987.8,4.8,132,67,444
2017,6,1,6,400,-2.5,987.4,4.2,141,68,444
2017,6,1,6,500,-3,987,4.2,146,73,444
2017,6,1,6,600,-3.5,986.9,3.8,152,74,444
2017,6,1,6,700,-4.3,986.6,3.7,156,74,444
2017,6,1,6,800,-5.3,986.2,4,154,79,444
2017,6,1,6,900,-6.2,985.9,3.7,157,78,444
2017,6,1,6,1000,-7.1,985.5,3.6,157,80,444
2017,6,1,6,1100,-8.6,985.3,3.4,153,90,444
2017,6,1,6,1200,-8.8,984.9,3.8,149,91,444
2017,6,1,6,1300,-9.3,984.7,3.3,148,89,444
2017,6,1,6,1400,-9.3,984.4,2.6,145,83,444
2017,6,1,6,1500,-9.2,984.2,2.1,144,77,444
2017,6,1,6,1600,-9,984.1,2.3,171,61,444
2017,6,1,6,1700,-8.2,984,2.3,150,63,444
2017,6,1,6,1800,-7.3,983.8,3,153,62,444
2017,6,1,6,1900,-6.4,983.7,3.3,144,64,444
2017,6,1,6,2000,-5.4,983.5,4.4,135,59,444
2017,6,1,6,2100,-4.3,983.7,4.5,133,56,444
2017,6,1,6,2200,-3.9,983.5,4.2,134,57,444
2017,6,1,6,2300,-3.3,983.5,4.9,127,57,444
2017,7,1,7,0,-2.8,983.3,5.4,132,61,444
2017,7,1,7,100,-2.7,983,5.4,130,73,444
2017,7,1,7,200,-2.2,982.8,5.4,128,66,444
2017,7,1,7,300,-1.5,982.8,6,109,65,444
2017,7,1,7,400,-1.5,982.6,6.3,108,59,444
2017,7,1,7,500,-2.1,982.7,5.7,110,66,444
2017,7,1,7,600,-2.7,982.7,6.5,105,65,444
2017,7,1,7,700,-3.3,982.9,6.1,115,74,444
2017,7,1,7,800,-3.9,983,6.3,122,78,444
2017,7,1,7,900,-5.2,983.1,6.7,132,85,444
2017,7,1,7,1000,-5.8,983.3,7.5,121,82,444
2017,7,1,7,1100,-6.6,983.4,4.9,123,83,444
2017,7,1,7,1200,-7,983.6,4.6,123,81,444
2017,7,1,7,1300,-6.9,983.6,4.1,116,77,444
2017,7,1,7,1400,-7.1,983.6,6,128,77,444
2017,7,1,7,1500,-8,983.7,5.3,142,76,444
2017,7,1,7,1600,-7.5,983.6,5.9,134,73,444
2017,7,1,7,1700,-6.7,983.6,6,135,69,444
2017,7,1,7,1800,-6,983.6,5.5,138,66,444
2017,7,1,7,1900,-5,983.5,6.5,133,65,444
2017,7,1,7,2000,-4.4,983.5,7.6,133,67,444
2017,7,1,7,2100,-3.6,983.6,8.2,132,66,444
2017,7,1,7,2200,-3.1,983.6,8.3,134,65,444
2017,7,1,7,2300,-2.9,983.6,8.1,136,65,444
2017,8,1,8,0,-2.9,983.6,8.6,140,68,444
2017,8,1,8,100,-2.9,983.6,8.1,142,69,444
2017,8,1,8,200,-2.9,983.6,8.1,145,70,444
2017,8,1,8,300,-3.2,983.5,7.5,144,71,444
2017,8,1,8,400,-3.5,983.6,7.4,150,75,444
2017,8,1,8,500,-3.9,983.7,7.3,147,78,444
2017,8,1,8,600,-4.5,983.9,6.7,152,78,444
2017,8,1,8,700,-5.2,984,6.3,160,76,444
2017,8,1,8,800,-6,983.8,6.6,161,79,444
2017,8,1,8,900,-6.9,983.8,6.1,161,81,444
2017,8,1,8,1000,-7.5,984,6.2,160,80,444
2017,8,1,8,1100,-8.7,984.1,5.2,162,80,444
2017,8,1,8,1200,-9.9,984.2,4.2,177,77,444
2017,8,1,8,1300  -,10.2,984,4.5,170,76,444
2017,8,1,8,1400  -,10.4,983.7,3.1,175,68,444
2017,8,1,8,1500  -,10.4,983.7,3.5,169,66,444
2017,8,1,8,1600  -,10,983.7,3.7,163,63,444
2017,8,1,8,1700,-9.4,983.8,2.9,160,62,444
2017,8,1,8,1800,-8.9,983.7,3.2,164,55,444
2017,8,1,8,1900,-8.1,983.6,3.2,162,54,444
2017,8,1,8,2000,-7.3,983.5,3.8,154,59,444
2017,8,1,8,2100,-6.3,983.5,3.6,159,53,444
2017,8,1,8,2200,-5.9,983.5,4.3,167,49,444
2017,8,1,8,2300,-5.3,983.6,4.2,160,52,444
2017,9,1,9,0,-5.2,983.5,4.2,160,49,444
2017,9,1,9,100,-5.8,983.2,4.3,168,53,444
2017,9,1,9,200,-6.9,983.2,4.1,170,62,444
2017,9,1,9,300,-6.9,983,4.3,158,66,444
2017,9,1,9,400,-7.1,982.9,4,172,76,444
2017,9,1,9,500,-7.8,983.1,3.2,149,83,444
2017,9,1,9,600,-7.8,983.1,3.6,159,84,444
2017,9,1,9,700,-8.1,983,2.7,169,79,444
2017,9,1,9,800,-8.3,983.1,2.7,186,86,444
2017,9,1,9,900,-8.8,982.9,3.2,183,88,444
2017,9,1,9,1000,-9.5,983.3,1.5,192,86,444
2017,9,1,9,1100,-9.9,983.4,1.6,184,85,444
2017,9,1,9,1200,-9.8,983.3,1.7,181,87,444
2017,9,1,9,1300,-9.8,983,2.1,209,89,444
2017,9,1,9,1400  -,10.3,983.2,1.2,219,85,444
2017,9,1,9,1500  -,10.1,983.2,1.6,207,82,444
2017,9,1,9,1600  -,10.5,983.3,0.9,244,66,444
2017,9,1,9,1700  -,10.1,983.3,0.8,228,64,444
2017,9,1,9,1800,-9.7,983.3,1.3,220,64,444
2017,9,1,9,1900,-9.9,983.3,1,247,64,444
2017,9,1,9,2000,-9.8,983.5,1,270,59,444
2017,9,1,9,2100,-9.1,983.5,1.5,244,56,444
2017,9,1,9,2200,-8.8,983.7,1.6,247,55,444
2017,9,1,9,2300,-7.9,983.8,1.7,247,48,444
2017,10,1,10,0,-7.1,983.8,1.4,249,48,444
2017,10,1,10,100,-6.4,983.6,1.3,245,38,444
2017,10,1,10,200,-6.2,983.6,1.9,260,43,444
2017,10,1,10,300,-6.9,983.6,1.6,262,53,444
2017,10,1,10,400,-7.4,983.8,1.9,277,64,444
2017,10,1,10,500,-7.2,983.9,2.1,265,63,444
2017,10,1,10,600,-7.5,984.2,1.7,266,66,444
2017,10,1,10,700,-7.6,984.3,1.7,276,81,444
2017,10,1,10,800,-7,984.3,0.9,270,82,444
2017,10,1,10,900,-7.2,984.3,1.9,292,86,444
2017,10,1,10,1000,-7.2,984.4,1.9,297,86,444
2017,10,1,10,1100,-7.2,984.7,1.8,302,86,444
2017,10,1,10,1200,-7.2,984.8,2.2,294,88,444
2017,10,1,10,1300,-7.1,984.9,1.9,277,86,444
2017,10,1,10,1400,-6.8,984.8,2.4,238,77,444
2017,10,1,10,1500,-6.8,985.1,1.6,248,71,444
2017,10,1,10,1600,-6.6,985.2,2,219,75,444
2017,10,1,10,1700,-7,985.5,1.2,129,63,444
2017,10,1,10,1800,-6.4,985.8,1.1,7,67,444
2017,10,1,10,1900,-6.2,985.9,1.5,353,68,444
2017,10,1,10,2000,-5.5,986.1,1,15,58,444
2017,10,1,10,2100,-5.3,986.2,1.2,110,41,444
2017,10,1,10,2200,-5.5,986.4,1.9,82,55,444
2017,10,1,10,2300,-5.2,986.6,2.8,64,73,444
2017,11,1,11,0,-4.7,986.8,1.8,78,47,444
2017,11,1,11,100,-4.3,986.9,1.6,109,44,444
2017,11,1,11,200,-4.2,987,2.3,105,52,444
2017,11,1,11,300,-4,987.4,1.9,268,57,444
2017,11,1,11,400,-4.8,987.9,2.9,254,66,444
2017,11,1,11,500,-4,988.1,1.3,217,66,444
2017,11,1,11,600,-4.1,988.4,0.9,120,54,444
2017,11,1,11,700,-4.4,988.8,3.3,13,82,444
2017,11,1,11,800,-4.5,989.3,1.8,19,82,444
2017,11,1,11,900,-4.4,989.6,2.1,36,87,444
2017,11,1,11,1000,-4.6,989.9,2,57,87,444
2017,11,1,11,1100,-4.7,990.3,2.3,78,87,444
2017,11,1,11,1200,-4.6,990.5,3.2,63,85,444
2017,11,1,11,1300,-4.6,990.7,3.7,70,86,444
2017,11,1,11,1400,-4.5,990.8,3.6,67,86,444
2017,11,1,11,1500,-4,991.1,3.6,61,89,444
2017,11,1,11,1600,-3.9,991.4,3.7,68,85,444
2017,11,1,11,1700,-3.2,991.7,3.1,63,81,444
2017,11,1,11,1800,-3.1,991.9,3.3,64,79,444
2017,11,1,11,1900,-2.5,992.1,2.9,75,66,444
2017,11,1,11,2000,-2.4,992.4,3.1,90,64,444
2017,11,1,11,2100,-2,992.5,3.9,84,63,444
2017,11,1,11,2200,-1.6,992.8,3.9,82,58,444
2017,11,1,11,2300,-1.3,993,4.1,83,58,444
2017,12,1,12,0,-1.2,993.2,4,81,59,444
2017,12,1,12,100,-1.1,993.1,4.2,83,60,444
2017,12,1,12,200,-0.8,993,4.8,89,60,444
2017,12,1,12,300,-1.1,993,5,88,63,444
2017,12,1,12,400,-1.5,992.9,5.6,87,72,444
2017,12,1,12,500,-1.7,992.9,6,85,75,444
2017,12,1,12,600,-1.8,993,5.7,87,77,444
2017,12,1,12,700,-1.9,992.9,6.2,94,71,444
2017,12,1,12,800,-2.8,992.8,5.4,97,75,444
2017,12,1,12,900,-2.5,992.8,5,92,78,444
2017,12,1,12,1000,-4.2,992.7,4.2,94,82,444
2017,12,1,12,1100,-4.9,992.8,5.7,92,84,444
2017,12,1,12,1200,-4.4,993,6,88,78,444
2017,12,1,12,1300,-3.6,992.9,6.7,82,82,444
2017,12,1,12,1400,-4.5,992.8,6,93,80,444
2017,12,1,12,1500,-4.5,992.8,6.4,94,82,444
2017,12,1,12,1600,-4.2,992.9,5.2,87,68,444
2017,12,1,12,1700,-3.6,993,5.6,86,70,444
2017,12,1,12,1800,-2.9,993.3,5.3,83,70,444
2017,12,1,12,1900,-3,993.4,6.1,82,72,444
2017,12,1,12,2000,-2.8,993.7,5.8,89,71,444
2017,12,1,12,2100,-1.7,994,5.7,83,68,444
2017,12,1,12,2200,-0.7,994,6.8,60,86,444
2017,12,1,12,2300,-0.8,994.1,7.7,49,88,444
2017,13,1,13,0,-0.9,994.4,7.3,51,89,444
2017,13,1,13,100,-1,994.7,6.4,52,89,444
2017,13,1,13,200,-1.1,994.8,6.1,55,88,444
2017,13,1,13,300,-1.1,994.8,6.2,40,87,444
2017,13,1,13,400,-1.1,995.1,5.9,34,87,444
2017,13,1,13,500,-1.2,995.2,6,32,85,444
2017,13,1,13,600,-1.3,995.4,5,55,86,444
2017,13,1,13,700,-1.3,995.5,5.1,62,86,444
2017,13,1,13,800,-1.5,995.8,4.4,46,88,444
2017,13,1,13,900,-1.7,996,4.7,61,87,444
2017,13,1,13,1000,-1.4,996.3,4.2,69,90,444
2017,13,1,13,1100,-1.9,996.6,3.6,69,85,444
2017,13,1,13,1200,-2.1,996.7,5.7,44,91,444
2017,13,1,13,1300,-2.1,996.7,5,33,91,444
2017,13,1,13,1400,-2.4,996.8,4.2,58,92,444
2017,13,1,13,1500,-2.3,996.8,4.1,66,91,444
2017,13,1,13,1600,-2.2,996.9,3.8,72,78,444
2017,13,1,13,1700,-1.9,996.9,3.2,76,69,444
2017,13,1,13,1800,-2,997.2,3.4,77,71,444
2017,13,1,13,1900,-1.4,997.1,2.5,82,53,444
2017,13,1,13,2000,-1.5,997.3,2.7,59,444,444
2017,13,1,13,2100,-1.2,997.1,2.5,90,51,444
2017,13,1,13,2200,-0.8,997.2,3.2,106,444,444
2017,13,1,13,2300,-1,997,3.7,113,58,444
2017,14,1,14,0,-1,996.5,4.5,129,67,444
2017,14,1,14,100,-1.1,996,4.8,134,73,444
2017,14,1,14,200,-1.1,995.5,5.1,123,65,444
2017,14,1,14,300,-2,995.2,6.2,116,444,444
2017,14,1,14,400,-2.8,994.9,6.6,109,66,444
2017,14,1,14,500,-3,994.5,7.9,110,75,444
2017,14,1,14,600,-3.4,994.4,8.4,112,79,444
2017,14,1,14,700,-3.8,994,8.5,118,79,444
2017,14,1,14,800,-4.3,993.8,8,125,81,444
2017,14,1,14,900,-4.8,993.9,7.4,128,84,444
2017,14,1,14,1000,-5.2,993.7,7.7,127,84,444
2017,14,1,14,1100,-4.7,993.6,7.4,129,82,444
2017,14,1,14,1200,-4.6,993.4,7.7,132,79,444
2017,14,1,14,1300,-7.3,993.3,6.8,138,84,444
2017,14,1,14,1400,-9.3,993.2,6.2,144,82,444
2017,14,1,14,1500,-9,993.1,6.2,141,81,444
2017,14,1,14,1600,-7.9,992.8,6.8,137,76,444
2017,14,1,14,1700,-8.9,992.9,7,139,70,444
2017,14,1,14,1800,-9.2,993,6.7,140,69,444
2017,14,1,14,1900,-9,993,6.7,147,68,444
2017,14,1,14,2000,-8.7,993,6.1,149,444,444
2017,14,1,14,2100,-8.8,993,5.6,160,56,444
2017,14,1,14,2200,-8.2,992.7,4.7,176,48,444
2017,14,1,14,2300,-8.2,992.4,6.4,187,58,444
2017,15,1,15,0,-7.5,991.9,6.4,186,54,444
2017,15,1,15,100,-7.3,991.3,6.8,188,444,444
2017,15,1,15,200,-7.2,991,7.1,185,59,444
2017,15,1,15,300,-7.3,990.6,6.3,183,59,444
2017,15,1,15,400,-7.7,990,6.2,190,64,444
2017,15,1,15,500,-7.9,989.7,5.9,191,67,444
2017,15,1,15,600,-8.4,989.4,4.7,182,62,444
2017,15,1,15,700,-8.9,989.4,4.5,188,66,444
2017,15,1,15,800,-9.9,989.5,4.2,195,71,444
2017,15,1,15,0900  -,11.1,989,4.2,209,74,444
2017,15,1,15,1000  -,12.2,988.9,3.7,212,74,444
2017,15,1,15,1100  -,13,988.8,3.7,217,74,444
2017,15,1,15,1200  -,12.9,988.5,4,212,73,444
2017,15,1,15,1300  -,13.3,988.2,4.5,206,72,444
2017,15,1,15,1400  -,13.7,988.1,4.4,206,72,444
2017,15,1,15,1500  -,13.7,987.8,3.2,217,67,444
2017,15,1,15,1600  -,14,987.7,3,249,53,444
2017,15,1,15,1700  -,13.2,987.7,2.8,253,47,444
2017,15,1,15,1800  -,12.4,987.7,2.5,251,40,444
2017,15,1,15,1900  -,11.2,987.6,2.3,236,41,444
2017,15,1,15,2000  -,10.2,987.6,2.5,237,39,444
2017,15,1,15,2100,-9.2,987.6,1.4,252,32,444
2017,15,1,15,2200,-8.7,987.7,1.6,279,49,444
2017,15,1,15,2300,-8.6,987.9,3,282,61,444
2017,16,1,16,0,-8.6,987.9,4.1,288,69,444
2017,16,1,16,100,-8.5,987.7,4.4,300,70,444
2017,16,1,16,200,-8.5,987.5,5,299,72,444
2017,16,1,16,300,-8.4,987.7,4.3,304,73,444
2017,16,1,16,400,-8.4,987.5,4,295,75,444
2017,16,1,16,500,-8.8,987.4,3.4,295,71,444
2017,16,1,16,600,-9.6,987.6,3.5,310,75,444
2017,16,1,16,0700  -,10.5,987.9,2.8,307,76,444
2017,16,1,16,0800  -,11.6,988.3,2.1,307,76,444
2017,16,1,16,0900  -,13.3,988.3,2.6,303,80,444
2017,16,1,16,1000  -,13.6,988.8,2.9,319,80,444
2017,16,1,16,1100  -,14.7,989.3,2.1,304,84,444
2017,16,1,16,1200  -,15.8,989.6,2.8,321,82,444
2017,16,1,16,1300  4,44,990.1,0.6,216,60,444
2017,16,1,16,1400  -,16.9,990.4,1.2,72,56,444
2017,16,1,16,1500  -,16.5,990.7,0.5,92,52,444
2017,16,1,16,1600  -,15.8,991.1,0.9,138,39,444
2017,16,1,16,1700  -,16.3,991.5,3.3,159,60,444
2017,16,1,16,1800  -,14.8,992,1.5,133,46,444
2017,16,1,16,1900  -,14.2,992.9,2.6,191,59,444
2017,16,1,16,2000  -,13.2,993.3,1.5,130,43,444
2017,16,1,16,2100  -,13.3,993.7,2.7,146,52,444
2017,16,1,16,2200  -,12.2,994.2,2.7,157,57,444
2017,16,1,16,2300  -,11,994.7,2.1,164,43,444
2017,17,1,17,0000  -,10.5,995,1.8,162,36,444
2017,17,1,17,100,-8.8,995.3,1.5,160,44,444
2017,17,1,17,200,-8.9,995.4,1.4,156,35,444
2017,17,1,17,300,-8.6,995.7,1.2,159,32,444
2017,17,1,17,400,-8.8,995.8,1.5,167,34,444
2017,17,1,17,500,-9,996,1,157,38,444
2017,17,1,17,600,-8.7,996.4,0.9,215,44,444
2017,17,1,17,0700  -,10.5,996.6,1.7,175,59,444
2017,17,1,17,0800  -,10,996.6,0.2,151,47,444
2017,17,1,17,0900  -,11.4,997,2.4,167,67,444
2017,17,1,17,1000  -,12.8,996.9,2.5,155,79,444
2017,17,1,17,1100  -,14.4,997,2.5,134,77,444
2017,17,1,17,1200  -,13.9,997.2,0.7,176,63,444
2017,17,1,17,1300  -,15.7,997.2,2,180,73,444
2017,17,1,17,1400  -,15.8,997,1.8,170,63,444
2017,17,1,17,1500  -,15.7,996.9,2,159,64,444
2017,17,1,17,1600  -,15.4,996.7,1.8,174,52,444
2017,17,1,17,1700  -,14.6,996.7,1.1,254,30,444
2017,17,1,17,1800  -,13.6,996.6,1.7,195,48,444
2017,17,1,17,1900  -,11.8,996.7,1.9,199,51,444
2017,17,1,17,2000  -,10.5,996.7,2.1,193,49,444
2017,17,1,17,2100  -,10.1,996.4,2.7,177,42,444
2017,17,1,17,2200,-8.8,996.4,1.7,210,42,444
2017,17,1,17,2300,-8.1,996.2,2.1,216,45,444
2017,18,1,18,0,-8.2,996,3.1,199,52,444
2017,18,1,18,100,-8.1,996,3.7,185,50,444
2017,18,1,18,200,-7.8,995.8,2.6,176,39,444
2017,18,1,18,300,-7.6,995.5,2,185,43,444
2017,18,1,18,400,-7.7,995.4,1.8,241,444,444
2017,18,1,18,500,-8.6,995.2,2.1,220,53,444
2017,18,1,18,600,-9.4,994.9,2.3,229,57,444
2017,18,1,18,0700  -,10.5,994.8,2.3,211,66,444
2017,18,1,18,0800  -,11.3,994.7,2.9,221,70,444
2017,18,1,18,0900  -,12.4,994.5,2.8,223,73,444
2017,18,1,18,1000  -,13.8,994.2,3.2,238,72,444
2017,18,1,18,1100  -,15.4,994.1,3.1,241,70,444
2017,18,1,18,1200  -,16,993.9,1.5,202,68,444
2017,18,1,18,1300  -,16.2,993.8,2.7,226,69,444
2017,18,1,18,1400  -,16.4,993.5,3.2,236,68,444
2017,18,1,18,1500  -,16.4,993.2,2.9,237,60,444
2017,18,1,18,1600  -,15.6,992.9,2.9,235,58,444
2017,18,1,18,1700  -,15.1,992.7,2.4,238,50,444
2017,18,1,18,1800  -,14.6,992.7,2.8,250,47,444
2017,18,1,18,1900  -,13.6,992.8,2.6,252,43,444
2017,18,1,18,2000  -,12.7,992.6,2.9,266,51,444
2017,18,1,18,2100  -,11.8,992.4,3.4,248,39,444
2017,18,1,18,2200  -,11.5,992.3,3.2,246,39,444
2017,18,1,18,2300  -,10.9,992.3,3.6,243,42,444
2017,19,1,19,0000  -,10.4,992.1,3.4,250,42,444
2017,19,1,19,0100  -,10.1,992,4.1,228,58,444
2017,19,1,19,200,-9.8,991.9,4,210,60,444
2017,19,1,19,300,-9.4,991.8,3.3,207,58,444
2017,19,1,19,400,-9.3,991.6,2.6,195,56,444
2017,19,1,19,500,-9.2,991.7,1.5,240,38,444
2017,19,1,19,0600  -,10.2,991.8,2.2,249,46,444
2017,19,1,19,0700  -,11.4,991.8,2.7,238,59,444
2017,19,1,19,0800  -,12.5,991.8,2.3,224,67,444
2017,19,1,19,0900  -,13.7,991.8,3,228,71,444
2017,19,1,19,1000  -,14.6,991.9,2.9,224,75,444
2017,19,1,19,1100  -,16.1,991.9,2.6,233,76,444
2017,19,1,19,1200  -,16.9,992,2.1,242,68,444
2017,19,1,19,1300  -,17.4,992.1,1.9,259,69,444
2017,19,1,19,1400  -,17.9,992.2,1.2,285,444,444
2017,19,1,19,1500  -,18.3,992.1,2.2,270,66,444
2017,19,1,19,1600  -,17.6,992.1,2,267,63,444
2017,19,1,19,1700  -,16.8,992.2,1.5,273,61,444
2017,19,1,19,1800  -,15.8,992.2,1.8,234,44,444
2017,19,1,19,1900  -,14.5,992.4,1.7,255,444,444
2017,19,1,19,2000  -,13.2,992.6,2.3,246,32,444
2017,19,1,19,2100  -,12.3,992.8,2.2,243,33,444
2017,19,1,19,2200  -,11.4,992.9,2.3,263,44,444
2017,19,1,19,2300,-9.8,992.9,2.8,277,60,444
2017,20,1,20,0,-9.4,992.9,3.9,276,67,444
2017,20,1,20,100,-8.2,992.9,4.1,257,59,444
2017,20,1,20,200,-8.3,992.8,4.9,241,66,444
2017,20,1,20,300,-8.2,992.7,4.5,223,70,444
2017,20,1,20,400,-9.1,992.7,5.1,225,73,444
2017,20,1,20,0500  -,10,992.9,4.4,212,79,444
2017,20,1,20,0600  -,10.6,993.1,3.8,227,77,444
2017,20,1,20,0700  -,11,993.4,3.3,202,82,444
2017,20,1,20,0800  -,11.1,993.6,2.6,190,83,444
2017,20,1,20,0900  -,11.8,993.8,1.8,167,83,444
2017,20,1,20,1000  -,12.5,994.2,2,196,89,444
2017,20,1,20,1100  -,13.8,994.5,2.1,200,87,444
2017,20,1,20,1200  -,14.6,994.5,1.5,216,83,444
2017,20,1,20,1300  -,15.2,994.6,1.9,221,84,444
2017,20,1,20,1400  -,16.3,994.6,0.9,246,81,444
2017,20,1,20,1500  -,15.9,994.6,1.3,245,77,444
2017,20,1,20,1600  -,15,994.4,1.5,217,78,444
2017,20,1,20,1700  -,13.4,994.4,0.6,179,61,444
2017,20,1,20,1800  4,44,994.5,0.8,239,52,444
2017,20,1,20,1900  -,13.1,994.5,1.9,238,50,444
2017,20,1,20,2000  -,12.5,994.2,2.5,218,54,444
2017,20,1,20,2100  -,11.8,994.1,2.8,194,53,444
2017,20,1,20,2200  -,10.3,993.9,2.7,204,51,444
2017,20,1,20,2300,-9.8,993.4,3.1,206,55,444
2017,21,1,21,0000  -,10.7,992.9,4,172,46,444
2017,21,1,21,0100  -,11.5,992.4,4.3,167,48,444
2017,21,1,21,0200  -,11.5,992,4.2,157,56,444
2017,21,1,21,0300  -,11.4,991.1,4.1,152,58,444
2017,21,1,21,0400  -,11.6,990.3,4.2,160,55,444
2017,21,1,21,0500  -,11.9,989.2,5.3,163,62,444
2017,21,1,21,0600  -,12.4,988.5,5.3,165,65,444
2017,21,1,21,0700  -,13.1,987.7,5.4,165,69,444
2017,21,1,21,0800  -,13.7,987.1,5.3,163,71,444
2017,21,1,21,0900  -,14.4,986.5,4.7,158,75,444
2017,21,1,21,1000  -,15.6,985.8,4.6,158,77,444
2017,21,1,21,1100  -,16.2,984.9,5.1,161,77,444
2017,21,1,21,1200  -,16.9,983.7,5.3,164,77,444
2017,21,1,21,1300  -,17.3,982.4,5.3,160,76,444
2017,21,1,21,1400  -,17.6,981.4,5.3,162,74,444
2017,21,1,21,1500  -,17.4,980.2,5.8,164,72,444
2017,21,1,21,1600  -,16.9,979.2,6.4,162,69,444
2017,21,1,21,1700  -,16.3,978.3,6.9,163,68,444
2017,21,1,21,1800  -,15.8,977.7,6.1,159,65,444
2017,21,1,21,1900  -,15,977,6.3,161,63,444
2017,21,1,21,2000  -,14.5,976.2,7.6,160,63,444
2017,21,1,21,2100  -,13.7,975.1,7.9,166,59,444
2017,21,1,21,2200  -,12.6,974.3,8.4,166,59,444
2017,21,1,21,2300  -,11.7,973.5,8.5,164,57,444
2017,22,1,22,0000  -,11.7,972.9,8.4,165,58,444
2017,22,1,22,0100  -,11.2,972.4,8.3,166,59,444
2017,22,1,22,0200  -,10.9,971.8,9.1,171,62,444
2017,22,1,22,0300  -,10.9,971.2,9.1,171,62,444
2017,22,1,22,0400  -,10.8,970.7,8.2,165,64,444
2017,22,1,22,0500  -,10.9,970.4,8.3,168,66,444
2017,22,1,22,0600  -,11.3,970.1,7,170,67,444
2017,22,1,22,0700  -,11.7,970.1,6.8,171,70,444
2017,22,1,22,0800  -,12.3,969.8,6.5,174,72,444
2017,22,1,22,0900  -,13.3,969.6,5.7,177,73,444
2017,22,1,22,1000  -,14,969.6,5.1,178,76,444
2017,22,1,22,1100  -,14.4,969.4,6.2,185,78,444
2017,22,1,22,1200  -,15.1,969.3,5.4,184,79,444
2017,22,1,22,1300  -,15.5,969.3,5.4,191,78,444
2017,22,1,22,1400  -,15.7,969.3,5.7,200,78,444
2017,22,1,22,1500  -,15.9,969.5,5.5,200,76,444
2017,22,1,22,1600  -,15.3,969.5,4.5,205,71,444
2017,22,1,22,1700  -,14.6,969.9,3.8,191,64,444
2017,22,1,22,1800  -,13.7,970.7,2.2,201,56,444
2017,22,1,22,1900  -,12.4,971.7,1.4,156,38,444
2017,22,1,22,2000  -,11.9,972.1,1.8,245,30,444
2017,22,1,22,2100  -,11.4,972.4,2.9,255,39,444
2017,22,1,22,2200  -,10.8,973.3,3.9,242,41,444
2017,22,1,22,2300,-9.8,974,3.8,248,41,444
2017,23,1,23,0,-9.3,974.8,4.7,239,48,444
2017,23,1,23,100,-8.6,975.2,4.4,238,46,444
2017,23,1,23,200,-8.2,975.8,3.6,240,42,444
2017,23,1,23,300,-8.1,976.6,3.4,255,43,444
2017,23,1,23,400,-8.4,977.3,3.3,256,47,444
2017,23,1,23,500,-9,978.2,3.5,262,53,444
2017,23,1,23,0600  -,10.2,979.1,4.1,270,63,444
2017,23,1,23,0700  -,11.1,980.2,3.4,263,60,444
2017,23,1,23,0800  -,12,980.9,2.8,280,74,444
2017,23,1,23,0900  -,13.7,981.9,3.8,285,80,444
2017,23,1,23,1000  -,14.7,983,2,268,75,444
2017,23,1,23,1100  -,15.6,984,3.1,322,81,444
2017,23,1,23,1200  -,16.6,985.1,3.6,308,85,444
2017,23,1,23,1300  -,17.6,985.8,2.9,302,83,444
2017,23,1,23,1400  -,17.5,986.7,2.3,306,80,444
2017,23,1,23,1500  -,17.9,987.6,2.9,276,76,444
2017,23,1,23,1600  -,17.6,988.5,2.3,289,71,444
2017,23,1,23,1700  -,17,989.3,2.3,308,71,444
2017,23,1,23,1800  -,16.2,990.2,2.2,292,71,444
2017,23,1,23,1900  -,14.5,990.9,2,328,58,444
2017,23,1,23,2000  -,12.9,991.6,2.9,318,68,444
2017,23,1,23,2100  -,11.2,992.2,2.9,325,63,444
2017,23,1,23,2200  -,10.5,992.8,3.6,322,59,444
2017,23,1,23,2300,-9.3,993.5,3.7,312,61,444
2017,24,1,24,0,-8.3,994.1,4.1,306,62,444
2017,24,1,24,100,-7.8,994.7,3.8,313,66,444
2017,24,1,24,200,-6.7,995.2,4,310,65,444
2017,24,1,24,300,-6.7,995.5,4.1,313,67,444
2017,24,1,24,400,-6.9,995.8,4.3,310,73,444
2017,24,1,24,500,-7.3,996.1,3.9,307,76,444
2017,24,1,24,600,-8,996.5,4,307,81,444
2017,24,1,24,700,-8.7,997,4,300,82,444
2017,24,1,24,800,-9.6,997.6,3.2,267,79,444
2017,24,1,24,0900  -,11.3,998.1,1.5,250,89,444
2017,24,1,24,1000  -,10.6,998.6,2.8,210,93,444
2017,24,1,24,1100  -,10.3,999,1.8,232,91,444
2017,24,1,24,1200  -,10.7,999.5,1.9,202,90,444
2017,24,1,24,1300  -,10.8,999.7,1.2,218,87,444
2017,24,1,24,1400  -,10.7,999.8,1,233,84,444
2017,24,1,24,1500  -,11.5,999.9,1.1,156,82,444
2017,24,1,24,1600  -,11.8,1000,0.5,16,71,444
2017,24,1,24,1700  -,12.5,1000,0.6,46,78,444
2017,24,1,24,1800  -,11.4,1000.2,0.2,39,69,444
2017,24,1,24,1900  -,11.1,999.9,0.9,61,71,444
2017,24,1,24,2000  -,10.5,999.8,0.8,71,56,444
2017,24,1,24,2100  -,10.4,999.6,1.7,65,67,444
2017,24,1,24,2200  -,10,999.2,1.9,67,61,444
2017,24,1,24,2300,-9.6,998.9,1.4,56,66,444
2017,25,1,25,0,-9.3,998.6,1.8,74,55,444
2017,25,1,25,100,-8.9,998.1,1.4,78,45,444
2017,25,1,25,200,-8.8,997.5,1.2,92,43,444
2017,25,1,25,300,-8.8,996.9,1.4,99,51,444
2017,25,1,25,400,-9.2,996,1.8,112,62,444
2017,25,1,25,500,-9.1,995.7,1.6,121,65,444
2017,25,1,25,600,-9.6,995.3,2,116,75,444
2017,25,1,25,0700  -,10.1,994.9,1.8,98,82,444
2017,25,1,25,0800  -,10,994.7,0.9,110,77,444
2017,25,1,25,0900  -,10.6,994.4,1.3,128,83,444
2017,25,1,25,1000  -,10.8,994,2,131,86,444
2017,25,1,25,1100  -,11.4,993.6,1.9,129,88,444
2017,25,1,25,1200  -,11.6,993.4,1.7,138,90,444
2017,25,1,25,1300  -,11.7,993.1,1.6,126,89,444
2017,25,1,25,1400  -,11,992.7,1,115,85,444
2017,25,1,25,1500  -,11.3,991.9,3.3,84,76,444
2017,25,1,25,1600  -,10.6,991.9,0.5,327,75,444
2017,25,1,25,1700  -,10.2,991.8,1.1,268,69,444
2017,25,1,25,1800  -,10.4,991.6,1.3,299,72,444
2017,25,1,25,1900,-9.9,991.1,0.9,303,64,444
2017,25,1,25,2000,-9.4,991,2.3,347,71,444
2017,25,1,25,2100,-9.1,990.8,2.7,344,71,444
2017,25,1,25,2200,-8.6,990.5,3.1,333,72,444
2017,25,1,25,2300,-8,990,5.4,305,83,444
2017,26,1,26,0,-7.3,990,6.1,276,83,444
2017,26,1,26,100,-7.5,990,6.2,261,66,444
2017,26,1,26,200,-8.7,990.1,6.6,258,65,444
2017,26,1,26,300,-8.9,990,6.7,264,72,444
2017,26,1,26,400,-9.8,990.3,7.4,258,75,444
2017,26,1,26,0500  -,10,990.4,7.7,261,78,444
2017,26,1,26,0600  -,10,990.6,8.7,253,80,444
2017,26,1,26,0700  -,10,991.1,8.3,255,83,444
2017,26,1,26,800,-9.4,991.6,7.7,246,85,444
2017,26,1,26,900,-9.6,992.4,6.7,256,85,444
2017,26,1,26,1000,-9.2,992.9,7.9,236,88,444
2017,26,1,26,1100,-9.5,993.5,7.3,262,88,444
2017,26,1,26,1200  -,10.2,994.1,7.5,261,88,444
2017,26,1,26,1300,-9.6,994.4,7.1,230,87,444
2017,26,1,26,1400  -,10.1,994.6,5.6,218,82,444
2017,26,1,26,1500  -,10.8,994.9,5.3,209,82,444
2017,26,1,26,1600  -,10.9,995.3,4.8,213,80,444
2017,26,1,26,1700  -,11.3,995.9,3.3,251,69,444
2017,26,1,26,1800  -,11,996.3,3.2,255,64,444
2017,26,1,26,1900  -,10.9,996.4,3.3,247,59,444
2017,26,1,26,2000  -,11,996.5,3.6,254,62,444
2017,26,1,26,2100  -,10.5,996.7,3.4,235,60,444
2017,26,1,26,2200  -,10.3,997.2,2.7,189,54,444
2017,26,1,26,2300,-9.8,997.5,0.7,188,43,444
2017,27,1,27,0,-9.4,997.5,0.9,115,33,444
2017,27,1,27,100,-9.9,997.6,2,110,41,444
2017,27,1,27,200,-9.4,997.4,0.4,49,34,444
2017,27,1,27,0300  -,10.2,997.2,2.7,133,62,444
2017,27,1,27,0400  -,10.8,996.9,2.2,75,60,444
2017,27,1,27,0500  -,11.2,996.9,3.1,83,65,444
2017,27,1,27,0600  -,11.1,996.7,3.4,112,69,444
2017,27,1,27,0700  -,11.5,996.7,5.8,105,74,444
2017,27,1,27,0800  -,13.5,996.5,3.5,115,68,444
2017,27,1,27,0900  -,12.2,996.2,4.6,101,74,444
2017,27,1,27,1000  -,11.2,996.1,5.1,90,78,444
2017,27,1,27,1100  -,10.9,995.4,5.8,103,78,444
2017,27,1,27,1200  -,10.8,994.6,6.9,101,85,444
2017,27,1,27,1300  -,10.6,993.8,7.4,105,82,444
2017,27,1,27,1400  -,11.3,993.4,8,114,79,444
2017,27,1,27,1500  -,11.7,993.1,8,108,79,444
2017,27,1,27,1600  -,11.8,992.2,9.1,118,79,444
2017,27,1,27,1700  -,12.4,991.7,8.1,122,80,444
2017,27,1,27,1800  -,12.9,991.1,7.6,136,79,444
2017,27,1,27,1900  -,12.7,990.4,8.3,146,75,444
2017,27,1,27,2000  -,12.7,990,8.8,146,79,444
2017,27,1,27,2100  -,12.4,989.4,9.2,146,77,444
2017,27,1,27,2200  -,12.4,988.9,8.8,150,81,444
2017,27,1,27,2300  -,11.5,988.2,9.7,148,74,444
2017,28,1,28,0000  -,11.2,987.8,10.2,146,444,444
2017,28,1,28,0100  -,11.4,987.3,10.2,146,75,444
2017,28,1,28,0200  -,11.8,986.4,10.6,152,74,444
2017,28,1,28,0300  -,12.1,985.8,9.8,152,72,444
2017,28,1,28,0400  -,12.4,985.3,10.2,159,71,444
2017,28,1,28,0500  -,12.8,984.7,9.6,160,444,444
2017,28,1,28,0600  -,13.5,984.4,8.6,166,72,444
2017,28,1,28,0700  -,14.1,983.9,8.2,168,75,444
2017,28,1,28,0800  -,14.4,983.3,7.5,173,77,444
2017,28,1,28,0900  -,15.1,982.8,7.3,178,79,444
2017,28,1,28,1000  -,15.8,982.3,7.2,179,79,444
2017,28,1,28,1100  -,16.6,981.8,6.9,175,79,444
2017,28,1,28,1200  -,17.4,981.7,6.3,173,78,444
2017,28,1,28,1300  -,18,981.4,6.2,176,76,444
2017,28,1,28,1400  -,18.4,981.1,5.6,171,74,444
2017,28,1,28,1500  -,18.9,980.9,5.2,169,72,444
2017,28,1,28,1600  -,19,980.7,3.9,185,65,444
2017,28,1,28,1700  -,18.9,980.6,4.3,189,66,444
2017,28,1,28,1800  -,18.5,980.7,4.1,180,58,444
2017,28,1,28,1900  -,17.8,980.4,3.2,184,54,444
2017,28,1,28,2000  -,17.2,980.4,3.3,198,57,444
2017,28,1,28,2100  -,16.4,980.1,4.5,203,63,444
2017,28,1,28,2200  -,15.1,980.1,5.3,193,64,444
2017,28,1,28,2300  -,13.9,979.8,5.2,200,64,444
2017,29,1,29,0000  -,12.6,979.6,4.4,210,67,444
2017,29,1,29,0100  -,12.2,979.6,4.8,203,70,444
2017,29,1,29,0200  -,11.9,979.4,5,211,72,444
2017,29,1,29,0300  -,12,979.4,5.1,219,444,444
2017,29,1,29,0400  -,12.1,979.3,5.3,219,69,444
2017,29,1,29,0500  -,12.5,979.5,4.8,227,72,444
2017,29,1,29,0600  -,13.2,979.6,4.4,217,73,444
2017,29,1,29,0700  -,13.6,979.8,4.7,237,78,444
2017,29,1,29,0800  -,14,980.1,4.6,242,77,444
2017,29,1,29,0900  -,13.8,980.3,3.9,228,83,444
2017,29,1,29,1000  -,13.5,980.4,3,241,78,444
2017,29,1,29,1100  -,13.5,980.5,3.4,278,82,444
2017,29,1,29,1200  -,14.2,980.8,3.7,267,85,444
2017,29,1,29,1300  -,14.1,980.9,2.4,278,84,444
2017,29,1,29,1400  -,14.2,981,4.2,267,84,444
2017,29,1,29,1500  -,13.9,981,3.8,276,83,444
2017,29,1,29,1600  -,13.6,981.1,3.9,281,80,444
2017,29,1,29,1700  -,14.5,981.5,4.8,280,83,444
2017,29,1,29,1800  -,14.5,981.8,3.8,283,80,444
2017,29,1,29,1900  -,15.2,982.1,5.7,300,84,444
2017,29,1,29,2000  -,16.3,982.7,4.8,319,82,444
2017,29,1,29,2100  -,15.6,983,3.7,312,79,444
2017,29,1,29,2200  -,14.8,983.3,3,332,64,444
2017,29,1,29,2300  -,16,983.6,4.2,325,74,444
2017,30,1,30,0000  -,15.1,983.7,4.1,344,73,444
2017,30,1,30,0100  -,14.2,983.8,4.4,354,444,444
2017,30,1,30,0200  -,13.4,983.9,4.7,3,76,444
2017,30,1,30,0300  -,11.8,983.9,5.1,6,444,444
2017,30,1,30,0400  -,10.9,983.8,5.9,1,81,444
2017,30,1,30,0500  -,10.3,984.3,6.4,341,81,444
2017,30,1,30,600,-9.9,984.7,6.2,335,82,444
2017,30,1,30,700,-9.3,985.2,5,330,87,444
2017,30,1,30,800,-9.2,985.5,5.4,336,87,444
2017,30,1,30,900,-9.5,985.8,4.8,333,88,444
2017,30,1,30,1000,-9.7,986.1,4.2,330,89,444
2017,30,1,30,1100  -,10,986.6,3.7,322,88,444
2017,30,1,30,1200  -,10.7,987,2.1,322,87,444
2017,30,1,30,1300  -,11.4,987.4,3,314,88,444
2017,30,1,30,1400  -,11.2,987.7,3.2,306,89,444
2017,30,1,30,1500  -,10.9,988,2.4,333,85,444
2017,30,1,30,1600  -,10.6,988.2,2,357,84,444
2017,30,1,30,1700  -,10.3,988.6,2.5,328,82,444
2017,30,1,30,1800,-9.3,989,2.4,322,71,444
2017,30,1,30,1900,-9.4,989.2,1.2,276,71,444
2017,30,1,30,2000,-8.2,989.4,0.4,194,444,444
2017,30,1,30,2100,-8.2,990,1.9,334,55,444
2017,30,1,30,2200,-8.3,990.1,2.1,303,53,444
2017,30,1,30,2300,-7.1,990.5,0.8,289,37,444
2017,31,1,31,0,-6.5,990.9,0.2,151,27,444
2017,31,1,31,100,-6.7,990.9,1.1,118,42,444
2017,31,1,31,200,-6.8,990.9,1.1,137,54,444
2017,31,1,31,300,-6.6,990.8,0.7,175,58,444
2017,31,1,31,400,-7.4,990.7,2.9,128,70,444
2017,31,1,31,500,-7.9,991,2.7,105,67,444
2017,31,1,31,600,-8.1,991.2,3.8,104,79,444
2017,31,1,31,700,-9,991.4,4.5,120,82,444
2017,31,1,31,0800  -,12.7,991.4,3.5,106,71,444
2017,31,1,31,0900  -,15.7,991.6,4,134,79,444
2017,31,1,31,1000  -,17,991.8,3.7,126,79,444
2017,31,1,31,1100  -,18.1,991.8,4.4,116,78,444
2017,31,1,31,1200  -,19.6,991.8,4.1,120,77,444
2017,31,1,31,1300  -,20.5,991.8,4.5,120,78,444
2017,31,1,31,1400  -,20.8,991.8,5.2,123,76,444
2017,31,1,31,1500  -,21.2,991.8,6.1,125,75,444
2017,31,1,31,1600  -,21.3,992,4.3,118,67,444
2017,31,1,31,1700  -,21.2,992,4.3,123,66,444
2017,31,1,31,1800  -,20.7,992.2,4.7,120,64,444
2017,31,1,31,1900  -,20.5,992.3,5.4,128,67,444
2017,31,1,31,2000  -,19.6,992.4,4.3,123,58,444
2017,31,1,31,2100  -,19.1,992.5,4.6,129,60,444
2017,31,1,31,2200  -,18.3,992.6,5.1,120,56,444
2017,31,1,31,2300  -,17.5,992.5,4.5,133,58,444