2017,1,1,1,0,-3.7,980.6,3.7,132.2,76.3,-0.6
2017,1,1,1,100,-3.5,980.5,3.2,130.7,76.1,-0.5
2017,1,1,1,200,-2.6,980.3,1.6,145.8,71.2,-0.3
2017,1,1,1,300,-2.1,980.3,1.4,133.6,71,-0.4
2017,1,1,1,400,-2.1,980.3,2.6,131.7,66.2,-0.5
2017,1,1,1,500,-2.7,980.2,3,129.2,75.2,-0.6
2017,1,1,1,600,-2.7,980.2,2.3,136.7,77.8,-0.5
2017,1,1,1,700,-2.9,980.3,2.6,130.7,78.1,-0.5
2017,1,1,1,800,-3.1,980.3,2.6,138.6,79.2,-0.4
2017,1,1,1,900,-3.2,980.3,2.7,131.7,79.1,-0.4
2017,1,1,1,1000,-3.4,980.3,2.6,142.8,73.5,-0.4
2017,1,1,1,1100,-3.5,980.3,1.9,146,76.4,-0.3
2017,1,1,1,1200,-3.8,980.2,2.1,147.5,80,-0.3
2017,1,1,1,1300,-3.9,980,2.8,148.1,78.6,-0.3
2017,1,1,1,1400,-4.1,979.8,3.9,143.7,77.4,-0.3
2017,1,1,1,1500,-4.3,979.7,3.3,137.9,76.6,-0.3
2017,1,1,1,1600,-4.5,979.5,3.8,144.8,82.1,-0.4
2017,1,1,1,1700,-4.8,979.5,3.6,143.9,83.4,-0.4
2017,1,1,1,1800,-4.8,979.5,3.3,152.8,82.2,-0.4
2017,1,1,1,1900,-4.4,979.2,3.7,145.6,81.9,-0.4
2017,1,1,1,2000,-4.8,979.1,3.8,136.8,87.2,-0.5
2017,1,1,1,2100,-4.6,978.9,4.5,143.3,88.4,-0.5
2017,1,1,1,2200,-4.3,978.8,4.9,140.9,86.9,-0.6
2017,1,1,1,2300,-3.9,978.7,3.3,144.3,85.4,-0.4
2017,2,1,2,0,-3.8,978.4,3.8,136.7,86.5,-0.5
2017,2,1,2,100,-3.9,977.9,4.1,144.5,88.8,-0.5
2017,2,1,2,200,-2.9,977.5,3.6,152,86.2,-0.4
2017,2,1,2,300,-1.6,977.2,4.3,160.5,70,-0.5
2017,2,1,2,400,-2.5,977.1,4.6,162.6,82.8,-0.5
2017,2,1,2,500,-1.7,976.7,5.1,155.1,65.4,-0.5
2017,2,1,2,600,-2.9,976.5,4.2,142.9,84.6,-0.5
2017,2,1,2,700,-2.3,976.2,4.6,156.1,65,-0.4
2017,2,1,2,800,-2.6,975.8,3.9,147.6,67.6,-0.4
2017,2,1,2,900,-1.7,975.4,4.7,151.6,57.7,-0.4
2017,2,1,2,1000,-1.9,974.9,4.6,162.6,55.8,-0.4
2017,2,1,2,1100,-2.7,974.5,3.4,156.4,63.4,-0.3
2017,2,1,2,1200,-2.2,974.1,2.2,149.2,55.9,-0.2
2017,2,1,2,1300,-2.1,973.6,2.3,179.1,53.1,-0.3
2017,2,1,2,1400,-1.5,972.9,2.1,163.5,50.3,-0.2
2017,2,1,2,1500,-0.5,972.1,2.1,188.2,48.2,-0.1
2017,2,1,2,1600,-1.1,971.3,2.6,140.9,45.1,-0.3
2017,2,1,2,1700,-1.2,970.8,3.1,136.8,45.1,-0.3
2017,2,1,2,1800,-1.5,970.2,1.9,15.8,41.1,-0.4
2017,2,1,2,1900,-1.1,969.4,2.8,341.5,39.4,-0.3
2017,2,1,2,2000,-0.1,968.3,2.9,297.9,35.9,-0.2
2017,2,1,2,2100,0.5,967.5,2.9,279.4,32,-0.2
2017,2,1,2,2200,1.6,966.6,3.1,275.3,26.8,-0.3
2017,2,1,2,2300,1,965.7,2.9,354.6,40.1,-0.3
2017,3,1,3,0,2.1,964.8,4.1,343.4,30,-0.5
2017,3,1,3,100,2.6,964.1,4,307.2,26.9,-0.3
2017,3,1,3,200,2.5,963.1,4.1,334.9,37.3,-0.4
2017,3,1,3,300,2.3,962.3,4,324.9,44.2,-0.4
2017,3,1,3,400,2.2,961.4,4.1,341.4,50.6,-0.4
2017,3,1,3,500,2.4,960.6,4.3,316.4,37.2,-0.6
2017,3,1,3,600,3.3,960.1,4.2,311.6,26.7,-0.4
2017,3,1,3,700,2.3,959.8,1.6,2.5,43.4,-0.3
2017,3,1,3,800,2.6,959.5,1.9,315.9,31.8,-0.2
2017,3,1,3,900,1.8,959.2,0.6,343.5,444,-0.2
2017,3,1,3,1000,2.3,958.7,2,338.2,49.1,-0.2
2017,3,1,3,1100,1.5,958.6,1.5,318.6,57.6,-0.2
2017,3,1,3,1200,0.7,958.6,2.3,336,71,-0.2
2017,3,1,3,1300,-0.7,958.3,2.6,338.7,73.5,-0.2
2017,3,1,3,1400,-1.4,958.2,4,339.9,69.8,-0.3
2017,3,1,3,1500,-2.7,958.6,3.7,328.3,76.4,-0.4
2017,3,1,3,1600,-3.6,959,4.2,338.3,78,-0.4
2017,3,1,3,1700,-2.3,960.1,1.2,325.4,67.1,-0.2
2017,3,1,3,1800,-2.7,961,2.4,19.1,72.1,-0.2
2017,3,1,3,1900,-2.9,961.8,0.2,26.8,77.5,-0.1
2017,3,1,3,2000,-3.2,962.4,1.1,311.4,90.4,-0.2
2017,3,1,3,2100,-2.8,963,2.2,347.8,91.8,0.1
2017,3,1,3,2200,-3.2,963.7,2,6.4,91.8,-0.2
2017,3,1,3,2300,-2.9,964.2,3.4,352.4,93.6,-0.3
2017,4,1,4,0,-2.5,964.6,3.8,349.1,93.7,-0.4
2017,4,1,4,100,-2.7,965.2,3.3,356.3,93.9,-0.4
2017,4,1,4,200,-2.7,965.8,3.4,2.4,94.1,-0.3
2017,4,1,4,300,-2.3,966.6,4.3,353.3,94.5,-0.4
2017,4,1,4,400,-2.5,967.2,4.4,328,94,-0.4
2017,4,1,4,500,-2.6,968.3,4,4,94.2,-0.4
2017,4,1,4,600,-2.4,969.5,2.9,1.5,94,-0.3
2017,4,1,4,700,-1.9,970,4,311.9,92.1,-0.3
2017,4,1,4,800,-1.3,971.1,1.5,20,91.8,-0.2
2017,4,1,4,900,-1.6,972.1,0.8,310.3,93.3,-0.1
2017,4,1,4,1000,-0.4,972.9,4.1,167.4,91.8,-0.3
2017,4,1,4,1100,-1.2,974,1.2,134.3,94.3,-0.2
2017,4,1,4,1200,-0.9,974.8,1.7,212.4,94.1,-0.2
2017,4,1,4,1300,-0.4,975.5,2.6,171.6,87.4,-0.3
2017,4,1,4,1400,-1,976.5,0.3,113.4,90.4,-0.2
2017,4,1,4,1500,-1.6,977.5,0.2,146.1,94.5,-0.2
2017,4,1,4,1600,-1.6,978.4,0.8,129.7,94.6,-0.2
2017,4,1,4,1700,-1.9,979.5,0.9,164.7,95,-0.2
2017,4,1,4,1800,-2,980.6,2.5,140.4,94.6,-0.3
2017,4,1,4,1900,-1.8,981.8,4.3,163.4,93.7,-0.4
2017,4,1,4,2000,-1.2,982.8,4.6,151.2,84.7,-0.5
2017,4,1,4,2100,-1.4,983.9,4.5,145.2,90.4,-0.5
2017,4,1,4,2200,-1.6,984.9,5.4,152.2,89.2,-0.5
2017,4,1,4,2300,-1.6,985.9,5,145.9,85.5,-0.5
2017,5,1,5,0,-1.3,986.4,8.7,154,78.7,-0.5
2017,5,1,5,100,-0.9,986.8,11.3,156.8,72.9,-0.5
2017,5,1,5,200,-1.4,987.6,9.7,149.1,82.1,-0.6
2017,5,1,5,300,-1.3,987.9,10.4,152.4,82.5,-0.6
2017,5,1,5,400,-0.8,988.6,10.6,165.2,72.9,-0.5
2017,5,1,5,500,-1.1,989,12.5,159,73.5,-0.5
2017,5,1,5,600,-1.5,989.7,9.6,158.8,82.3,-0.5
2017,5,1,5,700,-1.4,990,9.9,162,77.1,-0.5
2017,5,1,5,800,-1.6,990.5,9.4,174.3,80.5,-0.4
2017,5,1,5,900,-1.9,990.7,6.9,166.6,81.9,-0.4
2017,5,1,5,1000,-1.9,991.1,8.6,170.7,82.7,-0.3
2017,5,1,5,1100,-2.2,991.2,7.3,168.1,84.8,-0.4
2017,5,1,5,1200,-1.7,991.2,7.6,176.8,79.2,-0.3
2017,5,1,5,1300,-2.7,991,7.9,153.5,86,-0.4
2017,5,1,5,1400,-2.5,991.2,8.2,162.8,83.5,-0.3
2017,5,1,5,1500,-2.6,991,6.1,154.8,82.7,-0.3
2017,5,1,5,1600,-2.7,990.9,6.1,158.5,83,-0.3
2017,5,1,5,1700,-2.6,990.6,3.7,174,81.2,-0.3
2017,5,1,5,1800,-1.8,990.4,4.2,167.9,73.5,-0.3
2017,5,1,5,1900,-1.8,990.3,3.6,167.8,73.1,-0.3
2017,5,1,5,2000,-1,989.9,2.1,181.5,66.5,-0.2
2017,5,1,5,2100,-0.7,989.3,1.6,188.1,62.6,-0.3
2017,5,1,5,2200,-0.2,988.8,1.5,141.4,60.2,-0.3
2017,5,1,5,2300,0.2,988.3,0.7,132.3,58.4,-0.3
2017,6,1,6,0,1,987.8,0.5,62.2,60.5,-0.3
2017,6,1,6,100,0.8,987.2,1.4,83.4,64.3,-0.4
2017,6,1,6,200,0.6,986.2,1.7,80.2,64.5,-0.4
2017,6,1,6,300,0.2,985.5,2.3,14.2,66,-0.4
2017,6,1,6,400,-0.3,984.9,1.6,8.5,70.3,-0.4
2017,6,1,6,500,-1.2,984,4.6,6.3,76.8,-0.7
2017,6,1,6,600,-1.2,983.3,4.4,359.9,76.6,-0.6
2017,6,1,6,700,-2.1,982.8,4.7,353.6,88.3,-0.5
2017,6,1,6,800,-1.9,982.4,4,356.3,86.7,-0.4
2017,6,1,6,900,-2.1,981.8,3.7,352.8,82,-0.4
2017,6,1,6,1000,-2.2,981.1,4.4,350.3,82.7,-0.4
2017,6,1,6,1100,-2,980.6,3.3,349.8,82,-0.4
2017,6,1,6,1200,-2.3,980.1,3.3,316.9,77,-0.3
2017,6,1,6,1300,-2,979.7,3.5,318.7,65.5,-0.4
2017,6,1,6,1400,-3.1,979.1,3,350.5,83.4,-0.3
2017,6,1,6,1500,-2.4,978.5,2.3,331,71.4,-0.3
2017,6,1,6,1600,-2.6,978.2,1.2,358.9,68.5,-0.3
2017,6,1,6,1700,-3.6,978.1,2.7,349.5,82.5,-0.4
2017,6,1,6,1800,-4.1,978.1,1.8,357.2,86.2,-0.3
2017,6,1,6,1900,-4.1,977.9,2.8,356.2,90.6,-0.4
2017,6,1,6,2000,-3.2,977.9,3.2,3.4,87.7,-0.4
2017,6,1,6,2100,-3.7,977.7,4.8,5.2,88.4,-0.6
2017,6,1,6,2200,-2.3,977.7,5.7,330.3,83.5,-0.5
2017,6,1,6,2300,-1.7,977.7,5.6,333.4,80.4,-0.6
2017,7,1,7,0,-1.2,977.8,3.8,357.6,80.2,-0.5
2017,7,1,7,100,-1.3,977.7,5.2,3.7,81.8,-0.6
2017,7,1,7,200,-1.3,977.5,4.5,14.6,83.9,-0.7
2017,7,1,7,300,-1,977.8,4.3,7.2,80.5,-0.7
2017,7,1,7,400,-1.3,978,4.2,13.7,79.4,-0.6
2017,7,1,7,500,-1.2,978.1,4,5.3,78.7,-0.5
2017,7,1,7,600,-1.3,978.5,3.8,15.8,84,-0.5
2017,7,1,7,700,-1.6,978.5,5,5,78.3,-0.5
2017,7,1,7,800,-1.2,979,3.9,358.2,74.1,-0.5
2017,7,1,7,900,-1.5,979.3,4.1,356,79.7,-0.4
2017,7,1,7,1000,-1.1,979.8,2.7,322.7,77.4,-0.2
2017,7,1,7,1100,-1.6,980,3.2,332.3,78.6,-0.2
2017,7,1,7,1200,-1.9,980.6,2.9,337.9,78.8,-0.4
2017,7,1,7,1300,-1.9,981.1,2.1,275.3,76.4,-0.4
2017,7,1,7,1400,-2,981.4,2.2,263.7,75.3,-0.4
2017,7,1,7,1500  4,44,982,5.1,157.1,89.5,-0.5
2017,7,1,7,1600  4,44,982.7,5.2,148.1,84.9,-0.5
2017,7,1,7,1700  4,44,983.6,4.1,171.3,83,-0.4
2017,7,1,7,1800  4,44,984.2,2.8,155.3,83.4,-0.3
2017,7,1,7,1900  4,44,984.5,4.7,160.5,85.6,-0.4
2017,7,1,7,2000,-4,984.8,3.2,170.6,79,-0.3
2017,7,1,7,2100,-3.5,985.1,3,136.1,77.5,-0.4
2017,7,1,7,2200,-3.2,985.1,4.2,153.8,76,-0.5
2017,7,1,7,2300,-3.5,985.3,6.8,152.4,74.9,-0.6
2017,8,1,8,0,-3.7,985.5,4.5,128.9,77.9,-0.7
2017,8,1,8,100,-3.7,985.6,4.7,124.2,80.1,-0.7
2017,8,1,8,200,-4.1,985.5,5.6,119.9,82.3,-0.8
2017,8,1,8,300,-3.9,985.4,4.6,111.7,81.4,-0.7
2017,8,1,8,400,-4,985.4,5.2,105.5,81.4,-0.7
2017,8,1,8,500,-3,985.6,1.2,243.9,73.8,-0.5
2017,8,1,8,600,-2.2,985.7,1.4,309.4,71.2,-0.3
2017,8,1,8,700,-2.4,985.2,4.5,269.9,70.7,-0.6
2017,8,1,8,800,-2.8,985.6,2.2,81.9,72.5,-0.6
2017,8,1,8,900,-3.6,985.7,5.2,135.5,77.3,-0.6
2017,8,1,8,1000,-3.6,985.7,6.8,160.7,78,-0.5
2017,8,1,8,1100,-3.7,985.7,8.3,165.2,74.1,-0.5
2017,8,1,8,1200,-4.2,985.6,8.2,154,79.3,-0.6
2017,8,1,8,1300,-4.4,985.5,7.6,157.6,80.4,-0.5
2017,8,1,8,1400,-4.4,984.9,7.9,158.4,79.1,-0.5
2017,8,1,8,1500,-4.5,984.9,7.2,162.9,79.2,-0.3
2017,8,1,8,1600,-4.5,984.8,7,166.9,78.2,-0.3
2017,8,1,8,1700,-4.2,984.9,5.6,163.7,76.8,-0.3
2017,8,1,8,1800,-4.4,984.8,5.7,159,74.7,-0.4
2017,8,1,8,1900,-3.7,984.6,5.5,164.9,69,-0.4
2017,8,1,8,2000,-3.4,984.5,6.2,157.6,65.9,-0.6
2017,8,1,8,2100,-3.6,984.5,5.6,159,68.5,-0.5
2017,8,1,8,2200,-3,984.5,5.1,153.2,63.2,-0.5
2017,8,1,8,2300,-3.1,984.5,5.4,141.7,66.8,-0.6
2017,9,1,9,0,-2.2,984.4,4.3,159.4,56.2,-0.4
2017,9,1,9,100,-2.3,984.1,4.6,147.1,55.5,-0.6
2017,9,1,9,200,-1.8,984.1,4.2,152.5,50.9,-0.5
2017,9,1,9,300,-1.7,983.9,3.2,164,50.7,-0.4
2017,9,1,9,400,-1.4,983.8,4,158.7,47.3,-0.5
2017,9,1,9,500,-1.5,983.7,4.2,150.8,49,-0.6
2017,9,1,9,600,-1.5,983.6,3.9,156.9,46.6,-0.5
2017,9,1,9,700,-1.4,983.6,3.6,156,46.4,-0.5
2017,9,1,9,800,-1,983.6,3.3,159,43.9,-0.3
2017,9,1,9,900,-1.4,983.7,3,156.9,45.9,-0.4
2017,9,1,9,1000,-1.4,983.8,3,164,44.5,-0.3
2017,9,1,9,1100,-1.2,983.7,3,161.3,44,-0.4
2017,9,1,9,1200,-1.1,983.7,2.9,170.4,43.9,-0.3
2017,9,1,9,1300,-0.9,983.5,2.7,169.5,38.8,-0.3
2017,9,1,9,1400,-1.3,983.3,2.4,247.2,49.1,-0.3
2017,9,1,9,1500,-1.1,983.2,1.7,253,47.3,-0.4
2017,9,1,9,1600,-1.2,983.2,2.4,262.9,53.2,-0.3
2017,9,1,9,1700,-1.4,983.2,1.9,139.4,41.5,-0.3
2017,9,1,9,1800,-1.4,983.1,2.2,153.1,43.5,-0.3
2017,9,1,9,1900,-1.2,983.1,3,152.3,44.5,-0.3
2017,9,1,9,2000,-1.2,983.1,5.5,149.3,46,-0.5
2017,9,1,9,2100,-0.6,983.2,6,152.3,47.7,-0.6
2017,9,1,9,2200,0.4,983.2,5.9,149.7,42.5,-0.6
2017,9,1,9,2300,0,983.3,7.7,156.7,43,-0.7
2017,10,1,10,0,-0.6,983.7,7.7,154.2,43.6,-0.8
2017,10,1,10,100,-0.9,983.9,6.8,149.3,47.5,-0.7
2017,10,1,10,200,-1.4,984.1,4.6,144.1,53.1,-0.6
2017,10,1,10,300,-1.3,984.1,3.8,149.6,46.4,-0.5
2017,10,1,10,400,-1.5,984.1,4.5,138.1,48,-0.7
2017,10,1,10,500,-1.3,984.2,3.1,135.1,45.8,-0.6
2017,10,1,10,600,-0.4,984.4,1.6,108.7,41,-0.6
2017,10,1,10,700,-0.6,984.3,1.6,107.5,39.6,-0.5
2017,10,1,10,800,-1,984.4,1.6,152.4,35.8,-0.3
2017,10,1,10,900,-0.3,984.1,2.2,241.1,43.9,-0.4
2017,10,1,10,1000,0,984.3,1.2,155.7,31.2,0
2017,10,1,10,1100,-0.8,984.3,2.4,180.8,41.1,0
2017,10,1,10,1200,-1.2,984.3,1.7,164,36.2,-0.5
2017,10,1,10,1300,0.5,984.2,1.2,197.6,35.7,-0.7
2017,10,1,10,1400,0.4,984,1.7,219.5,31,-0.4
2017,10,1,10,1500,0,983.8,2,233.1,31.6,-0.5
2017,10,1,10,1600,-0.2,983.8,2.1,233.1,31.4,-0.5
2017,10,1,10,1700,0.6,983.8,1.4,195.9,29.6,-0.3
2017,10,1,10,1800,0.1,984,2,146.5,30.7,-0.3
2017,10,1,10,1900,-3,984.2,3.4,158.8,50,-0.3
2017,10,1,10,2000,-1.6,984.2,3.6,150.4,45.6,-0.4
2017,10,1,10,2100,-2.6,984.1,3.9,145.4,56.7,-0.4
2017,10,1,10,2200,-1.8,984.1,3.5,147.4,42.9,-0.4
2017,10,1,10,2300,-1.6,984.4,3.7,150.7,44.9,-0.5
2017,11,1,11,0,-2.5,984.6,4.8,147.8,56.2,-0.6
2017,11,1,11,100,-0.7,984.7,5.4,154.1,36.1,-0.5
2017,11,1,11,200,-1.2,984.7,5.5,155,40.4,-0.5
2017,11,1,11,300,-1.5,984.9,5.1,158.2,47,-0.6
2017,11,1,11,400,-1.3,984.6,6.4,151.7,48,-0.8
2017,11,1,11,500,-1.5,984.8,6.6,160.7,52.8,-0.7
2017,11,1,11,600,-1.3,984.8,7.7,156.7,50.4,-0.7
2017,11,1,11,700,-1,985.1,6.4,155,43.3,-0.7
2017,11,1,11,800,-1.2,985.4,6.1,158,48.1,-0.6
2017,11,1,11,900,-2,985.5,6.3,161.8,51.1,-0.5
2017,11,1,11,1000,-2.3,985.8,6.3,163.5,53.5,-0.5
2017,11,1,11,1100,-2.2,986.1,7.2,170.6,49,-0.4
2017,11,1,11,1200,-2.1,986.1,8.4,166.7,44.9,-0.5
2017,11,1,11,1300,-2.2,986,8.2,166.9,43.3,-0.5
2017,11,1,11,1400,-3.1,986.2,8.8,160,48.5,-0.4
2017,11,1,11,1500,-2.9,986.3,7.3,167.7,46.1,-0.4
2017,11,1,11,1600,-3.3,986.3,8.8,162.4,49.8,-0.4
2017,11,1,11,1700,-3.6,986.6,8.2,167.3,51.2,-0.4
2017,11,1,11,1800,-3.4,986.6,8.6,163.2,51,-0.5
2017,11,1,11,1900,-3.4,986.8,8,166.5,52.8,-0.5
2017,11,1,11,2000,-3.7,986.9,8.2,159.5,53.9,-0.6
2017,11,1,11,2100,-3.8,987,9.1,161.2,58.1,-0.6
2017,11,1,11,2200,-3.8,987.1,10.5,156.8,60.1,-0.7
2017,11,1,11,2300,-4.4,987.8,9.5,160.9,67.6,-0.7
2017,12,1,12,0,-4.3,987.9,10.1,152.7,72.1,-0.9
2017,12,1,12,100,-5,988.1,9.9,155.8,78.7,-0.8
2017,12,1,12,200,-4.9,987.9,9.8,160.3,76.5,-0.7
2017,12,1,12,300,-4.6,987.8,11.1,151.7,76.1,-0.8
2017,12,1,12,400,-4.2,987.6,10.7,166.8,66.9,-0.8
2017,12,1,12,500,-4,987.4,11.8,148.2,68.5,-0.8
2017,12,1,12,600,-3.8,988.1,9.9,165.3,65.3,-0.6
2017,12,1,12,700,-4.1,988.3,9.4,171.4,66.7,-0.5
2017,12,1,12,800,-4.5,988,10.1,157.5,68.6,-0.6
2017,12,1,12,900,-4.1,988.1,8.7,174.8,64.9,-0.5
2017,12,1,12,1000,-4.2,987.7,11.4,165,64.5,-0.5
2017,12,1,12,1100,-4.4,988.2,10.1,181.4,68.5,-0.4
2017,12,1,12,1200,-4.7,987.9,10.5,175.7,70,-0.3
2017,12,1,12,1300,-4.8,987.3,12.3,166.1,69.4,-0.4
2017,12,1,12,1400,-5.1,987.6,11.4,172.7,70.8,-0.3
2017,12,1,12,1500,-5.5,987.1,13,175.8,74.3,-0.3
2017,12,1,12,1600,-5.9,987,13.3,175.3,74.7,-0.4
2017,12,1,12,1700,-5.9,987.3,12.6,176.8,73.4,-0.4
2017,12,1,12,1800,-5.4,986.9,13.4,175.6,69,-0.4
2017,12,1,12,1900,-4.9,986.6,13.1,170.6,68.8,-0.4
2017,12,1,12,2000,-5.1,986.9,11.4,167,70.4,-0.5
2017,12,1,12,2100,-5.2,986.9,11.9,162.8,73.9,-0.5
2017,12,1,12,2200,-5.1,986.9,10.9,174.5,74.5,-0.5
2017,12,1,12,2300,-5.4,986.4,13.5,140.2,73.8,-0.5
2017,13,1,13,0,-5.1,986,13.6,135,71,-0.5
2017,13,1,13,100,-4.8,986.1,12,133.9,73.9,-0.5
2017,13,1,13,200,-2.6,986.4,5.9,162.8,63.3,-0.4
2017,13,1,13,300,-0.5,985.7,12.6,163.4,59.7,-0.3
2017,13,1,13,400,1.1,985.7,13.9,159.7,47.8,-0.3
2017,13,1,13,500,-2.2,986,10.5,156.9,74.2,-0.5
2017,13,1,13,600,-1.6,986.4,11.2,158.1,71.5,-0.4
2017,13,1,13,700,-1.8,986.6,13.5,163.6,66.7,-0.3
2017,13,1,13,0800  4,44,444,444,444,444,444
2017,13,1,13,0900  4,44,444,444,444,444,444
2017,13,1,13,1000,-2.7,987.6,12.4,148.2,73.3,-0.3
2017,13,1,13,1100,-3.2,988.4,9.2,173.2,74.5,-0.3
2017,13,1,13,1200,-2.7,988.7,10.6,149.8,71.3,-0.3
2017,13,1,13,1300,-3.6,989.4,5,167.7,76.2,-0.2
2017,13,1,13,1400,-4.3,989.5,8.4,188.7,80.9,-0.3
2017,13,1,13,1500,-4.3,989.6,9.8,189.6,80,-0.3
2017,13,1,13,1600,-4.2,989.6,10.3,156.6,80.7,-0.3
2017,13,1,13,1700,-4.3,989.7,11,150.6,81.3,-0.3
2017,13,1,13,1800,-3.2,990.2,9.2,163.4,75.2,-0.3
2017,13,1,13,1900,-3.3,990.3,8.7,170.7,79.4,-0.4
2017,13,1,13,2000,-2,990,9.3,162.4,68.7,-0.4
2017,13,1,13,2100,-0.5,989.7,12.6,160.2,59.7,-0.4
2017,13,1,13,2200,-1.8,990.6,12.5,141.2,68.5,-0.5
2017,13,1,13,2300,-2,991.2,8.3,146.5,71,-0.5
2017,14,1,14,0,-1.4,991.4,9,149,70.8,-0.5
2017,14,1,14,100,-1.3,991.7,10.7,150.9,67.8,-0.5
2017,14,1,14,200,-0.8,991.8,7.8,151.8,66.6,-0.6
2017,14,1,14,300,-1.7,991.8,7.7,155.9,72.7,-0.6
2017,14,1,14,400,-1.3,991.6,9.1,139.9,67.8,-0.7
2017,14,1,14,500,-2,991.5,9.7,145.2,66,-0.6
2017,14,1,14,600,-1.9,991.9,8.7,152.7,66.8,-0.6
2017,14,1,14,700,-2.5,991.8,10.9,144.9,73.1,-0.5
2017,14,1,14,800,-3.2,991.7,11.2,144.8,67.2,-0.5
2017,14,1,14,900,-3.5,992.6,9.5,176.2,67.9,-0.4
2017,14,1,14,1000,-3.8,992.5,11.1,147.9,66.1,-0.4
2017,14,1,14,1100,-4,992.9,10.6,156.7,66.4,-0.3
2017,14,1,14,1200,-3.8,992.9,9.5,160.9,67.6,-0.3
2017,14,1,14,1300,-3.8,992.9,9.7,163.3,68.8,-0.3
2017,14,1,14,1400,-3.8,992.8,8.8,160.7,68.9,-0.3
2017,14,1,14,1500,-3.5,992.8,8.5,161,70.2,-0.3
2017,14,1,14,1600,-3.1,992.3,11,165.4,71.5,-0.3
2017,14,1,14,1700,-2.9,992.5,8.8,159.7,71.3,-0.4
2017,14,1,14,1800,-2.9,992.5,9.8,163.4,74.1,-0.3
2017,14,1,14,1900,-2.6,992.1,10.7,165.6,69.3,-0.3
2017,14,1,14,2000,-2.1,992.3,9,163.7,67.7,-0.4
2017,14,1,14,2100,-1.9,992.2,7.6,159.4,71.4,-0.5
2017,14,1,14,2200,-2,991.9,7.9,156.4,74.6,-0.6
2017,14,1,14,2300,-2.1,991.8,6,143.2,78,-0.6
2017,15,1,15,0,-1.9,991.7,4.2,148.9,75,-0.5
2017,15,1,15,100,-2,991.1,6.4,154.4,76.5,-0.6
2017,15,1,15,200,-2,990.7,5.9,155.7,74.6,-0.7
2017,15,1,15,300,-1.1,990.3,4.7,171.9,71,-0.5
2017,15,1,15,400,-0.8,989.7,5,148.8,69,-0.6
2017,15,1,15,500,-0.2,989.2,4.6,160.9,63.1,-0.5
2017,15,1,15,600,-0.4,989.2,3.2,139.5,68.2,-0.6
2017,15,1,15,700,-1.2,988.9,3.1,128.8,74.7,-0.6
2017,15,1,15,800,-1.6,988.6,2.3,134.1,79.7,-0.4
2017,15,1,15,900,-1.7,988.2,1,120.4,81.8,-0.2
2017,15,1,15,1000,-2.2,987.7,0.9,6.7,81.8,-0.2
2017,15,1,15,1100,-2.5,987.3,1.8,353.6,87.5,-0.3
2017,15,1,15,1200,-2.9,986.8,3.5,355.4,88.3,-0.4
2017,15,1,15,1300,-2.8,986.5,3.8,322,86.9,-0.4
2017,15,1,15,1400,-2.8,985.8,4.4,349.9,86.3,-0.4
2017,15,1,15,1500,-2.4,985.5,4.2,342.5,73,-0.4
2017,15,1,15,1600,-3.6,985.2,4.2,0.2,85,-0.4
2017,15,1,15,1700,-3.5,985.1,4.5,349,89.3,-0.5
2017,15,1,15,1800,-3.6,984.8,4.4,344.7,90.4,-0.5
2017,15,1,15,1900,-3.6,984.7,4.3,346.5,89.5,-0.5
2017,15,1,15,2000,-4,984.7,4.3,342.9,92.3,-0.5
2017,15,1,15,2100,-3.7,984.4,4,320.9,92.6,-0.5
2017,15,1,15,2200,-3,984.3,4.8,330.4,85.5,-0.5
2017,15,1,15,2300,-2.6,984.5,4.8,345.3,80.5,-0.5
2017,16,1,16,0,-2.4,984.5,3.1,347.2,79.6,-0.4
2017,16,1,16,100,-2.4,984.6,3.3,24.4,81.3,-0.5
2017,16,1,16,200,-2.4,984.8,1.2,2.4,80.4,-0.3
2017,16,1,16,300,-2.3,985,1.9,27.2,78.1,-0.4
2017,16,1,16,400,-2,985,2.1,2.9,74.5,-0.4
2017,16,1,16,500,-2,985.1,2.4,60.1,73.6,-0.4
2017,16,1,16,600,-2.1,985.4,2.3,29.1,74.4,-0.4
2017,16,1,16,700,-1.7,985.6,1.2,347.1,67.5,-0.3
2017,16,1,16,800,-1.7,985.7,2.1,29.7,75.1,-0.4
2017,16,1,16,900,-2.1,985.9,2.2,8.2,81.1,-0.3
2017,16,1,16,1000,-2.1,986.2,1.8,4.5,82.3,-0.3
2017,16,1,16,1100,-1.8,986.4,2.9,354.7,78,-0.3
2017,16,1,16,1200,-2.1,986.6,3.1,350.4,84.2,-0.5
2017,16,1,16,1300,-2,986.6,1.9,284.1,72.2,-0.3
2017,16,1,16,1400,-1.7,986.5,1.3,283.9,68.5,0
2017,16,1,16,1500,-2.3,986.5,1,335.5,76.1,-0.2
2017,16,1,16,1600,-2.1,986.6,2.3,264.2,66.5,-0.3
2017,16,1,16,1700,-2.3,986.9,1.1,350.4,69.8,-0.3
2017,16,1,16,1800,-2.2,987.2,3,321.2,71.7,-0.3
2017,16,1,16,1900,-1.9,987.6,2.3,339.7,64.6,-0.3
2017,16,1,16,2000,-1.4,988.1,1.8,8.3,67.4,-0.4
2017,16,1,16,2100,-0.8,988.2,2,16.8,64,-0.4
2017,16,1,16,2200,-1.6,988.3,4.6,11.8,77.4,-0.7
2017,16,1,16,2300,-1.7,988.4,3.7,7.3,70.5,-0.6
2017,17,1,17,0,-1.6,988.7,4.5,0.5,70.8,-0.6
2017,17,1,17,100,-1.2,988.9,3.9,4.2,68.4,-0.5
2017,17,1,17,200,-1.1,988.9,4.9,10.2,66.5,-0.8
2017,17,1,17,300,-1.3,989,4.1,12,76.6,-0.8
2017,17,1,17,400,-1.6,989.2,4.1,21.1,84.3,-0.6
2017,17,1,17,500,-1.7,989.4,3.6,12.1,83.1,-0.6
2017,17,1,17,600,-1.7,989.5,3.1,19.7,82,-0.5
2017,17,1,17,700,-1.1,989.8,3.1,26.5,75.4,-0.7
2017,17,1,17,800,-1.7,990.1,2.8,15.7,78.3,-0.4
2017,17,1,17,900,-1.7,990.3,2.7,12.4,79.6,-0.4
2017,17,1,17,1000,-1.4,990.4,1.6,0.9,67.3,-0.3
2017,17,1,17,1100,-1.2,990.6,0.9,297.8,72.3,-0.3
2017,17,1,17,1200,-2.3,990.7,1.4,6.2,85,-0.3
2017,17,1,17,1300,-3.8,990.8,4.2,147.1,83.8,-0.4
2017,17,1,17,1400,-4,990.8,3.9,151.6,76.5,-0.4
2017,17,1,17,1500,-3.9,990.8,4,163.5,57.8,-0.3
2017,17,1,17,1600,-3.6,990.7,3.2,161.4,52.5,-0.3
2017,17,1,17,1700,-3.8,990.7,3.1,145.4,57.7,-0.3
2017,17,1,17,1800,-4,990.7,2.8,140.9,61.7,-0.3
2017,17,1,17,1900,-3.7,991,2.5,124.4,72.2,-0.4
2017,17,1,17,2000,-4.5,991.1,3.9,144,77.2,-0.4
2017,17,1,17,2100,-4.4,991.1,4.7,152.3,57.5,-0.5
2017,17,1,17,2200,-4.4,991,5.9,155.4,54.5,-0.5
2017,17,1,17,2300,-4.2,991,4.9,153.7,56,-0.5
2017,18,1,18,0,-4.3,990.9,4,151.5,58,-0.5
2017,18,1,18,100,-4,990.5,5,146.6,59,-0.5
2017,18,1,18,200,-4.3,990.4,4.7,156.5,57.4,-0.6
2017,18,1,18,300,-4.1,990.1,4.4,144.1,59.7,-0.5
2017,18,1,18,400,-4,990,4.9,152.8,62.1,-0.7
2017,18,1,18,500,-3.9,989.7,4.9,155.4,56.8,-0.8
2017,18,1,18,600,-3.8,989.7,5,153.2,55,-0.8
2017,18,1,18,700,-3.9,989.5,5.6,159.1,59.4,-0.7
2017,18,1,18,800,-3.8,989.5,6.1,148.6,61.6,-0.7
2017,18,1,18,900,-4.5,989.4,5.6,157.4,59.4,-0.5
2017,18,1,18,1000,-4.3,989.4,4.5,156.8,53.4,-0.4
2017,18,1,18,1100,-4.3,989.4,4.2,161.7,52.4,-0.3
2017,18,1,18,1200,-4.4,989.4,3.3,159.2,52.1,-0.5
2017,18,1,18,1300,-4.6,989.1,2.8,145.7,46.9,-0.4
2017,18,1,18,1400,-4.5,988.9,2.2,152,46.7,-0.3
2017,18,1,18,1500,-4,988.7,1.3,162.7,48.2,-0.2
2017,18,1,18,1600,-4.2,988.4,1,153.9,50.5,-0.2
2017,18,1,18,1700  4,44,988.3,0.9,188,48,-0.3
2017,18,1,18,1800,-4.4,988.2,1.7,133.2,55.6,-0.3
2017,18,1,18,1900,-4.8,988.2,1.7,147.9,50.5,-0.3
2017,18,1,18,2000,-3.8,988.2,2.1,163.8,43.7,-0.3
2017,18,1,18,2100,-4.5,988.2,2,136.1,58.1,-0.3
2017,18,1,18,2200,-4.7,988.2,2.3,149.4,57,-0.3
2017,18,1,18,2300,-4.4,988.1,3,135.6,61.3,-0.4
2017,19,1,19,0,-3.9,988.1,2.1,126.1,68.2,-0.5
2017,19,1,19,100,-3.8,988,2.3,125.2,68.7,-0.4
2017,19,1,19,200,-3.7,987.9,2.3,101.9,72.1,-0.6
2017,19,1,19,300,-3,987.7,1.6,40.1,75,-0.5
2017,19,1,19,400,-3.2,987.7,2.2,18.2,75.6,-0.6
2017,19,1,19,500,-2.9,987.7,1.6,52,75.7,-0.6
2017,19,1,19,600,-3.3,987.8,1.6,93.7,76.2,-0.6
2017,19,1,19,700,-3.8,988.1,1.5,116.3,73,-0.4
2017,19,1,19,800,-4,988.2,1.7,125.5,57,-0.4
2017,19,1,19,900,-3.7,988.2,0.8,159.5,50.2,-0.2
2017,19,1,19,1000,-3.6,988.3,0.7,159.4,55,-0.3
2017,19,1,19,1100,-4.5,988.4,2.3,130.8,70.9,-0.4
2017,19,1,19,1200,-4.6,988.6,1.6,163.5,70.1,-0.2
2017,19,1,19,1300,-5.2,988.8,1.4,147.7,83.5,-0.3
2017,19,1,19,1400,-5,988.8,1.6,143.3,82.1,-0.2
2017,19,1,19,1500,-4.2,988.8,1.3,125.3,73.5,-0.4
2017,19,1,19,1600,-4.1,989,1.5,144.4,69.9,-0.3
2017,19,1,19,1700,-4.1,989.2,1.6,133.5,67.8,-0.3
2017,19,1,19,1800,-3.8,989.5,0.8,156.2,65.3,-0.2
2017,19,1,19,1900,-4.1,989.7,1.2,139.9,77.6,-0.3
2017,19,1,19,2000,-4.2,990,1.3,90.7,84.6,-0.4
2017,19,1,19,2100,-3.5,990.2,1.7,28.9,74.7,-0.3
2017,19,1,19,2200,-3.4,990.6,2.1,17.6,72.2,-0.4
2017,19,1,19,2300,-2.8,990.6,2.5,11.2,72.8,-0.5
2017,20,1,20,0,-2.8,990.8,3.4,13.4,73.3,-0.5
2017,20,1,20,100,-2.7,990.9,4,22.8,67.7,-0.6
2017,20,1,20,200,-2.5,990.9,3.7,16.9,68.6,-0.6
2017,20,1,20,300,-2.1,990.9,4,6.8,59.2,-0.6
2017,20,1,20,400,-2.3,990.8,3.6,10.6,66.8,-0.6
2017,20,1,20,500,-2.7,990.9,4.4,7.6,66.2,-0.7
2017,20,1,20,600,-2.7,990.9,4.2,14,70,-0.7
2017,20,1,20,700,-2.7,990.9,4.4,1.3,68,-0.6
2017,20,1,20,800,-2.4,991.1,3.8,5.5,66.6,-0.6
2017,20,1,20,900,-2.8,991,3.3,9.8,75.2,-0.4
2017,20,1,20,1000,-3.3,991.2,2.6,5.1,71.3,-0.4
2017,20,1,20,1100,-3.7,991.3,3.2,357.2,67,-0.4
2017,20,1,20,1200,-3.6,991.2,2.9,325.7,58.4,-0.4
2017,20,1,20,1300,-4.3,991,1.4,346.1,65.2,-0.3
2017,20,1,20,1400,-4.2,990.7,0.8,352.4,64.5,-0.2
2017,20,1,20,1500,-4,990.3,0.3,246.6,57.6,-0.3
2017,20,1,20,1600,-3.9,989.9,0,0,64.8,-0.2
2017,20,1,20,1700,-4,989.9,0.8,329.6,62.2,-0.2
2017,20,1,20,1800,-3.3,989.8,0.2,149.3,62.9,-0.3
2017,20,1,20,1900,-3.5,989.8,0.7,159.3,62.3,-0.2
2017,20,1,20,2000,-3,989.3,1,304,63,0
2017,20,1,20,2100,-2,989.2,0.5,339.2,55.6,-0.2
2017,20,1,20,2200,-3,989.1,2.1,163.3,65.7,-0.3
2017,20,1,20,2300,-0.9,988.4,0.3,148.9,44.6,-0.1
2017,21,1,21,0,-0.3,987.9,1.6,17.7,56.4,-0.5
2017,21,1,21,100,-1.3,987.4,2.2,21.4,53.1,-0.4
2017,21,1,21,200,-0.6,986.6,2.7,4.3,65,-0.4
2017,21,1,21,300,-0.2,985.9,3.2,1.9,54.6,-0.5
2017,21,1,21,400,0.9,985.2,3.1,1.3,45.5,-0.6
2017,21,1,21,500,1,984.6,3.3,301.7,44.4,-0.4
2017,21,1,21,600,0.5,984.3,2,17.3,45.5,-0.4
2017,21,1,21,700,-0.2,984.2,3.2,114.7,54.4,-0.5
2017,21,1,21,800,-1.8,983.9,4.7,152.2,64.2,-0.5
2017,21,1,21,900,-2.6,983.5,5.4,146.8,78.1,-0.5
2017,21,1,21,1000,-2.9,983.3,5,152.2,60.7,-0.5
2017,21,1,21,1100,-3.1,982.9,5.2,160,49.3,-0.4
2017,21,1,21,1200,-3.3,982.4,4.9,160.4,49.6,-0.4
2017,21,1,21,1300,-3.4,981.8,3.9,157,51.7,-0.3
2017,21,1,21,1400,-5.4,981.1,4.9,150.6,69.7,-0.4
2017,21,1,21,1500,-5.8,980.5,3.2,150.7,67.2,-0.3
2017,21,1,21,1600,-5.6,979.9,3.6,151.1,67.3,-0.3
2017,21,1,21,1700,-5.4,979.6,3.4,144.7,65.6,-0.3
2017,21,1,21,1800,-5.6,979.3,4.1,149.7,67.4,-0.5
2017,21,1,21,1900,-5.7,978.9,4.2,136,68.7,-0.6
2017,21,1,21,2000,-5.3,978.4,4.8,138.8,63.9,-0.7
2017,21,1,21,2100,-5.6,978.1,4.8,147.5,69.6,-0.6
2017,21,1,21,2200,-5.3,977.6,4.8,136.7,70.6,-0.5
2017,21,1,21,2300,-5.1,977.2,3.6,142.9,63.2,-0.4
2017,22,1,22,0,-4.6,976.8,2.5,144.7,49.5,-0.4
2017,22,1,22,100,-4.4,976.2,2.2,143.4,59,-0.4
2017,22,1,22,200,-3.4,975.5,1.2,108.4,52.6,-0.6
2017,22,1,22,300,-3.2,975,1.4,61.9,59.4,-0.5
2017,22,1,22,400,-3.6,974.4,1.8,14.2,53,-0.5
2017,22,1,22,500,-3.3,973.8,2,356.9,55.8,-0.5
2017,22,1,22,600,-3.7,973.1,4.4,10.5,66.5,-0.8
2017,22,1,22,700,-3.8,972.6,5.2,0.9,72.4,-0.8
2017,22,1,22,800,-4.2,972.3,5.4,359.5,72.1,-0.7
2017,22,1,22,900,-4.5,971.8,5.8,0.3,80.1,-0.6
2017,22,1,22,1000,-4.4,971.3,5.1,341.5,78.7,-0.5
2017,22,1,22,1100,-4.4,971,2.7,334.1,79.8,-0.3
2017,22,1,22,1200,-5.1,970.7,3.6,8.3,82.1,-0.4
2017,22,1,22,1300,-5,970.3,1.8,336.9,80.1,-0.3
2017,22,1,22,1400,-5.1,970,2.5,307.9,78.8,-0.2
2017,22,1,22,1500,-5.2,969.7,2.6,315.7,75.9,-0.3
2017,22,1,22,1600,-5.5,969.4,3.2,357.7,82.2,-0.4
2017,22,1,22,1700,-5.2,969.1,3.4,326.1,78.2,-0.3
2017,22,1,22,1800,-5.2,968.9,4.2,351,79,-0.4
2017,22,1,22,1900,-6.1,968.7,4.2,358.8,84.3,-0.6
2017,22,1,22,2000,-5.5,968.7,4.3,356.8,82.1,-0.5
2017,22,1,22,2100,-5.1,968.6,4.3,354.8,80.6,-0.5
2017,22,1,22,2200,-4.2,968.5,4.8,333.3,63.3,-0.5
2017,22,1,22,2300,-3.9,968.7,4.6,354.1,67.7,-0.6
2017,23,1,23,0,-4.3,968.9,6,357.6,74.9,-0.9
2017,23,1,23,100,-4.3,969.1,6.3,358.5,76.7,-0.7
2017,23,1,23,200,-4.2,969.3,5.8,5.6,81.5,-0.8
2017,23,1,23,300,-4.1,969.7,5,359.1,79.4,-0.7
2017,23,1,23,400,-4.2,970.3,5.3,1.4,78.7,-0.8
2017,23,1,23,500,-3.7,970.7,5,359.8,75.6,-0.7
2017,23,1,23,600,-3.9,971.4,5.4,1.9,73.8,-0.8
2017,23,1,23,700,-3.4,972,4.8,338,65,-0.6
2017,23,1,23,800,-3.1,972.8,4.4,338,63.4,-0.5
2017,23,1,23,900,-3.1,973.4,3.9,352.7,63.2,-0.4
2017,23,1,23,1000,-3.3,974.3,3.4,1.8,68.5,-0.4
2017,23,1,23,1100,-2.9,974.9,1.4,323.3,59.1,-0.2
2017,23,1,23,1200,-2.6,975.7,2.1,282.6,56.4,-0.2
2017,23,1,23,1300,-2.7,976.4,2.1,295.3,57.2,-0.2
2017,23,1,23,1400,-2.4,976.9,2.4,276.5,59.1,-0.3
2017,23,1,23,1500,-3,977.6,0.8,147.6,64.9,-0.2
2017,23,1,23,1600,-3.4,978.3,1.3,173.9,71.6,-0.2
2017,23,1,23,1700,-3.2,979.2,1.7,187.7,62.8,-0.3
2017,23,1,23,1800,-2.5,980,1.5,150.6,64.8,-0.3
2017,23,1,23,1900,-2.6,980.8,2.4,163.7,74.9,-0.2
2017,23,1,23,2000,-2.8,981.5,2.5,156.6,82.3,-0.3
2017,23,1,23,2100,-2.7,982.3,2.9,168.1,83.7,-0.3
2017,23,1,23,2200,-2,983.1,4.7,97.7,68.5,-0.5
2017,23,1,23,2300,-1.7,984.3,1,64.6,59.2,-0.4
2017,24,1,24,0,-1.6,984.9,2,174.5,55.5,-0.3
2017,24,1,24,100,-1.5,985.6,1.5,123.4,58,-0.4
2017,24,1,24,200,-1.7,986.1,1.5,2.7,62.5,-0.3
2017,24,1,24,300,-1.6,986.7,2.2,6.3,59.6,-0.3
2017,24,1,24,400,-1.4,987,3.7,24.6,62.1,-0.7
2017,24,1,24,500,-2,987.4,4.9,22.4,58.8,-0.8
2017,24,1,24,600,-2,987.9,4.6,2.9,61,-0.8
2017,24,1,24,700,-2.5,988.6,3.9,7.7,65.8,-0.6
2017,24,1,24,800,-2.4,989.1,2.5,15.2,68.3,-0.5
2017,24,1,24,900,-3.8,989.5,1.9,118.5,82.8,-0.4
2017,24,1,24,1000,-4,989.9,1.2,162,80,-0.1
2017,24,1,24,1100,-4.4,990.3,2,144.2,80.7,-0.3
2017,24,1,24,1200,-4.9,990.5,3,145.4,81.7,-0.4
2017,24,1,24,1300,-4.6,990.5,2.3,150.9,74.4,-0.3
2017,24,1,24,1400,-4.7,990.5,1.2,116.9,73.2,-0.2
2017,24,1,24,1500,-4.5,990.6,0.2,148.6,74.1,-0.2
2017,24,1,24,1600,-4.1,990.4,0.5,336.8,73.7,-0.2
2017,24,1,24,1700,-3.4,990.4,1.6,285.9,70.3,-0.1
2017,24,1,24,1800,-3.4,990.5,3.1,264,67.3,-0.4
2017,24,1,24,1900,-5.3,990.6,2.4,143.5,76.1,-0.4
2017,24,1,24,2000,-4.6,990.5,1.9,136.3,71.8,-0.3
2017,24,1,24,2100,-4.9,990.5,2,142.9,77.8,-0.4
2017,24,1,24,2200,-5.4,990.5,1.7,134.6,82,-0.4
2017,24,1,24,2300,-3.9,990.3,0.9,54.2,77.7,-0.4
2017,25,1,25,0,-3.5,989.9,3.9,17.6,70.6,-0.7
2017,25,1,25,100,-4,989.4,3.2,14.3,73.3,-0.4
2017,25,1,25,200,-3.4,989.1,4,14.8,70.2,-0.7
2017,25,1,25,300,-3.4,989,2.9,23.7,69.1,-0.6
2017,25,1,25,400,-3.3,988.7,2.5,30.6,70.4,-0.6
2017,25,1,25,500,-3.2,988.5,2.3,10.8,69.7,-0.5
2017,25,1,25,600,-3.6,988.3,3.4,3.8,72.4,-0.5
2017,25,1,25,700,-3.7,988.6,3.2,13,71.3,-0.6
2017,25,1,25,800,-3.4,988.8,2.5,16,69.9,-0.4
2017,25,1,25,900,-3.4,989,2.2,30.3,69.9,-0.3
2017,25,1,25,1000,-4.5,989.4,1.5,89.9,82.3,-0.3
2017,25,1,25,1100,-4.8,989.7,2.1,151,84.3,-0.3
2017,25,1,25,1200,-5.2,990,2,141,85.3,-0.4
2017,25,1,25,1300,-5.2,989.9,2.2,152.4,78.6,-0.4
2017,25,1,25,1400,-5.1,989.8,1.5,156.7,71.6,-0.2
2017,25,1,25,1500,-5.3,989.7,2.2,271.3,75.8,-0.3
2017,25,1,25,1600,-4.9,989.7,0.3,13.4,70.3,-0.3
2017,25,1,25,1700,-6.2,989.9,1.3,20.5,71.7,-0.3
2017,25,1,25,1800,-5.3,990,0.7,312.1,68.3,-0.1
2017,25,1,25,1900,-5.7,989.9,1.6,8.3,70.9,-0.4
2017,25,1,25,2000,-5.2,989.9,1.6,338.8,71,-0.3
2017,25,1,25,2100,-5,989.6,4.3,8.1,75.6,-0.6
2017,25,1,25,2200,-5,989.5,5.4,356.7,74.5,-0.7
2017,25,1,25,2300,-4.9,989.5,4.4,15.9,76.2,-0.6
2017,26,1,26,0,-4.5,989.2,3.6,6.6,77.3,-0.6
2017,26,1,26,100,-3.1,989.1,3.4,353,68.9,-0.5
2017,26,1,26,200,-3.3,989.1,3.6,23.2,74.2,-0.6
2017,26,1,26,300,-3.9,988.9,3.7,13.6,73.4,-0.7
2017,26,1,26,400,-3.6,988.9,4.9,9.4,77,-0.7
2017,26,1,26,500,-3.1,988.7,4.9,4.1,74.1,-0.7
2017,26,1,26,600,-3.2,988.8,4.9,13.7,71.5,-0.8
2017,26,1,26,700,-3.5,989.3,4.2,17.7,78.2,-0.7
2017,26,1,26,800,-3.5,989.6,2.5,20.9,81.2,-0.5
2017,26,1,26,900,-3.3,989.8,2,33.9,78.7,-0.2
2017,26,1,26,1000,-4.1,989.8,2,4.4,84.9,-0.3
2017,26,1,26,1100,-3.9,989.5,2.4,359.9,79.7,-0.3
2017,26,1,26,1200,-4,989.5,3.2,318.6,76.3,-0.4
2017,26,1,26,1300,-4.2,989.3,2.3,320.7,74.1,-0.4
2017,26,1,26,1400,-3.8,989,2.9,298.1,59.2,-0.2
2017,26,1,26,1500,-4.1,988.8,2,284.5,58.2,-0.1
2017,26,1,26,1600,-3.6,988.7,2,282.3,53.9,-0.1
2017,26,1,26,1700,-3.8,988.7,2.4,273.8,62.9,-0.2
2017,26,1,26,1800,-3.4,988.8,2.7,290.7,70.5,-0.1
2017,26,1,26,1900,-3.3,989,2,299.9,66,-0.1
2017,26,1,26,2000,-2.8,988.9,0.9,336,62.8,-0.2
2017,26,1,26,2100,-2.6,988.8,1.3,331.2,65.5,-0.2
2017,26,1,26,2200,-2.3,988.6,1.1,1.2,63.6,-0.3
2017,26,1,26,2300,-3,988.6,1.5,118.5,73.3,-0.4
2017,27,1,27,0,-3.8,988.6,1.2,108.9,77,-0.3
2017,27,1,27,0100  4,44,988.3,0.1,323.9,69.3,-0.2
2017,27,1,27,200,-3.4,988.3,2.1,92.1,77.4,-0.5
2017,27,1,27,300,-3,988,1.2,6.7,75.7,-0.3
2017,27,1,27,400,-1.6,988,1.2,47.3,71.2,-0.6
2017,27,1,27,500,-2.3,988.1,1.6,90,76.9,-0.6
2017,27,1,27,600,-2.8,988.3,1.7,105.7,80,-0.5
2017,27,1,27,700,-2.8,988.5,1.8,144.8,76.8,-0.3
2017,27,1,27,800,-3.1,988.6,4.5,144.5,72.1,-0.5
2017,27,1,27,900,-4.7,988.9,5.5,135.8,81,-0.6
2017,27,1,27,1000,-4.8,989,4.9,153.5,82.9,-0.5
2017,27,1,27,1100,-5,988.9,2.7,160.7,82.4,-0.3
2017,27,1,27,1200,-5.9,988.9,5.5,149.4,85.2,-0.4
2017,27,1,27,1300,-7,989.1,5.5,148.7,74.7,-0.5
2017,27,1,27,1400,-6.7,989.2,7.7,170.1,58.5,-0.4
2017,27,1,27,1500,-6.7,989.1,8.2,175.1,50.6,-0.4
2017,27,1,27,1600,-7.5,989,8.3,160.4,57,-0.5
2017,27,1,27,1700,-7.9,989.2,7.9,167.3,56.7,-0.4
2017,27,1,27,1800,-8.4,989,8.6,160.4,59.7,-0.4
2017,27,1,27,1900,-7.9,989,7.3,164.2,60,-0.5
2017,27,1,27,2000,-8,989.3,8.3,167.5,57.1,-0.5
2017,27,1,27,2100,-7.9,989.3,9.3,159.9,54,-0.6
2017,27,1,27,2200,-8.4,989.4,8.6,160.2,60.2,-0.6
2017,27,1,27,2300,-8,989.6,7.3,159.2,57.3,-0.6
2017,28,1,28,0,-7.4,989.3,7.6,159,56.3,-0.7
2017,28,1,28,100,-7.3,988.9,7.7,155.3,55.1,-0.7
2017,28,1,28,200,-7.2,988.5,7.6,155.4,60.4,-0.8
2017,28,1,28,300,-8,988.4,7.1,151.3,64.8,-0.8
2017,28,1,28,400,-8.3,988.1,6.2,155.8,65.7,-0.7
2017,28,1,28,500,-7.9,987.8,6.5,155.8,62.2,-0.8
2017,28,1,28,600,-8.2,987.5,5.5,142.8,60.5,-0.7
2017,28,1,28,700,-7.8,987.2,4.4,140.8,57.4,-0.7
2017,28,1,28,800,-7.5,986.9,4.4,144.1,53.4,-0.5
2017,28,1,28,900,-7.2,986.6,2.1,154.7,52.3,-0.1
2017,28,1,28,1000,-6.8,986,0.8,115.1,45.7,-0.1
2017,28,1,28,1100,-6.3,985.3,1,204.7,45.8,-0.3
2017,28,1,28,1200,-6.9,984.5,2.2,249.3,43.4,-0.6
2017,28,1,28,1300,-7,983.7,1.6,265.9,43.6,-0.5
2017,28,1,28,1400,-7,982.9,2.8,300.5,50,-0.2
2017,28,1,28,1500,-7.4,982.2,3.3,281,52.6,-0.2
2017,28,1,28,1600,-7.9,981.5,3.9,283.6,53.7,-0.2
2017,28,1,28,1700,-7.6,981.1,4,328.3,48,-0.3
2017,28,1,28,1800,-7.8,980.9,3,359.7,56.4,-0.4
2017,28,1,28,1900,-8,980.7,2,353.9,58.2,-0.3
2017,28,1,28,2000,-7.7,980.5,1.1,13.6,55.9,-0.4
2017,28,1,28,2100,-7.6,980.1,1.6,19.6,52.9,-0.4
2017,28,1,28,2200,-7.4,979.8,1.7,82,63.4,-0.3
2017,28,1,28,2300,-6.9,979.4,1.3,112.4,56.6,-0.5
2017,29,1,29,0,-6.2,978.8,1.3,50.2,53.7,-0.6
2017,29,1,29,100,-6.5,978.2,1.9,83.4,59.3,-0.6
2017,29,1,29,200,-5.9,977.4,2,2.7,51.9,-0.4
2017,29,1,29,300,-5.8,976.6,3.7,5.3,53.8,-0.7
2017,29,1,29,400,-6.3,976.1,4,14.9,63.9,-0.7
2017,29,1,29,500,-6.3,975.3,4.2,9.8,63.7,-0.7
2017,29,1,29,600,-5.6,974.8,3.3,333.9,61,-0.6
2017,29,1,29,700,-5.6,974.2,3.3,323,63.2,-0.6
2017,29,1,29,800,-5.6,973.8,3.6,322.7,66.4,-0.4
2017,29,1,29,900,-6,973.8,3.4,339.4,71.2,-0.3
2017,29,1,29,1000,-6.4,973.6,3.8,342.9,72.9,-0.4
2017,29,1,29,1100,-6.1,973.5,1.8,327.5,71.7,-0.2
2017,29,1,29,1200,-6.3,973.3,1.9,317.5,75.4,-0.4
2017,29,1,29,1300,-6.9,972.9,3.3,268.9,69.5,-0.4
2017,29,1,29,1400,-6.2,972.6,1.7,325.1,54.2,-0.3
2017,29,1,29,1500,-6.1,972.5,0.9,350.4,55.6,-0.3
2017,29,1,29,1600,-6.5,972.5,0.7,6.8,58.7,-0.3
2017,29,1,29,1700,-6.8,972.3,1.2,339.6,60.6,-0.3
2017,29,1,29,1800,-5.7,972.2,1.9,311.9,54,-0.2
2017,29,1,29,1900  4,44,972.3,0.7,315.8,50.4,-0.2
2017,29,1,29,2000,-5.5,972.5,1.7,320.6,47.8,-0.2
2017,29,1,29,2100,-5.4,972.6,2.4,352.6,54.6,-0.4
2017,29,1,29,2200,-4.1,972.7,2,18.5,45.9,-0.4
2017,29,1,29,2300,-4.1,972.9,1.9,16.2,46,-0.4
2017,30,1,30,0,-4,973,2.1,17.3,56.4,-0.4
2017,30,1,30,100,-4.3,973.3,2.1,11.1,63,-0.2
2017,30,1,30,200,-3.4,973.5,1.7,24.6,59.1,-0.4
2017,30,1,30,300,-3.4,974.1,1.8,19.9,58.9,-0.4
2017,30,1,30,400,-3.3,974.5,2.2,19.4,60.5,-0.5
2017,30,1,30,500,-2.6,974.9,2.3,16.8,69.3,-0.6
2017,30,1,30,600,-2.5,975.6,1.7,62.3,72.2,-0.6
2017,30,1,30,700,-3,976.4,1.4,101.9,79.2,-0.6
2017,30,1,30,800,-3.6,977.2,1.8,118.4,82.5,-0.4
2017,30,1,30,900,-2.2,977.6,1.1,154.7,76,0.1
2017,30,1,30,1000,-3.2,978.2,2.3,149.5,79.5,-0.2
2017,30,1,30,1100,-3.5,978.8,2.9,153.7,65.3,-0.2
2017,30,1,30,1200,-4.4,979.3,4.5,158.5,72.2,-0.5
2017,30,1,30,1300,-5.4,979.8,4.3,161.8,74.2,-0.3
2017,30,1,30,1400,-5.3,980.1,3.5,154,71.6,-0.3
2017,30,1,30,1500,-5.6,980.8,2.5,158.6,69.3,-0.3
2017,30,1,30,1600,-6.6,981.4,1.6,145.1,64.2,-0.3
2017,30,1,30,1700,-6.3,981.6,3.1,166.9,56.1,-0.3
2017,30,1,30,1800,-6.7,982,5.9,151.7,51.6,-0.4
2017,30,1,30,1900,-6.4,982.3,6.9,160,50.6,-0.5
2017,30,1,30,2000,-7.3,982.8,6.4,148.4,56.8,-0.6
2017,30,1,30,2100,-6.3,983.3,6.1,153.5,57.6,-0.5
2017,30,1,30,2200,-6.8,983.9,6.9,143.1,53,-0.7
2017,30,1,30,2300,-7.3,984.4,7.6,152.6,56.4,-0.7
2017,31,1,31,0,-6.6,984.9,9.1,148.6,50.3,-0.7
2017,31,1,31,100,-6.8,984.9,9.2,162,50.7,-0.6
2017,31,1,31,200,-7.1,984.9,8.5,156.8,53.6,-0.8
2017,31,1,31,300,-7.5,985,9.8,158.6,57.7,-0.7
2017,31,1,31,400,-7.3,984.9,12,158,56.7,-0.8
2017,31,1,31,500,-7.7,985.4,11.5,158.6,57.8,-0.8
2017,31,1,31,600,-7.7,985.7,12.7,166.2,55.9,-0.7
2017,31,1,31,700,-7.3,986.2,11.5,161.2,51.2,-0.7
2017,31,1,31,800,-6.9,986.3,10.2,164.1,51.5,-0.5
2017,31,1,31,900,-7.1,986.8,9.5,166.9,50,-0.5
2017,31,1,31,1000,-7.6,987.4,8.6,168.9,50,-0.4
2017,31,1,31,1100,-7.6,987.8,8,172.5,49.5,-0.4
2017,31,1,31,1200,-7.4,987.7,9,174.2,48.2,-0.4
2017,31,1,31,1300,-7.6,987.9,8.8,176.5,47.5,-0.4
2017,31,1,31,1400,-7.4,988,9.7,172.8,44.9,-0.3
2017,31,1,31,1500,-8,988.2,8.4,161.5,54.5,-0.4
2017,31,1,31,1600,-9.7,988.6,4.2,149.8,63.7,-0.4
2017,31,1,31,1700  -,10.4,988.9,4.9,142.4,68.3,-0.4
2017,31,1,31,1800  -,10.1,989.1,3.9,155.6,62.7,-0.3
2017,31,1,31,1900,-9.7,989.4,3.8,144.5,62.9,-0.4
2017,31,1,31,2000,-9.2,989.7,4.8,151.6,67.8,-0.5
2017,31,1,31,2100,-8.7,989.7,4.5,153.7,64,-0.4
2017,31,1,31,2200,-8.2,989.6,5.3,153.1,60.7,-0.6
2017,31,1,31,2300,-8.2,989.4,6,147.1,62.6,-0.6