2017,1,1,1,0,-3.1,993.9,4,85.1,80.6,0
2017,1,1,1,100,-2.7,993.4,4.7,81.1,76.8,0
2017,1,1,1,200,-2.8,993.4,4.8,86.4,79.5,-0.1
2017,1,1,1,300,-2.6,993.5,4.5,78.5,75.4,-0.1
2017,1,1,1,400,-2.7,993,4.4,79.8,77.2,-0.1
2017,1,1,1,500,-2.9,993.7,4.6,76.9,78.2,-0.1
2017,1,1,1,600,-3.1,993.4,3.8,79.2,79.8,0
2017,1,1,1,700,-3.6,993.7,4.4,82.8,85.8,0.1
2017,1,1,1,800,-3.8,993.1,4.7,81.3,85,0.1
2017,1,1,1,900,-4.3,992.9,4.5,78.4,89.1,0.1
2017,1,1,1,1000,-4.6,993.5,4.5,81.4,87.7,0.2
2017,1,1,1,1100,-4.8,993.2,4.2,87,89.3,0.2
2017,1,1,1,1200,-5.6,993.3,3.8,101,91,0.2
2017,1,1,1,1300,-5.9,993.1,2.3,60.9,91.3,0.2
2017,1,1,1,1400,-5.9,993.4,3.4,99,91.1,0.3
2017,1,1,1,1500,-6.2,993.1,3.7,97,93.7,0.2
2017,1,1,1,1600,-6.6,993.1,2.1,18.1,93.2,-0.1
2017,1,1,1,1700,-6.7,993.1,3,44.2,92.5,0.1
2017,1,1,1,1800,-7.1,992.7,2.6,46.5,92.5,0.2
2017,1,1,1,1900,-7.6,993,2,22.8,92.1,0.2
2017,1,1,1,2000,-8.3,993.1,2.1,39.1,93.4,1.1
2017,1,1,1,2100,-6.4,992,3.5,87.4,92.6,0.3
2017,1,1,1,2200,-7.1,992.2,3.3,80,92.8,0.7
2017,1,1,1,2300,-6.8,992.4,4.3,99.9,94.6,0
2017,2,1,2,0,-6.5,991.7,4.6,99.3,93.9,-0.1
2017,2,1,2,100,-6.3,990.9,5,84.5,93.3,0
2017,2,1,2,200,-5.9,990.9,4.4,82.3,91,-0.1
2017,2,1,2,300,-5.7,991,3.8,88.3,88.7,-0.2
2017,2,1,2,400,-5.8,990.4,4.1,81.4,89.4,-0.1
2017,2,1,2,500,-5.4,990.6,4,82.1,87.1,-0.2
2017,2,1,2,600,-5.7,989.3,3.7,72,88.2,-0.1
2017,2,1,2,700,-7.2,989.2,3.9,40.2,92.4,0.7
2017,2,1,2,800,-7.8,989.2,2.5,44.1,85.4,1
2017,2,1,2,900,-6.9,988.2,3,32.5,87.4,0.1
2017,2,1,2,1000,-7.3,987.4,3.7,41.8,88.6,0.4
2017,2,1,2,1100,-7.5,986.8,2.1,81.1,88.8,0.4
2017,2,1,2,1200  -,10,986.6,2.6,94.1,92.6,0.7
2017,2,1,2,1300  -,11.2,985.9,2.9,43.6,90.7,0.9
2017,2,1,2,1400  -,10.6,985.1,1,55.8,88.5,0
2017,2,1,2,1500  -,11.9,985,2.8,23.5,94,0.5
2017,2,1,2,1600,-8.5,983.5,2.2,16.5,76.7,1.7
2017,2,1,2,1700,-6.3,983.4,3.3,3.3,57.8,2
2017,2,1,2,1800  4,44,982.4,0.1,322.1,35.6,1.7
2017,2,1,2,1900  4,44,981.2,0.6,200.8,36.7,0.8
2017,2,1,2,2000,-5.1,981.1,1,280.3,57.5,-0.7
2017,2,1,2,2100,-3.1,979.5,1.6,311.6,47.6,-0.7
2017,2,1,2,2200,-1.4,979.3,0.9,243.7,42.5,-1
2017,2,1,2,2300,-0.5,978.4,1.7,210.3,43.8,-0.2
2017,3,1,3,0,-0.2,977.2,2.5,239.5,48.8,0.2
2017,3,1,3,100,0.2,975.6,5.2,287.9,45.4,0.2
2017,3,1,3,200,-0.1,975.2,7.3,290.5,47.8,0
2017,3,1,3,300,0.4,974.2,6.7,283.3,46.9,-0.1
2017,3,1,3,400,0.3,973.7,7.1,282.1,46.6,0.2
2017,3,1,3,500,0.1,973.3,5.6,288.3,47.5,0.3
2017,3,1,3,600,1.1,972.6,5.5,282.2,45.5,0.2
2017,3,1,3,700,1,972.3,5.7,284.2,44.5,0.3
2017,3,1,3,800,-0.1,971.8,6,289.2,56.3,0.3
2017,3,1,3,900,0,970.7,6.2,305.1,56.1,0.4
2017,3,1,3,1000,0.1,970.7,5.6,288.5,46.3,0.5
2017,3,1,3,1100,0.1,970.2,4.6,291.1,50.1,0.6
2017,3,1,3,1200,-0.5,970.7,6,310.1,63.4,0.3
2017,3,1,3,1300,-0.6,970.5,7.5,299.4,64.8,0.3
2017,3,1,3,1400,-0.8,970.4,5.6,302.6,50.6,0.3
2017,3,1,3,1500,0.2,970.8,5.8,284.8,60.9,0.4
2017,3,1,3,1600,-0.8,972,4.6,277.8,444,0.3
2017,3,1,3,1700,-0.8,972.1,7.2,305.4,67.9,0.3
2017,3,1,3,1800,-0.8,973.1,7.4,284.7,69.1,0.2
2017,3,1,3,1900,-1.3,973.5,7.2,290,79.2,0.1
2017,3,1,3,2000,-1.6,974.3,6.4,287.6,84.8,0
2017,3,1,3,2100,-1.7,974.9,8.3,286.6,88.6,0
2017,3,1,3,2200,-1.2,975.5,5,275.2,89.1,0
2017,3,1,3,2300,-1.5,976.6,6.1,292.6,90.1,-0.1
2017,4,1,4,0,-1.3,977.1,7,295.8,89.1,-0.1
2017,4,1,4,100,-1.7,977.7,8,291.9,90.5,-0.1
2017,4,1,4,200,-1.6,977.6,7.7,287.2,92.1,-0.1
2017,4,1,4,300,-1.5,979.2,8.1,287.8,88.5,0
2017,4,1,4,400,-1.5,979.4,6,262,94.5,-0.1
2017,4,1,4,500,-1.6,979.8,7.9,265.7,94.8,0
2017,4,1,4,600,-1.5,981.1,7.5,252.1,93.5,0
2017,4,1,4,700,-1,982.4,6.8,277.3,91.7,0
2017,4,1,4,800,-0.7,982.8,5.4,261.1,91.8,0
2017,4,1,4,900,-0.4,983.9,4.6,235.6,91.2,0.1
2017,4,1,4,1000,-0.2,984.9,2.6,194.3,96.1,-0.1
2017,4,1,4,1100,-0.9,986,4,235.4,96.7,0
2017,4,1,4,1200,-1.7,986.8,4.4,254.2,96.8,0
2017,4,1,4,1300,-1.8,988.2,5.1,257.4,95.8,0.1
2017,4,1,4,1400,-1.7,988.8,4.6,263.4,96.2,0
2017,4,1,4,1500,-1.8,989.6,4.8,255.7,96.8,0.1
2017,4,1,4,1600,-2,991.4,4.2,247,97.1,0
2017,4,1,4,1700,-3.6,992.4,3.1,210.6,92.2,0.8
2017,4,1,4,1800,-3.4,993.6,0.8,263,90.1,-0.2
2017,4,1,4,1900,-3.2,995,1.2,204.4,86.7,-0.4
2017,4,1,4,2000,-3,995.6,0.9,211.3,81.8,-0.5
2017,4,1,4,2100  4,44,997.4,0.2,85.2,61.9,-0.3
2017,4,1,4,2200,-2,998.6,3.5,150.6,84.3,-0.3
2017,4,1,4,2300,-2.3,999,6.7,152.2,88.4,-0.1
2017,5,1,5,0,-1.7,999.6,7,151.2,89.5,0
2017,5,1,5,100,-1.8,1000.7,9.5,153.9,90.4,-0.1
2017,5,1,5,200,-1.8,1001.1,10.3,153.4,91.4,-0.1
2017,5,1,5,300,-1.6,1002.3,10.1,154.8,91.7,-0.1
2017,5,1,5,400,-1.6,1002.5,7.6,150.7,91.8,-0.1
2017,5,1,5,500,-1.6,1003.2,8.2,153.3,91.1,-0.1
2017,5,1,5,600,-1.6,1003.7,6.5,153.2,90.2,-0.1
2017,5,1,5,700,-1.8,1003.6,8.9,155.3,89.9,0
2017,5,1,5,800,-1.7,1004.6,5.7,150.7,88.8,-0.1
2017,5,1,5,900,-2.2,1004.1,5.3,150.2,92.2,0
2017,5,1,5,1000,-2.3,1004.8,3.6,142.5,91.3,0.1
2017,5,1,5,1100,-2.6,1004.5,3.9,136.5,89.3,0.2
2017,5,1,5,1200,-3.1,1005.2,3.4,60.7,93.7,0
2017,5,1,5,1300,-2.9,1004.9,4,70.5,95.1,0.1
2017,5,1,5,1400,-2.9,1004.7,2.3,86.3,94.8,0.1
2017,5,1,5,1500,-2.9,1004.5,3.2,86.2,95.6,0.1
2017,5,1,5,1600,-3.6,1003.4,3.1,101.6,93,0
2017,5,1,5,1700,-3.9,1003.8,4.2,88.6,94.4,0.1
2017,5,1,5,1800,-4,1003.6,4.9,90.1,93.3,0
2017,5,1,5,1900,-3.9,1003.4,5.1,97.2,92.5,-0.1
2017,5,1,5,2000,-4.6,1003,5.2,93.4,93.9,0
2017,5,1,5,2100,-4,1002.2,4.4,77.9,92.1,0
2017,5,1,5,2200,-3.3,1001.8,3.7,75.8,88.4,-0.2
2017,5,1,5,2300,-2.9,1000.9,2.9,79.3,85.5,-0.1
2017,6,1,6,0,-2.2,1001.2,1.6,118.5,78.4,0
2017,6,1,6,100,-2.6,1000.4,2.4,114.3,83.1,0
2017,6,1,6,200,-2.4,999.6,2.7,66.2,84.8,-0.2
2017,6,1,6,300,-2.8,998.1,3.9,62.5,89.4,-0.1
2017,6,1,6,400,-2.6,997.9,3,73,88.7,-0.2
2017,6,1,6,500,-2.5,997.3,2.7,73.5,87.2,-0.2
2017,6,1,6,600,-2.8,996.8,2.5,97.7,86.5,0
2017,6,1,6,700,-3.2,996.1,2.3,82.2,85.5,-0.2
2017,6,1,6,800,-4.2,995.6,2.9,66.2,90.1,0.1
2017,6,1,6,900,-5.3,995.2,2.1,82.6,91.4,0.2
2017,6,1,6,1000,-5.6,994.5,1.9,80,87.4,0.7
2017,6,1,6,1100,-7.8,994.2,2.1,104.7,87.7,1.1
2017,6,1,6,1200,-6.3,993.5,1.6,104.1,86.6,1.9
2017,6,1,6,1300,-7.8,993.2,2.2,90.2,88.6,1.9
2017,6,1,6,1400,-9.6,992.1,2.7,74.7,98.1,1.9
2017,6,1,6,1500,-8.8,992.1,1.6,44.5,96.6,0.1
2017,6,1,6,1600,-7.1,991.5,2.3,47.8,96.1,0.3
2017,6,1,6,1700,-6.9,991.1,2,46.1,94.3,-0.2
2017,6,1,6,1800,-6.3,991.1,1.3,68.9,88.5,0
2017,6,1,6,1900,-3.4,991.4,1.3,135.2,82.1,-0.1
2017,6,1,6,2000,-0.9,991.3,0.7,130.3,72.7,-0.2
2017,6,1,6,2100,-0.8,991,1.2,28.3,70.6,-0.5
2017,6,1,6,2200,-0.3,990.7,0.9,18.1,72.5,-0.5
2017,6,1,6,2300,0.1,991.2,1.8,37,74.7,-0.9
2017,7,1,7,0,0,991.2,3.1,238.3,77.1,-0.2
2017,7,1,7,100,-0.3,991,4.6,244.1,77.4,-0.1
2017,7,1,7,200,-0.2,990.5,4.4,248.4,75.4,-0.2
2017,7,1,7,300,-0.2,990.5,5.1,242.1,76.3,0
2017,7,1,7,400,0.1,991.2,5.1,248.2,70,-0.1
2017,7,1,7,500,0,991.4,4,263.2,73,-0.3
2017,7,1,7,600,-0.1,991.1,3.8,255.3,77.8,-0.3
2017,7,1,7,700,-0.4,991.8,4.3,250,76.3,-0.1
2017,7,1,7,800,-0.8,992.1,2.5,238,79.4,-0.1
2017,7,1,7,900,-1.1,992.7,2.3,212.4,81.6,0.3
2017,7,1,7,1000,-2,993,3.6,216.4,85.7,0.5
2017,7,1,7,1100,-3.2,993.5,1.3,253.5,87.1,-0.3
2017,7,1,7,1200,-4.1,994.1,3.5,237.1,99,1.3
2017,7,1,7,1300,-4.8,994.6,10.5,158.5,82.3,0
2017,7,1,7,1400,-5,994.6,5.9,150.7,84.4,0.1
2017,7,1,7,1500,-4.3,995.2,9,174.1,85.1,0.1
2017,7,1,7,1600,-4.7,996.3,8.9,162,89.2,0
2017,7,1,7,1700,-4.8,997.1,9.3,147.5,89.5,0.1
2017,7,1,7,1800,-5,997.5,10.3,154.7,90.8,0
2017,7,1,7,1900,-5.1,997.3,9.4,148.5,89.5,0
2017,7,1,7,2000,-4.5,997.5,10.1,152.2,86.9,0
2017,7,1,7,2100,-4.7,997.9,10.6,150.8,89.7,0
2017,7,1,7,2200,-4.7,997.8,11.3,158.8,91,0
2017,7,1,7,2300,-4.5,998.6,11.2,158.5,89.4,0
2017,8,1,8,0,-4.5,998.1,12.1,158.3,90.4,0
2017,8,1,8,100,-4.1,998.8,10,131.4,86.9,0
2017,8,1,8,200,-4.3,998.7,13.1,165.2,87.4,0
2017,8,1,8,300,-4.3,998.1,11.8,164.3,87.5,-0.1
2017,8,1,8,400,-3.7,998.9,7.2,145.8,86.1,0
2017,8,1,8,500,-3.1,998.8,9.3,153.3,81.5,-0.1
2017,8,1,8,600,-3.5,999,9.8,157.4,88.8,0
2017,8,1,8,700,-3.2,999.3,3.6,94.6,83,0
2017,8,1,8,800,-3.5,999.2,3.2,44.3,84.6,-0.1
2017,8,1,8,900,-3.5,998.7,6.3,56.2,86.9,0
2017,8,1,8,1000,-4.4,999.6,6.4,68.1,88.3,0.1
2017,8,1,8,1100,-5,999.7,5.9,62.3,89,0.2
2017,8,1,8,1200,-4.6,998.8,6.2,65.4,87.2,0.2
2017,8,1,8,1300,-4.5,999,6.1,61.1,86.3,0.1
2017,8,1,8,1400,-4.7,998.9,5.8,58.6,84.4,0.2
2017,8,1,8,1500,-4.7,997.8,5.9,66.1,83.8,0.3
2017,8,1,8,1600,-6.1,998.1,3.8,59.4,84.1,0.5
2017,8,1,8,1700,-4.9,998.8,5.6,83.6,84.1,0.2
2017,8,1,8,1800,-5.9,998.4,4.5,71.7,90.5,0.4
2017,8,1,8,1900,-5.1,998.5,5.2,60.2,89.2,0
2017,8,1,8,2000,-5.5,998.1,4.4,54.1,88,0.2
2017,8,1,8,2100,-5.1,997.5,4.1,68.6,86.7,0.1
2017,8,1,8,2200,-3.6,997.4,4,74.9,82,0
2017,8,1,8,2300,-3,997.1,4.3,65,78.5,-0.1
2017,9,1,9,0,-2.8,996.8,2.3,56.8,76.7,0
2017,9,1,9,100,-1.3,997.3,2,34.6,66.8,-0.3
2017,9,1,9,200,-0.9,997.3,1.6,71.7,58.5,0.2
2017,9,1,9,300,-0.7,997.1,2.7,72.6,60.1,0
2017,9,1,9,400,-1.5,996.2,3.3,73,67.8,0
2017,9,1,9,500,-2,996.1,4.6,60.8,62.6,0.1
2017,9,1,9,600,-2.3,996.5,3.5,56.9,69.6,0
2017,9,1,9,700,-1.9,996.6,1,55.3,58.8,0.2
2017,9,1,9,800,-2.7,995.8,2.1,14,67,-1.6
2017,9,1,9,900,-3,996,1.2,8.3,67.5,-0.2
2017,9,1,9,1000,-3.7,996.4,1.1,346.1,68.6,-0.1
2017,9,1,9,1100,-3.3,996.8,1,19.7,61.9,0.1
2017,9,1,9,1200,-3.2,996.5,0.7,42,57.3,0.6
2017,9,1,9,1300  4,44,996.3,1.2,45.6,57.4,1.6
2017,9,1,9,1400,-5.8,996.3,2.6,47.5,79.5,0.6
2017,9,1,9,1500,-5.5,996.3,2.5,12.1,67.7,0.5
2017,9,1,9,1600,-4.3,996.1,2.1,22.5,65.7,0.1
2017,9,1,9,1700,-3.5,996.5,2.9,46.3,59.4,1.4
2017,9,1,9,1800,-3.6,996.1,1.2,16.7,54.8,-0.4
2017,9,1,9,1900,-3.6,996.3,1.3,43.9,57.8,0.2
2017,9,1,9,2000,-4.8,996.8,2.5,66,67,1
2017,9,1,9,2100,-3.6,996.3,2.6,74.5,65.5,0.6
2017,9,1,9,2200,-3,997.3,4,62.6,71.2,0.1
2017,9,1,9,2300,-3.3,996.9,4.6,16.4,61.3,-0.8
2017,10,1,10,0,-2.1,996.6,6.4,44.5,63.1,-0.1
2017,10,1,10,100,-2.2,997.1,4.5,28.2,62.7,-0.3
2017,10,1,10,200,-2.1,996.8,4.8,50.2,60.5,0
2017,10,1,10,300,-2.1,997.1,4,25.1,67.8,-0.6
2017,10,1,10,400,-2.1,996.8,3.2,40.7,63.2,-0.2
2017,10,1,10,500,-2.2,997.6,1.9,36,67.5,-0.7
2017,10,1,10,600,-2.6,996.8,3,63.7,64.3,0
2017,10,1,10,700,-3.4,997.1,2.8,14,70,-1.9
2017,10,1,10,800,-4.1,997.5,3.6,10,67.5,-1.5
2017,10,1,10,900,-5,997.3,2.7,23.6,69,0.2
2017,10,1,10,1000,-6,997.1,4,29,72,1.3
2017,10,1,10,1100,-7.3,997.1,3.5,38.6,76.8,0.9
2017,10,1,10,1200,-7.6,997.4,3.7,19.3,76,1.9
2017,10,1,10,1300  -,10.4,997.3,2.9,84.3,73.7,0.7
2017,10,1,10,1400  -,12.4,997.2,2.5,33.5,75.1,0.4
2017,10,1,10,1500  -,10.8,997.4,2.8,27,70.1,0.6
2017,10,1,10,1600,-7.8,997.4,3.3,17.2,60,1.4
2017,10,1,10,1700,-9.1,997.3,4.3,37.5,64.6,1
2017,10,1,10,1800,-9.7,997.6,4.2,9.5,75,-0.4
2017,10,1,10,1900,-8.6,997.8,4,17.8,76.2,-0.2
2017,10,1,10,2000,-7.3,998,4.1,9.1,74.7,-1
2017,10,1,10,2100,-6.5,998.1,3.6,27.4,74.4,-0.3
2017,10,1,10,2200,-6.1,997.5,4.5,46.2,74.8,-0.1
2017,10,1,10,2300,-4.6,998.2,4.3,74.9,71.3,0.1
2017,11,1,11,0,-2.8,998.6,3.5,63.2,53.5,0.2
2017,11,1,11,100,-2.1,997.8,3,45.4,59.2,0.2
2017,11,1,11,200,-1,998.4,2.9,89.7,42.9,0.1
2017,11,1,11,300,-1.7,997.8,5.9,127.1,61.9,-0.1
2017,11,1,11,400,-0.8,998.2,2,98,51.6,0.1
2017,11,1,11,500,-1.3,998.7,2.4,111.4,59.9,-0.1
2017,11,1,11,600,-1.8,998.7,3.3,111,56,0.1
2017,11,1,11,700,-2.3,998.1,7.1,136.8,59.6,0.2
2017,11,1,11,800,-3.4,999.6,2.7,115.2,65.7,0.2
2017,11,1,11,900,-4.2,998.9,4.5,121.5,67.5,0.3
2017,11,1,11,1000,-4.1,1000,5,122.1,57.6,1
2017,11,1,11,1100,-6.5,999.7,4.8,65.2,71.9,0.5
2017,11,1,11,1200,-7.3,999.6,4.4,67,76.1,0.7
2017,11,1,11,1300,-7.9,1000,5.3,71.7,80.9,0.5
2017,11,1,11,1400,-8.8,1000.1,4.9,56.3,85.5,0.3
2017,11,1,11,1500,-9.1,1000.4,4.6,74.3,84.6,0.6
2017,11,1,11,1600,-9.3,1000.7,3.6,25.6,85,0.4
2017,11,1,11,1700,-9.2,1000.1,4,11.2,87.3,-0.4
2017,11,1,11,1800,-7.5,1001.3,3.8,26,82.1,0.1
2017,11,1,11,1900,-6.2,1001.6,3,33.5,77.7,0.4
2017,11,1,11,2000,-6.3,1001.9,1.8,52.9,79.4,-0.4
2017,11,1,11,2100,-6.2,1002,7.8,96.5,84.6,-0.1
2017,11,1,11,2200,-5.6,1002.4,5.5,87.7,84,0
2017,11,1,11,2300,-5.5,1002.2,6.7,85.1,87.4,0.1
2017,12,1,12,0,-5.5,1002.5,5.8,88.7,90.4,0
2017,12,1,12,100,-4.7,1002.5,5.7,107.2,82.4,-0.1
2017,12,1,12,200,-5.7,1002.6,7.6,51.6,87.9,0
2017,12,1,12,300,-5.2,1002.4,7.1,49.5,80.8,0.1
2017,12,1,12,400,-3.9,1002.4,4.5,81.8,72.5,0.2
2017,12,1,12,500,-3.6,1003.2,3.4,122.6,73.5,0
2017,12,1,12,600,-4,1002.6,6.3,83.1,76.3,-0.1
2017,12,1,12,700,-4.4,1002.2,6.7,60.5,76.7,0.1
2017,12,1,12,800,-4.4,1002,6.1,72.7,76,0.2
2017,12,1,12,900,-4.6,1002.4,6.9,91.4,79.7,0.2
2017,12,1,12,1000,-4.9,1002.4,5.8,90.1,79.8,0.2
2017,12,1,12,1100,-5.3,1003.1,5.6,81,82.7,0.3
2017,12,1,12,1200,-5.6,1002.8,5.2,73.5,87.6,0.3
2017,12,1,12,1300,-5.8,1002.4,5.5,91.9,89.7,0.2
2017,12,1,12,1400,-6,1003.2,4.7,85.7,88.3,0.2
2017,12,1,12,1500,-6,1003,5.3,90.7,81.4,0.2
2017,12,1,12,1600,-5.6,1002.8,5.5,105.3,77.7,0.3
2017,12,1,12,1700,-4.9,1002.8,6.1,102.3,78.4,0.1
2017,12,1,12,1800,-5.4,1002.8,5.8,74.3,84.6,0.1
2017,12,1,12,1900,-5.7,1003,5.3,74.9,87.6,0
2017,12,1,12,2000,-5.6,1002.7,5.2,85.5,84.9,0
2017,12,1,12,2100,-5.1,1003.5,4.9,72.3,80.7,0
2017,12,1,12,2200,-4.3,1003,3.4,69.6,67.1,0
2017,12,1,12,2300,-4,1002.6,4.3,100.4,68.8,0
2017,13,1,13,0,-4.5,1003.1,8.8,142.4,75.8,0
2017,13,1,13,100,-5.3,1002,13.6,171.7,94.6,0
2017,13,1,13,200,-5.2,1001.4,14.4,170.4,95.3,0
2017,13,1,13,300,-5,1002,12.6,168.9,95.1,-0.1
2017,13,1,13,400,-4.7,1002.5,12.9,177.3,95.7,0
2017,13,1,13,500,-4.4,1002.4,12.4,179.9,95.4,0
2017,13,1,13,600,-4.9,1002.5,12.5,179.1,96.1,0
2017,13,1,13,700,-4.5,1002.8,12,177.9,94.6,0.1
2017,13,1,13,0800  4,44,444,444,444,444,444
2017,13,1,13,0900  4,44,444,444,444,444,444
2017,13,1,13,1000,-4.6,444,11.7,168.9,91.1,0.2
2017,13,1,13,1100,-4.4,1003,11.9,169.6,92.5,0.2
2017,13,1,13,1200,-4.1,1004,10.4,162,89.5,0.1
2017,13,1,13,1300,-4,1004.3,5.2,159.6,88.9,0.1
2017,13,1,13,1400,-3.9,1004.6,2.6,78.3,86.9,0.1
2017,13,1,13,1500,-3.5,1004.8,3.5,138.1,83.8,0.1
2017,13,1,13,1600,-3.2,1004.6,3.8,145.1,79.7,0.2
2017,13,1,13,1700,-4.2,1004.8,6.1,159.8,90.5,0.1
2017,13,1,13,1800,-4.1,1005,9.1,165.5,92.8,0.1
2017,13,1,13,1900,-3.6,1004.6,7.4,160.6,86.5,0.2
2017,13,1,13,2000,-2.9,1006.1,4.2,105.1,74,0.1
2017,13,1,13,2100,-2.1,1006.1,3.8,129.6,66.5,0.1
2017,13,1,13,2200,-2.6,1005.9,5.5,130.6,77.7,0.1
2017,13,1,13,2300,-2.4,1006.6,4.3,119.6,68.6,0.1
2017,14,1,14,0,-2.1,1007,2.4,88.1,69.4,0.1
2017,14,1,14,100,-1.8,1006.6,4.4,97.2,64.6,0.2
2017,14,1,14,200,-1.8,1007.1,6.2,132.6,68.1,0.2
2017,14,1,14,300,-2.1,1007.1,3.8,91.3,62.8,0.2
2017,14,1,14,400,-1.5,1007.2,3.9,74.4,57.5,0.2
2017,14,1,14,500,-1.4,1007.2,5.3,88.7,59.4,0.2
2017,14,1,14,600,-1.6,1007.6,6.6,104.5,65.4,0.3
2017,14,1,14,700,-3.1,1007.4,5.6,133,77.3,0.1
2017,14,1,14,800,-3.9,1007.1,5.5,144.7,79,0
2017,14,1,14,900,-3.4,1007.7,6.1,115.4,76.1,0.2
2017,14,1,14,1000,-3.5,1008.1,3.8,106.9,84.8,0.1
2017,14,1,14,1100,-2.9,1007.9,4.5,122.7,79.4,0.2
2017,14,1,14,1200,-3,1007.9,5.9,124.3,80.4,0.1
2017,14,1,14,1300,-2.5,1006.9,3.7,84.6,85.2,0.2
2017,14,1,14,1400,-3.5,1006.6,4.3,75.5,95.2,0
2017,14,1,14,1500,-2.9,1006.9,2.5,67.2,87.9,0.2
2017,14,1,14,1600,-2.6,1006.2,3.7,45.1,91.6,0.1
2017,14,1,14,1700,-2.7,1006.8,4.1,51.7,96,0.1
2017,14,1,14,1800,-2.8,1006.2,5.3,53.2,95.4,0.1
2017,14,1,14,1900,-3.2,1005.8,4.8,51.2,93.9,0
2017,14,1,14,2000,-3.1,1006.2,5.4,77.8,87,0.1
2017,14,1,14,2100,-3.2,1005.9,4.7,71,88.1,0.1
2017,14,1,14,2200,-3,1005.3,5.7,81.7,89,0
2017,14,1,14,2300,-3.4,1005.2,6,80.4,89.2,0
2017,15,1,15,0,-3,1004.4,5.6,75.2,88.3,0.2
2017,15,1,15,100,-2.9,1004.8,5.7,78.2,89,0.1
2017,15,1,15,200,-2.9,1003.5,4.6,86.7,88.1,0.1
2017,15,1,15,300,-2.7,1003.7,4.9,87.3,89,0
2017,15,1,15,400,-2.9,1002.3,5.2,91.9,90.5,-0.1
2017,15,1,15,500,-3.1,1002.7,4.8,80.1,89.6,0
2017,15,1,15,600,-4,1002,4.8,71.7,95.3,-0.1
2017,15,1,15,700,-4.4,1002.4,4.2,30.2,98,-0.2
2017,15,1,15,800,-4.8,1001.2,4.5,33.1,98.1,-0.1
2017,15,1,15,900,-4.4,1000.7,3.9,46.8,98.2,-0.1
2017,15,1,15,1000,-4.8,1001,3,37.4,93.6,0.2
2017,15,1,15,1100,-4.6,999.7,3.5,35.7,97.7,0.1
2017,15,1,15,1200,-1.4,999.4,3.9,292.8,90.2,0
2017,15,1,15,1300,-2,998.8,4.9,294.5,90.9,0.3
2017,15,1,15,1400,-2,999,4.3,294,87.5,0.5
2017,15,1,15,1500,-2.4,998,5,298,89.2,0.7
2017,15,1,15,1600,-2.6,997.7,4.4,298.1,88.9,0.3
2017,15,1,15,1700,-2.5,998.3,4.5,291.2,88,0.2
2017,15,1,15,1800,-2.5,998.1,6,293.1,88,0.1
2017,15,1,15,1900,-1.5,998.3,3.3,318.9,80.9,-0.4
2017,15,1,15,2000,-3.9,997.5,2.8,60.8,94.5,-0.1
2017,15,1,15,2100,-4,997.9,3.8,42.4,96.4,-0.2
2017,15,1,15,2200,-3.6,997.6,3,29.4,93.6,-0.4
2017,15,1,15,2300,-3.4,997.5,2.5,37.1,88.3,-0.4
2017,16,1,16,0,-2.2,998,1.8,49.3,83.8,-0.2
2017,16,1,16,100,-1.4,998.1,1.2,27.8,77.9,-1.2
2017,16,1,16,200,-1.3,997.9,1.3,27.7,76.5,-1.1
2017,16,1,16,300,-0.7,998.1,1,66.3,78,0.1
2017,16,1,16,400,-1.1,998.2,1.6,1.7,83,-1.6
2017,16,1,16,0500  4,44,998.4,0.3,302.4,64,-0.4
2017,16,1,16,600,-0.2,998.4,1.7,229.5,70.4,-0.4
2017,16,1,16,700,-0.3,998.9,1.8,233.6,70.8,-0.3
2017,16,1,16,800,-0.1,998.9,0.8,290,66.2,-0.8
2017,16,1,16,900,-2.2,998.9,1.6,14.2,77,2.6
2017,16,1,16,1000,-2.3,998.6,1.1,25.6,76,3.7
2017,16,1,16,1100,-2.9,999.6,1,6.7,80.5,3.4
2017,16,1,16,1200,-5,999.7,1.3,38.1,80.2,4.2
2017,16,1,16,1300,-3.8,1000.1,2.4,32,82.6,5.8
2017,16,1,16,1400,-7.6,999.9,2.9,33.4,92.5,3.3
2017,16,1,16,1500,-7.4,999.4,3.1,38.8,90.4,3.6
2017,16,1,16,1600,-9.7,1000.1,2.9,38.7,91,1.5
2017,16,1,16,1700,-9.1,999.9,2.8,40.9,89.2,1.6
2017,16,1,16,1800,-8.7,1000.2,2.6,35.4,92,1.2
2017,16,1,16,1900,-7.7,1001,2.5,39.9,87.7,0.4
2017,16,1,16,2000,-6.8,1001.7,2.2,47.1,84.5,0
2017,16,1,16,2100,-4.8,1001,1.9,67.9,79.3,1
2017,16,1,16,2200,-4.9,1001.4,2.3,93.6,78.9,0.6
2017,16,1,16,2300,-4.2,1001.5,2.5,66.9,79.5,0
2017,17,1,17,0,-2,1002,1.5,45.1,72,-0.1
2017,17,1,17,100,-1.2,1002,2.4,39.1,75.6,-0.2
2017,17,1,17,200,-1.9,1002.5,2.5,51.3,74,-0.1
2017,17,1,17,300,-1.8,1002,1.8,54.9,74.7,-0.1
2017,17,1,17,400,-2.4,1002.1,3.4,80.3,68.4,0
2017,17,1,17,500,-3,1003.2,4.1,87.9,62.2,0
2017,17,1,17,600,-3.8,1002.8,3.5,83.2,73,0
2017,17,1,17,700,-4.3,1003.5,2.4,29.9,75.6,-0.9
2017,17,1,17,800,-5.1,1003.7,2.4,30.3,72.7,0.6
2017,17,1,17,900,-5,1004.3,1.8,45.1,70.6,0.6
2017,17,1,17,1000,-5.3,1004.3,2.5,61.2,70,1.1
2017,17,1,17,1100,-6.3,1004.5,2.6,43.9,72.3,1.7
2017,17,1,17,1200,-6.8,1004.7,2.4,21.6,78.1,1.2
2017,17,1,17,1300,-7.7,1004.5,2.1,100,85.1,1.1
2017,17,1,17,1400,-9.4,1004.6,2.6,67.1,91.7,1.7
2017,17,1,17,1500  -,12.3,1004.6,3.1,29.3,94.5,1.2
2017,17,1,17,1600  -,12.2,1004.4,3.5,13.3,92,1.6
2017,17,1,17,1700  -,13.4,1004.7,3.4,44.6,89.4,0.3
2017,17,1,17,1800  -,11.8,1004.6,3.2,40.8,89.5,0.2
2017,17,1,17,1900  -,10,1004.8,3,29.4,89.3,0.2
2017,17,1,17,2000,-8.8,1004.7,3.9,31.5,87.5,-0.2
2017,17,1,17,2100,-7.6,1004.3,4.2,35.2,80.1,-0.1
2017,17,1,17,2200,-7.2,1004.8,4.4,43.7,79.3,0.1
2017,17,1,17,2300,-6.5,1004.5,3.8,61.4,73.8,0.1
2017,18,1,18,0,-5.9,1004,5,58.9,71.9,0
2017,18,1,18,100,-5.9,1004.3,5.2,57,73.2,0
2017,18,1,18,200,-5.9,1004.1,4.7,53.1,72.7,0
2017,18,1,18,300,-5.4,1003.7,4,57.5,73.8,-0.1
2017,18,1,18,400,-5.6,1003,4.4,70.5,74.3,0.1
2017,18,1,18,500,-5.6,1003.4,4.1,52.4,74.8,-0.1
2017,18,1,18,600,-5.5,1002.8,4.1,69.1,70.3,0.1
2017,18,1,18,700,-6.1,1002.7,3.7,70.9,70.1,0.2
2017,18,1,18,800,-7.2,1002.4,3.3,57.3,73.3,0.3
2017,18,1,18,900,-8,1002.8,3.2,43.9,70.9,1.4
2017,18,1,18,1000  -,10.3,1002.5,2.7,38.9,78.2,0.7
2017,18,1,18,1100,-8.3,1002.3,3.1,29.7,71.7,3.5
2017,18,1,18,1200,-8.4,1002.4,2.3,25.7,67.9,4.2
2017,18,1,18,1300,-8.7,1002.1,2.6,21,69.8,5.9
2017,18,1,18,1400,-9.2,1001.8,2.9,17,77.3,5.3
2017,18,1,18,1500  -,13.4,1001.7,3.4,44.9,79,2.3
2017,18,1,18,1600  -,11.4,1001.8,3.8,24.2,77.6,3
2017,18,1,18,1700  -,10.8,1001.7,3.2,53.4,80.4,2.8
2017,18,1,18,1800  -,10,1002,3,66.2,77.4,2.7
2017,18,1,18,1900  -,13.4,1002.2,2.8,15.6,80.4,-0.9
2017,18,1,18,2000  -,11.9,1002.2,3,43.3,80.8,0
2017,18,1,18,2100  -,10,1002,2.7,52.3,77.5,-0.1
2017,18,1,18,2200,-9,1001.9,2.9,61.1,77.6,-0.1
2017,18,1,18,2300,-8.7,1001.9,2.6,38.1,78,-0.3
2017,19,1,19,0,-7.9,1002.1,2.9,37.6,77.8,-0.1
2017,19,1,19,100,-8.5,1000.9,3.3,22.3,79.8,-0.3
2017,19,1,19,200,-6.6,1000.9,3.7,36.2,76.1,-0.2
2017,19,1,19,300,-6.8,1001,2.7,52.7,78.1,-0.1
2017,19,1,19,400,-6.8,1000.7,3.4,75.4,79,0.2
2017,19,1,19,500,-6.8,1001.2,3,53.3,81.3,-0.1
2017,19,1,19,600,-6.7,1001.4,3,31.6,82.1,-0.1
2017,19,1,19,700,-6.6,1001.8,2.5,18.3,80.2,-0.3
2017,19,1,19,800,-6.7,1001.4,2,27,79.6,0
2017,19,1,19,900,-5.8,1001.4,0.4,73.2,65.2,0.4
2017,19,1,19,1000,-6.6,1001.9,1.8,81.6,73.4,0.2
2017,19,1,19,1100,-6.9,1001.8,1.6,71.6,73.8,-0.1
2017,19,1,19,1200,-7,1001.4,2.1,73.5,72.4,0.1
2017,19,1,19,1300,-7.4,1001.6,1.7,40.2,74.7,-0.2
2017,19,1,19,1400,-7.8,1001.6,1.9,44.3,74.3,2
2017,19,1,19,1500,-7.6,1001.8,1.5,30.9,73.8,2.7
2017,19,1,19,1600,-7.4,1002.5,1.7,58.4,72.2,2.6
2017,19,1,19,1700,-7.3,1002.3,0.7,3.9,77.7,2.6
2017,19,1,19,1800,-6.9,1002.2,0.2,57.2,77.3,2.2
2017,19,1,19,1900,-7.3,1002.5,1.8,46.9,85.6,1.7
2017,19,1,19,2000,-7.9,1002.8,2.4,52.2,80.8,0.2
2017,19,1,19,2100,-6.6,1003.3,1.8,36.7,75.2,-0.1
2017,19,1,19,2200,-6.4,1003.7,1.8,49.2,78.5,0.1
2017,19,1,19,2300,-5.7,1004.1,0.7,15.1,74.2,-1.4
2017,20,1,20,0,-3.6,1004.5,0.9,62.3,67.2,1.7
2017,20,1,20,100,-4.1,1004.5,1.4,41.8,73.5,0.2
2017,20,1,20,0200  4,44,1004.4,0.5,68.9,59.2,0.7
2017,20,1,20,300,-3.2,1004.7,1.3,24.8,70.8,-0.9
2017,20,1,20,400,-2.9,1004.3,1.3,18.8,72.2,-2.7
2017,20,1,20,500,-3.3,1004.6,1.3,49.4,73.6,-0.4
2017,20,1,20,600,-4.2,1004,1.9,54.2,81.4,-0.2
2017,20,1,20,700,-4.6,1004,1.9,80.2,78.5,0.3
2017,20,1,20,800,-6.7,1004.5,2.3,75.2,87.9,0.6
2017,20,1,20,900,-5.3,1004.7,1.5,50.1,76.9,1.3
2017,20,1,20,1000,-6,1004.1,1.7,87.5,83.9,1.1
2017,20,1,20,1100,-6.7,1004.3,1.5,72.6,88.2,2.6
2017,20,1,20,1200,-9,1003.7,2.8,50.2,96.4,4.1
2017,20,1,20,1300  4,44,1003.7,1.6,41.6,84.7,5.3
2017,20,1,20,1400,-8.7,1003.6,1.6,48.2,84,1.1
2017,20,1,20,1500,-7.9,1003.8,1,100.3,86.6,0.6
2017,20,1,20,1600,-7.8,1003.3,2.7,116,88.6,0.6
2017,20,1,20,1700  4,44,1002.7,0.4,160.9,79.9,1.2
2017,20,1,20,1800,-6.3,1002.6,2.2,132.5,84.4,1.2
2017,20,1,20,1900  4,44,1002.1,0,0,62.1,2.9
2017,20,1,20,2000,-5.6,1002.5,2.1,276,79.3,0.2
2017,20,1,20,2100,-3.6,1001.7,3.4,340.6,74,-0.1
2017,20,1,20,2200,-2.9,1002.2,0.5,145.6,64.1,0.1
2017,20,1,20,2300,-3.2,1001,2,53.9,66.4,0.7
2017,21,1,21,0,-2.9,1001.1,1.2,70.8,65.7,0.6
2017,21,1,21,100,-2.8,999.7,1.4,80.3,75,0.1
2017,21,1,21,200,-1.3,998.9,1.7,23.9,42.9,-0.7
2017,21,1,21,300,-1.7,999.2,2.2,151.1,71.4,-0.1
2017,21,1,21,400,-1.3,998.1,1.4,182.4,68,-0.4
2017,21,1,21,500,-3.3,998.3,4.4,99.6,77.5,0
2017,21,1,21,600,-4.5,997.9,6.3,98.5,74.1,-0.2
2017,21,1,21,700,-5.6,997.8,7.7,98.7,80.5,-0.1
2017,21,1,21,800,-5.7,997.8,6.5,89.1,76.7,0
2017,21,1,21,900,-6,996.6,7,102.5,69.8,0.4
2017,21,1,21,1000,-8.3,996.2,4.5,69.2,84.3,0.3
2017,21,1,21,1100,-9.4,996.8,3.3,45,86,0.3
2017,21,1,21,1200  -,10.8,995.7,3.8,11.5,92.2,1
2017,21,1,21,1300  -,10.8,995.4,3.2,11.5,92,1.6
2017,21,1,21,1400  -,11.1,994.9,3.1,25.4,91.1,0.8
2017,21,1,21,1500  -,12.7,993.5,3.9,14.7,91.2,0.6
2017,21,1,21,1600  -,11.9,993.2,3.7,10.6,89.1,0.3
2017,21,1,21,1700  -,11.1,993.5,4.1,29.2,87.9,1.7
2017,21,1,21,1800  -,11.9,993,3.1,37.3,78.4,1.5
2017,21,1,21,1900  -,10.4,992.3,2,32.1,73.4,0.7
2017,21,1,21,2000  -,10.5,992.3,3.6,79,87.7,0
2017,21,1,21,2100  -,10.9,991.3,3.1,48.8,83.7,-0.2
2017,21,1,21,2200,-9.1,990.7,3,56.1,83.6,-0.3
2017,21,1,21,2300,-9.3,990.6,3,38.2,83.8,-0.3
2017,22,1,22,0,-8.5,989.8,2.4,46.8,82.8,-0.1
2017,22,1,22,100,-7.8,989.6,3.4,48,79.2,0
2017,22,1,22,200,-7.1,989,3.2,36.4,75.6,-0.2
2017,22,1,22,300,-6.8,988,3.6,27.2,79.1,-0.3
2017,22,1,22,400,-6,986.9,2,42.9,73.6,-0.2
2017,22,1,22,500,-5.9,987,2.6,53.9,76.6,-0.3
2017,22,1,22,600,-5.9,985.9,1.2,97.3,75.4,0
2017,22,1,22,700,-5.9,985.9,1.3,127.3,72.5,0.2
2017,22,1,22,800,-5.3,984.8,1.9,15.1,74.5,-0.2
2017,22,1,22,900,-4.7,985,2.6,317.3,78.7,0.1
2017,22,1,22,1000,-4.7,984.1,2.9,333.6,80.6,0.5
2017,22,1,22,1100,-6.2,983.9,1,18.9,75.2,-0.3
2017,22,1,22,1200  -,11.1,983.2,2.6,27.4,83.3,0.6
2017,22,1,22,1300  -,11,983.5,3,29.9,76.4,1.5
2017,22,1,22,1400  -,12.2,983.4,2.9,27.7,77.7,1.6
2017,22,1,22,1500,-7.4,982.7,2.4,29,82.1,3.9
2017,22,1,22,1600,-7.8,982.5,1.4,76.7,84.1,2.2
2017,22,1,22,1700,-8.8,981.8,1.8,119.6,93.4,2.6
2017,22,1,22,1800,-6.1,981.4,2.1,321.9,84.3,0.9
2017,22,1,22,1900  4,44,982,0.9,65.6,79.1,0.4
2017,22,1,22,2000  4,44,982.2,1,27.9,73.9,-0.4
2017,22,1,22,2100,-6.2,982.3,1.7,78.7,75.9,0.1
2017,22,1,22,2200,-5.3,982,1.7,92.6,62.3,0.1
2017,22,1,22,2300,-4.6,982.4,1.3,92.5,63.5,0.1
2017,23,1,23,0,-4.6,982.3,1.8,70,73.1,0.4
2017,23,1,23,100,-4.3,982.8,2,42.6,72.5,0
2017,23,1,23,200,-3.5,983.2,1.8,35.6,67.5,-0.2
2017,23,1,23,300,-3.4,982.9,2.3,59.4,69.4,-0.1
2017,23,1,23,400,-3,983.1,1.8,47.6,70.6,-0.2
2017,23,1,23,500,-2.4,983.6,0.6,129.9,67.9,-0.2
2017,23,1,23,600,-3.4,984.2,1.2,46.2,69.6,-0.7
2017,23,1,23,700,-3.5,985.4,1.2,19.4,67.5,0
2017,23,1,23,800,-5.4,985.8,2.7,96.5,80.5,0.4
2017,23,1,23,900,-4.6,986.9,2.5,96.8,75.7,2.5
2017,23,1,23,1000,-6.2,987.7,2.2,22.2,77.1,2.3
2017,23,1,23,1100,-7.5,988.2,3,2.6,79,1.8
2017,23,1,23,1200,-7,988.7,1.6,14.4,68.8,3.9
2017,23,1,23,1300,-9.8,989.6,4.1,36.5,83.2,2.5
2017,23,1,23,1400  -,10.8,990.7,3.2,28,81.6,0.6
2017,23,1,23,1500,-6.4,991.4,2.1,33.4,76.1,0.5
2017,23,1,23,1600,-5.1,991.9,2.5,23,72,1.4
2017,23,1,23,1700,-4.7,991.9,2.3,43.6,69.7,1.5
2017,23,1,23,1800,-7.1,993.4,2.4,37.7,76.6,-0.3
2017,23,1,23,1900,-8.2,993.5,3,41.5,77.3,-0.1
2017,23,1,23,2000,-5.6,994.5,0.9,98.4,73.5,-1
2017,23,1,23,2100,-5.6,995,2,96.9,72.8,-0.2
2017,23,1,23,2200,-4.7,996.5,2.6,97.2,76.3,-0.2
2017,23,1,23,2300,-6.1,996.6,3.1,113.9,85,-0.2
2017,24,1,24,0,-3.6,998.3,1.3,86.9,79.7,0
2017,24,1,24,100,-3.2,998.8,1.8,219.3,68.3,-0.4
2017,24,1,24,200,-2.4,999.1,1.8,326.7,74.2,-1.2
2017,24,1,24,300,-2.3,1000,2.2,20.6,75.4,-1.7
2017,24,1,24,400,-2.2,1000.4,1.3,91.7,67.8,0
2017,24,1,24,500,-3.9,1000.5,5.6,333.1,79.7,-0.7
2017,24,1,24,600,-5,1001.4,4.6,7,79.9,-1.1
2017,24,1,24,700,-5.3,1002.4,5.4,26.7,74.6,-0.2
2017,24,1,24,800,-6.7,1002.7,5.2,23.6,80.1,-0.1
2017,24,1,24,900,-8.2,1002.8,4.5,19.7,81.9,-0.2
2017,24,1,24,1000,-9.1,1003,4.3,20.6,78.1,0
2017,24,1,24,1100,-9.9,1004,5.1,3,80.7,-0.4
2017,24,1,24,1200  -,10.4,1004.5,4.6,12,78.2,-0.1
2017,24,1,24,1300,-9.8,1004.5,3.9,18.3,79,-0.2
2017,24,1,24,1400,-7.7,1004.3,3.1,17.7,71.2,0.8
2017,24,1,24,1500,-9.4,1004.4,3,41.6,76.3,2.4
2017,24,1,24,1600  -,10.7,1003.9,2.8,39.3,81.9,2.5
2017,24,1,24,1700  -,11.4,1004.7,3.3,30.8,81.5,1.8
2017,24,1,24,1800  -,11.1,1004.4,3.5,29.8,79.3,0.8
2017,24,1,24,1900  -,10,1004.8,3.8,28.9,81.9,0.3
2017,24,1,24,2000,-9.9,1004.7,2.7,42.1,83.3,-0.1
2017,24,1,24,2100  -,10.4,1004.6,3,48.1,85.2,-0.2
2017,24,1,24,2200  -,10.2,1004.2,3,57,85.3,-0.2
2017,24,1,24,2300,-9.1,1004.2,2.9,52.7,82.7,-0.2
2017,25,1,25,0,-8.6,1003.4,3.3,58.7,82.5,0
2017,25,1,25,100,-7.6,1003.2,3,52.2,80,-0.1
2017,25,1,25,200,-7.3,1003.2,3.1,42.7,82.7,-0.3
2017,25,1,25,300,-6.8,1002.7,2.5,47.5,81,-0.2
2017,25,1,25,400,-6.9,1001.8,3.1,51,84.2,-0.2
2017,25,1,25,500,-6.8,1002.3,2.9,55.5,84.8,-0.2
2017,25,1,25,600,-7,1002.2,3.2,83.8,84.5,-0.1
2017,25,1,25,700,-7.8,1002.8,2.5,53.2,85.9,-0.1
2017,25,1,25,800,-8.5,1002.9,2.5,66.3,85.9,0.2
2017,25,1,25,900,-9.2,1002.9,2.2,57.8,85.9,1.3
2017,25,1,25,1000,-9.7,1002.8,3,36.4,87.5,1.6
2017,25,1,25,1100  -,10.6,1003.4,1.6,53.4,91.9,1.3
2017,25,1,25,1200  -,12.1,1002.9,2.3,67.5,94.8,2.2
2017,25,1,25,1300  -,15.4,1003.3,2.7,69.5,90,0.4
2017,25,1,25,1400  -,14.9,1003.1,2.4,58.3,84.7,0.7
2017,25,1,25,1500  -,14.1,1003.3,2.4,43.4,79.9,1.5
2017,25,1,25,1600  -,16.5,1002.3,3.7,76.2,84.5,0.5
2017,25,1,25,1700  -,13.2,1002.6,2.7,53.2,83.2,3.2
2017,25,1,25,1800  -,14.7,1003.5,2,34.2,72.7,-0.3
2017,25,1,25,1900,-6.9,1002.5,2.9,14.4,72,2.6
2017,25,1,25,2000,-7.2,1003,1.2,138.9,74,0.7
2017,25,1,25,2100,-4.5,1002.9,4.6,265.2,66.2,0.5
2017,25,1,25,2200,-5.5,1002.9,3.5,219.2,74,-0.1
2017,25,1,25,2300,-5.3,1003.3,3.7,221,79.9,-0.1
2017,26,1,26,0,-4.5,1003.2,2.9,177.3,77.5,0.1
2017,26,1,26,100,-4.2,1003.2,2.3,242.6,73.7,0.2
2017,26,1,26,200,-5,1002.7,2.3,77.8,78.1,0.1
2017,26,1,26,300,-4,1002.6,1.8,87.9,74.2,0.1
2017,26,1,26,400,-4.2,1002.7,2,73.7,77.7,0
2017,26,1,26,500,-5.1,1003,3.5,94.6,76,0
2017,26,1,26,600,-6,1003.2,1.6,20.6,81.5,-1.7
2017,26,1,26,700,-6.3,1003,1.2,60.1,85.6,0.5
2017,26,1,26,800,-6.3,1002.5,2.1,77.6,81.4,1.4
2017,26,1,26,900,-9.2,1002.5,3.4,77.9,85.8,1
2017,26,1,26,1000  -,10,1002.8,3.5,62.5,97,2.8
2017,26,1,26,1100  -,12,1002.9,4,81.3,94,0.8
2017,26,1,26,1200  -,12.7,1002.6,3.2,67.7,91.7,1.1
2017,26,1,26,1300  -,13.9,444,2.1,39.2,85.9,1.3
2017,26,1,26,1400  -,12.6,1001.9,3.3,42.3,84.6,2.9
2017,26,1,26,1500  -,12.5,1002.5,3.6,25.9,81.8,1.9
2017,26,1,26,1600  -,10.4,1002.5,2.9,21.2,84.5,3.5
2017,26,1,26,1700  -,12.1,1002.4,3.2,39.6,92,1.5
2017,26,1,26,1800  -,10.4,1002.3,2.8,33.1,75.9,1.5
2017,26,1,26,1900  -,10.4,1002.5,2.3,57.1,80.2,0.5
2017,26,1,26,2000  -,10.4,1001.9,3.1,69,78.5,0.4
2017,26,1,26,2100,-8.9,1001.7,3,48.6,74.7,0.3
2017,26,1,26,2200,-6.7,1002,2.4,57.5,72.3,0.2
2017,26,1,26,2300,-5.5,1002.4,1.8,33,63.4,0.3
2017,27,1,27,0,-5.3,1002.2,2.1,51.9,73.5,0.2
2017,27,1,27,100,-4.7,1002.2,2,56.4,72.9,0.5
2017,27,1,27,200,-3.6,1001.5,1.6,31.7,71.2,-0.6
2017,27,1,27,300,-3.8,1001.7,1.8,61.7,77.2,0
2017,27,1,27,400,-3.9,1001.8,1.9,56.3,79.9,-0.1
2017,27,1,27,500,-6.3,1001.7,5.3,99.5,87.6,-0.1
2017,27,1,27,600,-7.8,1002.2,5.2,109.5,88.3,0.1
2017,27,1,27,700,-8.3,1002.2,5.6,96.9,90,-0.2
2017,27,1,27,800,-8.7,1002.6,4.8,101.4,92,-0.1
2017,27,1,27,900,-8.8,1003,4.9,107.5,93.1,0
2017,27,1,27,1000,-9.7,1002.7,6.1,74.4,90,0.1
2017,27,1,27,1100,-9.2,1002.1,7.7,77.5,89.1,0.1
2017,27,1,27,1200,-8.3,1002.5,8.4,77.9,76.3,0.1
2017,27,1,27,1300,-8.1,1003,6.2,90.2,64.6,0.2
2017,27,1,27,1400,-8.7,1002.4,6.9,58.2,66.7,0.1
2017,27,1,27,1500  -,10.2,1003,7.2,52.6,72.7,0.1
2017,27,1,27,1600  -,11.9,1002.7,8.7,80,83.6,0
2017,27,1,27,1700  -,14.5,1003.8,6.6,70.3,87.5,0.1
2017,27,1,27,1800  -,13,1004,5.9,71.2,84.1,0.1
2017,27,1,27,1900  -,12.9,1003.3,6.9,71.7,83.2,0
2017,27,1,27,2000  -,12.4,1003.3,5.8,45.5,81.9,-0.1
2017,27,1,27,2100  -,11.7,1003.8,6.9,49.4,80.1,-0.1
2017,27,1,27,2200  -,11.9,1004.1,6.3,48.5,81,-0.2
2017,27,1,27,2300  -,11.5,1003.7,6.3,43.7,82.3,-0.1
2017,28,1,28,0000  -,10.9,1003.6,8.1,57.2,82.3,-0.1
2017,28,1,28,0100  -,11.9,1003.3,8.5,64.1,82.5,-0.1
2017,28,1,28,0200  -,12.3,1002.9,8.1,61.1,83.9,-0.1
2017,28,1,28,0300  -,11.8,1002.7,6.9,53.1,83.1,-0.2
2017,28,1,28,0400  -,11.4,1001.8,7,49.1,83.2,-0.1
2017,28,1,28,0500  -,10.7,1001.8,6.5,50.9,82.3,-0.1
2017,28,1,28,0600  -,10.2,1000.7,5.7,42.5,79.5,-0.1
2017,28,1,28,0700  -,10.3,1000.1,4.9,45.4,79.7,0
2017,28,1,28,0800  -,10.4,1000.2,1.8,82.2,76,0.4
2017,28,1,28,0900  -,11.8,999.4,1.5,44.5,76.9,0.5
2017,28,1,28,1000  -,10.2,998.4,2.5,40.9,72.7,2.7
2017,28,1,28,1100  -,11.6,997.9,1.9,54,80.4,3.4
2017,28,1,28,1200  -,11.2,997.7,0.9,93.3,77.6,3
2017,28,1,28,1300  -,15.3,996.6,3.9,62,80.1,2.7
2017,28,1,28,1400  -,16,996.2,3.5,34.1,79.5,2.1
2017,28,1,28,1500  -,12.9,995.5,2.7,32.7,75.3,0.4
2017,28,1,28,1600  -,11.8,995.6,2.8,68.5,73.3,0.1
2017,28,1,28,1700  -,10.7,994.9,2.8,47.7,74.1,0
2017,28,1,28,1800,-9.7,994.1,2.6,31.8,71.8,0.3
2017,28,1,28,1900,-6.3,994.5,2.9,356.5,75.2,0.4
2017,28,1,28,2000  4,44,993.5,0.2,204.6,60.2,-0.3
2017,28,1,28,2100  4,44,992.9,0.1,326.2,55.8,0.7
2017,28,1,28,2200,-8.3,993.1,1.8,50.5,68.2,-0.1
2017,28,1,28,2300,-7.8,992.7,1.9,45.2,67,-0.6
2017,29,1,29,0,-7.2,991.5,2.5,51.1,67.6,0.2
2017,29,1,29,100,-6.5,990.8,2.1,23.3,65.3,-0.6
2017,29,1,29,200,-4.6,990.7,0.7,63.8,56.1,0.5
2017,29,1,29,300,-5.5,990.2,1.4,36.1,59.7,-0.3
2017,29,1,29,400,-5.4,989.3,1.6,67.6,66.8,0
2017,29,1,29,500,-6,988.3,2.4,91,74.4,0
2017,29,1,29,600,-6.5,988.4,2.7,44.3,70.9,-0.3
2017,29,1,29,700,-7.8,987.7,3,46.8,71,0
2017,29,1,29,800,-9.1,986.6,2.3,62.7,75,0.3
2017,29,1,29,900,-9.5,987.2,3.5,37.8,69.6,1.1
2017,29,1,29,1000  -,10,986.4,3.7,50.4,67,1.2
2017,29,1,29,1100  -,11.5,986.8,3.6,41,76.1,0.8
2017,29,1,29,1200  -,10.5,986.6,3,40.2,75.8,2.5
2017,29,1,29,1300  -,11.6,985.6,1.7,81.1,82.4,1.2
2017,29,1,29,1400  -,10.7,985.4,1.9,105,86.1,3.8
2017,29,1,29,1500  -,14.5,985.2,3,49.2,85.2,2
2017,29,1,29,1600  -,14.7,985.7,3.9,34.6,93.4,1.8
2017,29,1,29,1700  -,13.6,985.3,1.8,47.2,88.9,0.4
2017,29,1,29,1800  -,10.4,985.2,2.8,32.8,92.3,0
2017,29,1,29,1900,-9.2,985.5,1.9,28.4,85.3,-0.7
2017,29,1,29,2000,-8.5,986,2.1,29.7,85.6,-0.3
2017,29,1,29,2100,-7.3,985.7,2,54.5,82,-0.1
2017,29,1,29,2200,-5.7,986,2.2,34.1,79.5,-0.2
2017,29,1,29,2300,-5,986.5,2.2,30.3,78.4,-0.3
2017,30,1,30,0,-4,986.6,2.1,32.5,69.1,-0.4
2017,30,1,30,100,-3.6,987,3,55.4,70.5,-0.1
2017,30,1,30,200,-3.3,987.4,3.1,44.4,66.5,-0.2
2017,30,1,30,300,-4.4,987.3,2.6,29.3,73.9,-0.4
2017,30,1,30,400,-5,988.2,2.1,30.4,75.4,-0.5
2017,30,1,30,500,-4.9,988,1.6,48.4,75.4,-0.3
2017,30,1,30,600,-5.7,989.1,2,86.8,79,0
2017,30,1,30,700,-5,989,2.3,85.4,78.2,0.3
2017,30,1,30,800,-6.5,990.7,4.6,101.3,81.2,0.1
2017,30,1,30,900,-8.2,990.6,2.7,60.3,84.3,0.2
2017,30,1,30,1000,-7.8,991,3.3,53.2,64.5,0.3
2017,30,1,30,1100  -,10.2,992.6,3.6,24.5,73.7,2.1
2017,30,1,30,1200,-9.8,992.6,2.2,21.2,81.5,4.5
2017,30,1,30,1300  -,11,993.7,3.6,19.7,77.4,2.6
2017,30,1,30,1400  -,12.9,994.1,3.9,26.7,85.2,2
2017,30,1,30,1500  -,13.9,993.7,4.4,33.9,84,2.3
2017,30,1,30,1600  -,13.5,995.1,4.1,31.8,79.3,0.6
2017,30,1,30,1700  -,14.3,994.9,4.1,22.9,82.2,0.4
2017,30,1,30,1800  -,13.2,996.4,2.7,19.8,75.8,-0.2
2017,30,1,30,1900  -,12.5,996.8,3.1,11.5,76.9,0.3
2017,30,1,30,2000  -,13.1,997,4.9,13.7,77,-0.5
2017,30,1,30,2100  -,12.5,997.7,3.6,20.2,75.9,-0.5
2017,30,1,30,2200  -,11.4,998.6,4.7,28,72.2,-0.3
2017,30,1,30,2300  -,11.3,998.5,5.4,46.2,74.7,-0.1
2017,31,1,31,0000  -,10.3,998.6,7,76.3,70.1,0.1
2017,31,1,31,0100  -,10.1,999.1,6.4,89.7,70.1,0
2017,31,1,31,0200  -,10.3,999.1,6.8,81.6,74,0
2017,31,1,31,300,-9.7,998.9,7.3,80.4,71.6,0
2017,31,1,31,400,-9.6,999.4,7.5,67.5,70.8,0
2017,31,1,31,500,-9.7,999.8,7.2,66.9,70.5,0
2017,31,1,31,0600  -,10.3,1000.1,6.1,66.5,74.6,0
2017,31,1,31,0700  -,11,1001.4,6.7,64.3,77.3,0
2017,31,1,31,0800  -,12.1,1001.2,6.5,77.5,76.8,0.1
2017,31,1,31,0900  -,13.6,1001.8,7.3,80.4,79.3,0.1
2017,31,1,31,1000  -,14.5,1002.7,5.1,41.2,79,0
2017,31,1,31,1100  -,16.1,1002.8,4.6,33.1,79.7,0.2
2017,31,1,31,1200  -,17,1002.3,3.9,46.5,78.3,0.3
2017,31,1,31,1300  -,17.3,1002.9,3,30.9,78.1,0.3
2017,31,1,31,1400  -,16.2,1003,3.4,50.9,77.9,0.9
2017,31,1,31,1500  -,18.7,1003,4,32.5,80.7,0.6
2017,31,1,31,1600  -,17.2,444,3.5,71.6,80.9,1.6
2017,31,1,31,1700  -,16.3,1003.3,3.4,79.4,81.4,0.9
2017,31,1,31,1800  -,16.3,1003.5,3,34.7,80.2,0.3
2017,31,1,31,1900  -,16.2,1003.7,3.9,63.9,81.3,0.3
2017,31,1,31,2000  -,16.6,1003.6,4.3,64.2,83.3,0
2017,31,1,31,2100  -,16.4,1003.3,3.6,47.5,81.5,-0.2
2017,31,1,31,2200  -,15.9,1003.4,2.6,26.1,78.1,-1
2017,31,1,31,2300  -,15.1,1003.4,3.2,36.3,79,-0.3